framework_id,jurisdiction,chemical_domain,framework,verification_tier,source_review_status,envirochem_module,official_url
INT-001,United Nations,Classification and labelling,"Globally Harmonized System of Classification and Labelling of Chemicals (GHS), Rev.11",A,implementation_note_curated_source_deep_read_pending,classification_labelling,https://unece.org/transport/dangerous-goods/ghs-rev11-2025
INT-001,United Nations,Classification and labelling,"Globally Harmonized System of Classification and Labelling of Chemicals (GHS), Rev.11",A,implementation_note_curated_source_deep_read_pending,regulatory_navigator,https://unece.org/transport/dangerous-goods/ghs-rev11-2025
INT-001,United Nations,Classification and labelling,"Globally Harmonized System of Classification and Labelling of Chemicals (GHS), Rev.11",A,implementation_note_curated_source_deep_read_pending,sds,https://unece.org/transport/dangerous-goods/ghs-rev11-2025
INT-001,United Nations,Classification and labelling,"Globally Harmonized System of Classification and Labelling of Chemicals (GHS), Rev.11",A,implementation_note_curated_source_deep_read_pending,source_provenance,https://unece.org/transport/dangerous-goods/ghs-rev11-2025
INT-002,OECD,Industrial chemicals; pesticides; biocides; nanomaterials,OECD Guidelines for the Testing of Chemicals,A,official_source_reviewed,applicability_warnings,https://www.oecd.org/en/topics/sub-issues/testing-of-chemicals/test-guidelines.html
INT-002,OECD,Industrial chemicals; pesticides; biocides; nanomaterials,OECD Guidelines for the Testing of Chemicals,A,official_source_reviewed,application_scenario,https://www.oecd.org/en/topics/sub-issues/testing-of-chemicals/test-guidelines.html
INT-002,OECD,Industrial chemicals; pesticides; biocides; nanomaterials,OECD Guidelines for the Testing of Chemicals,A,official_source_reviewed,ecotox,https://www.oecd.org/en/topics/sub-issues/testing-of-chemicals/test-guidelines.html
INT-002,OECD,Industrial chemicals; pesticides; biocides; nanomaterials,OECD Guidelines for the Testing of Chemicals,A,official_source_reviewed,environmental_exposure,https://www.oecd.org/en/topics/sub-issues/testing-of-chemicals/test-guidelines.html
INT-002,OECD,Industrial chemicals; pesticides; biocides; nanomaterials,OECD Guidelines for the Testing of Chemicals,A,official_source_reviewed,groundwater,https://www.oecd.org/en/topics/sub-issues/testing-of-chemicals/test-guidelines.html
INT-002,OECD,Industrial chemicals; pesticides; biocides; nanomaterials,OECD Guidelines for the Testing of Chemicals,A,official_source_reviewed,identity_resolution,https://www.oecd.org/en/topics/sub-issues/testing-of-chemicals/test-guidelines.html
INT-002,OECD,Industrial chemicals; pesticides; biocides; nanomaterials,OECD Guidelines for the Testing of Chemicals,A,official_source_reviewed,model_orchestration,https://www.oecd.org/en/topics/sub-issues/testing-of-chemicals/test-guidelines.html
INT-002,OECD,Industrial chemicals; pesticides; biocides; nanomaterials,OECD Guidelines for the Testing of Chemicals,A,official_source_reviewed,nano_ruleset,https://www.oecd.org/en/topics/sub-issues/testing-of-chemicals/test-guidelines.html
INT-002,OECD,Industrial chemicals; pesticides; biocides; nanomaterials,OECD Guidelines for the Testing of Chemicals,A,official_source_reviewed,particle_properties,https://www.oecd.org/en/topics/sub-issues/testing-of-chemicals/test-guidelines.html
INT-002,OECD,Industrial chemicals; pesticides; biocides; nanomaterials,OECD Guidelines for the Testing of Chemicals,A,official_source_reviewed,property_evidence,https://www.oecd.org/en/topics/sub-issues/testing-of-chemicals/test-guidelines.html
INT-002,OECD,Industrial chemicals; pesticides; biocides; nanomaterials,OECD Guidelines for the Testing of Chemicals,A,official_source_reviewed,regulatory_navigator,https://www.oecd.org/en/topics/sub-issues/testing-of-chemicals/test-guidelines.html
INT-002,OECD,Industrial chemicals; pesticides; biocides; nanomaterials,OECD Guidelines for the Testing of Chemicals,A,official_source_reviewed,risk_report,https://www.oecd.org/en/topics/sub-issues/testing-of-chemicals/test-guidelines.html
INT-002,OECD,Industrial chemicals; pesticides; biocides; nanomaterials,OECD Guidelines for the Testing of Chemicals,A,official_source_reviewed,sediment,https://www.oecd.org/en/topics/sub-issues/testing-of-chemicals/test-guidelines.html
INT-002,OECD,Industrial chemicals; pesticides; biocides; nanomaterials,OECD Guidelines for the Testing of Chemicals,A,official_source_reviewed,simpletreat,https://www.oecd.org/en/topics/sub-issues/testing-of-chemicals/test-guidelines.html
INT-002,OECD,Industrial chemicals; pesticides; biocides; nanomaterials,OECD Guidelines for the Testing of Chemicals,A,official_source_reviewed,source_provenance,https://www.oecd.org/en/topics/sub-issues/testing-of-chemicals/test-guidelines.html
INT-002,OECD,Industrial chemicals; pesticides; biocides; nanomaterials,OECD Guidelines for the Testing of Chemicals,A,official_source_reviewed,surface_water,https://www.oecd.org/en/topics/sub-issues/testing-of-chemicals/test-guidelines.html
INT-002,OECD,Industrial chemicals; pesticides; biocides; nanomaterials,OECD Guidelines for the Testing of Chemicals,A,official_source_reviewed,use_scenario,https://www.oecd.org/en/topics/sub-issues/testing-of-chemicals/test-guidelines.html
INT-003,OECD,Cross-cutting assessment,OECD Series on Testing and Assessment / Guidance Documents,A,implementation_note_curated_source_deep_read_pending,regulatory_navigator,https://www.oecd.org/en/topics/sub-issues/testing-of-chemicals/publications-on-testing-and-assessment-of-chemicals.html
INT-003,OECD,Cross-cutting assessment,OECD Series on Testing and Assessment / Guidance Documents,A,implementation_note_curated_source_deep_read_pending,source_provenance,https://www.oecd.org/en/topics/sub-issues/testing-of-chemicals/publications-on-testing-and-assessment-of-chemicals.html
INT-004,OECD,GLP and test acceptance,Mutual Acceptance of Data (MAD) and OECD Principles of GLP,A,implementation_note_curated_source_deep_read_pending,evidence_engine,https://www.oecd.org/en/topics/sub-issues/good-laboratory-practice-and-compliance-monitoring.html
INT-004,OECD,GLP and test acceptance,Mutual Acceptance of Data (MAD) and OECD Principles of GLP,A,implementation_note_curated_source_deep_read_pending,glp_status,https://www.oecd.org/en/topics/sub-issues/good-laboratory-practice-and-compliance-monitoring.html
INT-004,OECD,GLP and test acceptance,Mutual Acceptance of Data (MAD) and OECD Principles of GLP,A,implementation_note_curated_source_deep_read_pending,regulatory_navigator,https://www.oecd.org/en/topics/sub-issues/good-laboratory-practice-and-compliance-monitoring.html
INT-004,OECD,GLP and test acceptance,Mutual Acceptance of Data (MAD) and OECD Principles of GLP,A,implementation_note_curated_source_deep_read_pending,source_provenance,https://www.oecd.org/en/topics/sub-issues/good-laboratory-practice-and-compliance-monitoring.html
INT-004,OECD,GLP and test acceptance,Mutual Acceptance of Data (MAD) and OECD Principles of GLP,A,implementation_note_curated_source_deep_read_pending,study_reliability,https://www.oecd.org/en/topics/sub-issues/good-laboratory-practice-and-compliance-monitoring.html
INT-005,OECD,Chemical information,eChemPortal,A,implementation_note_curated_source_deep_read_pending,regulatory_navigator,https://www.echemportal.org/echemportal/
INT-005,OECD,Chemical information,eChemPortal,A,implementation_note_curated_source_deep_read_pending,source_provenance,https://www.echemportal.org/echemportal/
INT-006,OECD,Alternative methods,OECD QSAR Toolbox,A,implementation_note_curated_source_deep_read_pending,applicability_domain,https://qsartoolbox.org/
INT-006,OECD,Alternative methods,OECD QSAR Toolbox,A,implementation_note_curated_source_deep_read_pending,predicted_data,https://qsartoolbox.org/
INT-006,OECD,Alternative methods,OECD QSAR Toolbox,A,implementation_note_curated_source_deep_read_pending,read_across,https://qsartoolbox.org/
INT-006,OECD,Alternative methods,OECD QSAR Toolbox,A,implementation_note_curated_source_deep_read_pending,regulatory_navigator,https://qsartoolbox.org/
INT-006,OECD,Alternative methods,OECD QSAR Toolbox,A,implementation_note_curated_source_deep_read_pending,source_provenance,https://qsartoolbox.org/
INT-007,WHO,Human health,"WHO Human Health Risk Assessment Toolkit: Chemical Hazards, 2nd edition",A,official_source_reviewed,regulatory_navigator,https://www.who.int/publications/i/item/9789240035720
INT-007,WHO,Human health,"WHO Human Health Risk Assessment Toolkit: Chemical Hazards, 2nd edition",A,official_source_reviewed,source_provenance,https://www.who.int/publications/i/item/9789240035720
INT-008,WHO / FAO,Food chemicals,EHC 240: Principles and Methods for the Risk Assessment of Chemicals in Food,A,official_source_registered_source_deep_read_pending,regulatory_navigator,https://www.who.int/publications/i/item/9789241572408
INT-008,WHO / FAO,Food chemicals,EHC 240: Principles and Methods for the Risk Assessment of Chemicals in Food,A,official_source_registered_source_deep_read_pending,source_provenance,https://www.who.int/publications/i/item/9789241572408
INT-009,WHO,Human health,IPCS Harmonization Project guidance and terminology,A,official_source_registered_source_deep_read_pending,regulatory_navigator,https://www.who.int/teams/environment-climate-change-and-health/chemical-safety-and-health/health-impacts/chemical-risk-assessment
INT-009,WHO,Human health,IPCS Harmonization Project guidance and terminology,A,official_source_registered_source_deep_read_pending,source_provenance,https://www.who.int/teams/environment-climate-change-and-health/chemical-safety-and-health/health-impacts/chemical-risk-assessment
INT-010,WHO,Carcinogenicity,IARC Monographs and Preamble,A,official_source_registered_source_deep_read_pending,regulatory_navigator,https://monographs.iarc.who.int/iarc-monographs-preamble-preamble-to-the-iarc-monographs/
INT-010,WHO,Carcinogenicity,IARC Monographs and Preamble,A,official_source_registered_source_deep_read_pending,source_provenance,https://monographs.iarc.who.int/iarc-monographs-preamble-preamble-to-the-iarc-monographs/
INT-011,FAO,Pesticides,FAO Pesticide Registration Toolkit,A,official_source_reviewed,application_scenario,https://www.fao.org/pesticide-registration-toolkit/en/
INT-011,FAO,Pesticides,FAO Pesticide Registration Toolkit,A,official_source_reviewed,ecotox,https://www.fao.org/pesticide-registration-toolkit/en/
INT-011,FAO,Pesticides,FAO Pesticide Registration Toolkit,A,official_source_reviewed,groundwater,https://www.fao.org/pesticide-registration-toolkit/en/
INT-011,FAO,Pesticides,FAO Pesticide Registration Toolkit,A,official_source_reviewed,model_orchestration,https://www.fao.org/pesticide-registration-toolkit/en/
INT-011,FAO,Pesticides,FAO Pesticide Registration Toolkit,A,official_source_reviewed,regulatory_navigator,https://www.fao.org/pesticide-registration-toolkit/en/
INT-011,FAO,Pesticides,FAO Pesticide Registration Toolkit,A,official_source_reviewed,sediment,https://www.fao.org/pesticide-registration-toolkit/en/
INT-011,FAO,Pesticides,FAO Pesticide Registration Toolkit,A,official_source_reviewed,source_provenance,https://www.fao.org/pesticide-registration-toolkit/en/
INT-011,FAO,Pesticides,FAO Pesticide Registration Toolkit,A,official_source_reviewed,surface_water,https://www.fao.org/pesticide-registration-toolkit/en/
INT-012,FAO / WHO,Pesticide residues in food,"JMPR guidance, reports and evaluations",A,official_source_registered_source_deep_read_pending,application_scenario,https://www.fao.org/agriculture/crops/thematic-sitemap/theme/pests/jmpr/en/
INT-012,FAO / WHO,Pesticide residues in food,"JMPR guidance, reports and evaluations",A,official_source_registered_source_deep_read_pending,ecotox,https://www.fao.org/agriculture/crops/thematic-sitemap/theme/pests/jmpr/en/
INT-012,FAO / WHO,Pesticide residues in food,"JMPR guidance, reports and evaluations",A,official_source_registered_source_deep_read_pending,groundwater,https://www.fao.org/agriculture/crops/thematic-sitemap/theme/pests/jmpr/en/
INT-012,FAO / WHO,Pesticide residues in food,"JMPR guidance, reports and evaluations",A,official_source_registered_source_deep_read_pending,model_orchestration,https://www.fao.org/agriculture/crops/thematic-sitemap/theme/pests/jmpr/en/
INT-012,FAO / WHO,Pesticide residues in food,"JMPR guidance, reports and evaluations",A,official_source_registered_source_deep_read_pending,regulatory_navigator,https://www.fao.org/agriculture/crops/thematic-sitemap/theme/pests/jmpr/en/
INT-012,FAO / WHO,Pesticide residues in food,"JMPR guidance, reports and evaluations",A,official_source_registered_source_deep_read_pending,sediment,https://www.fao.org/agriculture/crops/thematic-sitemap/theme/pests/jmpr/en/
INT-012,FAO / WHO,Pesticide residues in food,"JMPR guidance, reports and evaluations",A,official_source_registered_source_deep_read_pending,source_provenance,https://www.fao.org/agriculture/crops/thematic-sitemap/theme/pests/jmpr/en/
INT-012,FAO / WHO,Pesticide residues in food,"JMPR guidance, reports and evaluations",A,official_source_registered_source_deep_read_pending,surface_water,https://www.fao.org/agriculture/crops/thematic-sitemap/theme/pests/jmpr/en/
INT-013,FAO / WHO,"Food additives, contaminants and veterinary drug residues","JECFA methods, reports and database",A,official_source_registered_source_deep_read_pending,regulatory_navigator,https://www.who.int/groups/joint-fao-who-expert-committee-on-food-additives-(jecfa)
INT-013,FAO / WHO,"Food additives, contaminants and veterinary drug residues","JECFA methods, reports and database",A,official_source_registered_source_deep_read_pending,source_provenance,https://www.who.int/groups/joint-fao-who-expert-committee-on-food-additives-(jecfa)
INT-014,FAO / WHO,Food and feed,Codex Procedural Manual and risk-analysis principles,A,official_source_registered_source_deep_read_pending,regulatory_navigator,https://www.fao.org/fao-who-codexalimentarius/publications/en/
INT-014,FAO / WHO,Food and feed,Codex Procedural Manual and risk-analysis principles,A,official_source_registered_source_deep_read_pending,source_provenance,https://www.fao.org/fao-who-codexalimentarius/publications/en/
INT-015,WHO,Drinking water,Guidelines for Drinking-water Quality,A,official_source_registered_source_deep_read_pending,regulatory_navigator,https://www.who.int/publications/i/item/9789241549950
INT-015,WHO,Drinking water,Guidelines for Drinking-water Quality,A,official_source_registered_source_deep_read_pending,source_provenance,https://www.who.int/publications/i/item/9789241549950
INT-016,WHO,Air pollutants,WHO Global Air Quality Guidelines,A,official_source_registered_source_deep_read_pending,regulatory_navigator,https://www.who.int/publications/i/item/9789240034228
INT-016,WHO,Air pollutants,WHO Global Air Quality Guidelines,A,official_source_registered_source_deep_read_pending,source_provenance,https://www.who.int/publications/i/item/9789240034228
INT-017,IOMC,National chemicals management,IOMC Toolbox for Decision Making in Chemicals Management,A,official_source_registered_source_deep_read_pending,regulatory_navigator,https://iomctoolbox.org/
INT-017,IOMC,National chemicals management,IOMC Toolbox for Decision Making in Chemicals Management,A,official_source_registered_source_deep_read_pending,source_provenance,https://iomctoolbox.org/
INT-018,UNEP / GFC partners,Lifecycle chemicals management,Global Framework on Chemicals - For a Planet Free of Harm from Chemicals and Waste,A,official_source_registered_source_deep_read_pending,regulatory_navigator,https://www.chemicalsframework.org/
INT-018,UNEP / GFC partners,Lifecycle chemicals management,Global Framework on Chemicals - For a Planet Free of Harm from Chemicals and Waste,A,official_source_registered_source_deep_read_pending,source_provenance,https://www.chemicalsframework.org/
INT-019,UN treaty,Persistent organic pollutants,Convention guidance and POPs review/evaluation documents,A,official_source_registered_source_deep_read_pending,bioaccumulation,https://www.pops.int/
INT-019,UN treaty,Persistent organic pollutants,Convention guidance and POPs review/evaluation documents,A,official_source_registered_source_deep_read_pending,mobility,https://www.pops.int/
INT-019,UN treaty,Persistent organic pollutants,Convention guidance and POPs review/evaluation documents,A,official_source_registered_source_deep_read_pending,pbt_pmt_screen,https://www.pops.int/
INT-019,UN treaty,Persistent organic pollutants,Convention guidance and POPs review/evaluation documents,A,official_source_registered_source_deep_read_pending,persistence,https://www.pops.int/
INT-019,UN treaty,Persistent organic pollutants,Convention guidance and POPs review/evaluation documents,A,official_source_registered_source_deep_read_pending,regulatory_navigator,https://www.pops.int/
INT-019,UN treaty,Persistent organic pollutants,Convention guidance and POPs review/evaluation documents,A,official_source_registered_source_deep_read_pending,source_provenance,https://www.pops.int/
INT-020,UN treaty,Hazardous chemicals and pesticides in trade,Decision guidance documents and prior informed consent procedure,A,official_source_registered_source_deep_read_pending,application_scenario,https://www.pic.int/
INT-020,UN treaty,Hazardous chemicals and pesticides in trade,Decision guidance documents and prior informed consent procedure,A,official_source_registered_source_deep_read_pending,ecotox,https://www.pic.int/
INT-020,UN treaty,Hazardous chemicals and pesticides in trade,Decision guidance documents and prior informed consent procedure,A,official_source_registered_source_deep_read_pending,groundwater,https://www.pic.int/
INT-020,UN treaty,Hazardous chemicals and pesticides in trade,Decision guidance documents and prior informed consent procedure,A,official_source_registered_source_deep_read_pending,model_orchestration,https://www.pic.int/
INT-020,UN treaty,Hazardous chemicals and pesticides in trade,Decision guidance documents and prior informed consent procedure,A,official_source_registered_source_deep_read_pending,regulatory_navigator,https://www.pic.int/
INT-020,UN treaty,Hazardous chemicals and pesticides in trade,Decision guidance documents and prior informed consent procedure,A,official_source_registered_source_deep_read_pending,sediment,https://www.pic.int/
INT-020,UN treaty,Hazardous chemicals and pesticides in trade,Decision guidance documents and prior informed consent procedure,A,official_source_registered_source_deep_read_pending,source_provenance,https://www.pic.int/
INT-020,UN treaty,Hazardous chemicals and pesticides in trade,Decision guidance documents and prior informed consent procedure,A,official_source_registered_source_deep_read_pending,surface_water,https://www.pic.int/
INT-021,UN treaty,Hazardous waste,Technical guidelines under the Basel Convention,A,official_source_registered_source_deep_read_pending,regulatory_navigator,https://www.basel.int/Implementation/TechnicalMatters/DevelopmentofTechnicalGuidelines/Overview/tabid/2374/Default.aspx
INT-021,UN treaty,Hazardous waste,Technical guidelines under the Basel Convention,A,official_source_registered_source_deep_read_pending,source_provenance,https://www.basel.int/Implementation/TechnicalMatters/DevelopmentofTechnicalGuidelines/Overview/tabid/2374/Default.aspx
INT-022,UN treaty,Mercury,Minamata Convention guidance documents,A,official_source_registered_source_deep_read_pending,applicability_domain,https://minamataconvention.org/en/resources/guidance-documents
INT-022,UN treaty,Mercury,Minamata Convention guidance documents,A,official_source_registered_source_deep_read_pending,predicted_data,https://minamataconvention.org/en/resources/guidance-documents
INT-022,UN treaty,Mercury,Minamata Convention guidance documents,A,official_source_registered_source_deep_read_pending,read_across,https://minamataconvention.org/en/resources/guidance-documents
INT-022,UN treaty,Mercury,Minamata Convention guidance documents,A,official_source_registered_source_deep_read_pending,regulatory_navigator,https://minamataconvention.org/en/resources/guidance-documents
INT-022,UN treaty,Mercury,Minamata Convention guidance documents,A,official_source_registered_source_deep_read_pending,source_provenance,https://minamataconvention.org/en/resources/guidance-documents
INT-023,VICH,Veterinary pharmaceuticals,VICH GL6: Environmental Impact Assessment Phase I,A,implementation_note_curated_source_deep_read_pending,metabolism_excretion,https://vichsec.org/en/guidelines/pharmaceuticals/pharma-safety/environmental-safety/gl6.html
INT-023,VICH,Veterinary pharmaceuticals,VICH GL6: Environmental Impact Assessment Phase I,A,implementation_note_curated_source_deep_read_pending,pnec,https://vichsec.org/en/guidelines/pharmaceuticals/pharma-safety/environmental-safety/gl6.html
INT-023,VICH,Veterinary pharmaceuticals,VICH GL6: Environmental Impact Assessment Phase I,A,implementation_note_curated_source_deep_read_pending,regulatory_navigator,https://vichsec.org/en/guidelines/pharmaceuticals/pharma-safety/environmental-safety/gl6.html
INT-023,VICH,Veterinary pharmaceuticals,VICH GL6: Environmental Impact Assessment Phase I,A,implementation_note_curated_source_deep_read_pending,simpletreat,https://vichsec.org/en/guidelines/pharmaceuticals/pharma-safety/environmental-safety/gl6.html
INT-023,VICH,Veterinary pharmaceuticals,VICH GL6: Environmental Impact Assessment Phase I,A,implementation_note_curated_source_deep_read_pending,soil,https://vichsec.org/en/guidelines/pharmaceuticals/pharma-safety/environmental-safety/gl6.html
INT-023,VICH,Veterinary pharmaceuticals,VICH GL6: Environmental Impact Assessment Phase I,A,implementation_note_curated_source_deep_read_pending,source_provenance,https://vichsec.org/en/guidelines/pharmaceuticals/pharma-safety/environmental-safety/gl6.html
INT-023,VICH,Veterinary pharmaceuticals,VICH GL6: Environmental Impact Assessment Phase I,A,implementation_note_curated_source_deep_read_pending,spc_emissions,https://vichsec.org/en/guidelines/pharmaceuticals/pharma-safety/environmental-safety/gl6.html
INT-023,VICH,Veterinary pharmaceuticals,VICH GL6: Environmental Impact Assessment Phase I,A,implementation_note_curated_source_deep_read_pending,surface_water,https://vichsec.org/en/guidelines/pharmaceuticals/pharma-safety/environmental-safety/gl6.html
INT-024,VICH,Veterinary pharmaceuticals,VICH GL38: Environmental Impact Assessment Phase II,A,implementation_note_curated_source_deep_read_pending,metabolism_excretion,https://vichsec.org/en/guidelines/pharmaceuticals/pharma-safety/environmental-safety/gl38.html
INT-024,VICH,Veterinary pharmaceuticals,VICH GL38: Environmental Impact Assessment Phase II,A,implementation_note_curated_source_deep_read_pending,pnec,https://vichsec.org/en/guidelines/pharmaceuticals/pharma-safety/environmental-safety/gl38.html
INT-024,VICH,Veterinary pharmaceuticals,VICH GL38: Environmental Impact Assessment Phase II,A,implementation_note_curated_source_deep_read_pending,regulatory_navigator,https://vichsec.org/en/guidelines/pharmaceuticals/pharma-safety/environmental-safety/gl38.html
INT-024,VICH,Veterinary pharmaceuticals,VICH GL38: Environmental Impact Assessment Phase II,A,implementation_note_curated_source_deep_read_pending,simpletreat,https://vichsec.org/en/guidelines/pharmaceuticals/pharma-safety/environmental-safety/gl38.html
INT-024,VICH,Veterinary pharmaceuticals,VICH GL38: Environmental Impact Assessment Phase II,A,implementation_note_curated_source_deep_read_pending,soil,https://vichsec.org/en/guidelines/pharmaceuticals/pharma-safety/environmental-safety/gl38.html
INT-024,VICH,Veterinary pharmaceuticals,VICH GL38: Environmental Impact Assessment Phase II,A,implementation_note_curated_source_deep_read_pending,source_provenance,https://vichsec.org/en/guidelines/pharmaceuticals/pharma-safety/environmental-safety/gl38.html
INT-024,VICH,Veterinary pharmaceuticals,VICH GL38: Environmental Impact Assessment Phase II,A,implementation_note_curated_source_deep_read_pending,spc_emissions,https://vichsec.org/en/guidelines/pharmaceuticals/pharma-safety/environmental-safety/gl38.html
INT-024,VICH,Veterinary pharmaceuticals,VICH GL38: Environmental Impact Assessment Phase II,A,implementation_note_curated_source_deep_read_pending,surface_water,https://vichsec.org/en/guidelines/pharmaceuticals/pharma-safety/environmental-safety/gl38.html
INT-025,ICH,Pharmaceutical quality,ICH Q9(R1) Quality Risk Management,A,official_source_registered_source_deep_read_pending,metabolism_excretion,https://www.ich.org/page/quality-guidelines
INT-025,ICH,Pharmaceutical quality,ICH Q9(R1) Quality Risk Management,A,official_source_registered_source_deep_read_pending,pnec,https://www.ich.org/page/quality-guidelines
INT-025,ICH,Pharmaceutical quality,ICH Q9(R1) Quality Risk Management,A,official_source_registered_source_deep_read_pending,regulatory_navigator,https://www.ich.org/page/quality-guidelines
INT-025,ICH,Pharmaceutical quality,ICH Q9(R1) Quality Risk Management,A,official_source_registered_source_deep_read_pending,simpletreat,https://www.ich.org/page/quality-guidelines
INT-025,ICH,Pharmaceutical quality,ICH Q9(R1) Quality Risk Management,A,official_source_registered_source_deep_read_pending,soil,https://www.ich.org/page/quality-guidelines
INT-025,ICH,Pharmaceutical quality,ICH Q9(R1) Quality Risk Management,A,official_source_registered_source_deep_read_pending,source_provenance,https://www.ich.org/page/quality-guidelines
INT-025,ICH,Pharmaceutical quality,ICH Q9(R1) Quality Risk Management,A,official_source_registered_source_deep_read_pending,spc_emissions,https://www.ich.org/page/quality-guidelines
INT-025,ICH,Pharmaceutical quality,ICH Q9(R1) Quality Risk Management,A,official_source_registered_source_deep_read_pending,surface_water,https://www.ich.org/page/quality-guidelines
INT-026,ICH,Pharmaceutical impurities,ICH Q3C: Residual Solvents,A,official_source_registered_source_deep_read_pending,metabolism_excretion,https://www.ich.org/page/quality-guidelines
INT-026,ICH,Pharmaceutical impurities,ICH Q3C: Residual Solvents,A,official_source_registered_source_deep_read_pending,pnec,https://www.ich.org/page/quality-guidelines
INT-026,ICH,Pharmaceutical impurities,ICH Q3C: Residual Solvents,A,official_source_registered_source_deep_read_pending,regulatory_navigator,https://www.ich.org/page/quality-guidelines
INT-026,ICH,Pharmaceutical impurities,ICH Q3C: Residual Solvents,A,official_source_registered_source_deep_read_pending,simpletreat,https://www.ich.org/page/quality-guidelines
INT-026,ICH,Pharmaceutical impurities,ICH Q3C: Residual Solvents,A,official_source_registered_source_deep_read_pending,soil,https://www.ich.org/page/quality-guidelines
INT-026,ICH,Pharmaceutical impurities,ICH Q3C: Residual Solvents,A,official_source_registered_source_deep_read_pending,source_provenance,https://www.ich.org/page/quality-guidelines
INT-026,ICH,Pharmaceutical impurities,ICH Q3C: Residual Solvents,A,official_source_registered_source_deep_read_pending,spc_emissions,https://www.ich.org/page/quality-guidelines
INT-026,ICH,Pharmaceutical impurities,ICH Q3C: Residual Solvents,A,official_source_registered_source_deep_read_pending,surface_water,https://www.ich.org/page/quality-guidelines
INT-027,ICH,Pharmaceutical impurities,ICH Q3D: Elemental Impurities,A,official_source_registered_source_deep_read_pending,metabolism_excretion,https://www.ich.org/page/quality-guidelines
INT-027,ICH,Pharmaceutical impurities,ICH Q3D: Elemental Impurities,A,official_source_registered_source_deep_read_pending,pnec,https://www.ich.org/page/quality-guidelines
INT-027,ICH,Pharmaceutical impurities,ICH Q3D: Elemental Impurities,A,official_source_registered_source_deep_read_pending,regulatory_navigator,https://www.ich.org/page/quality-guidelines
INT-027,ICH,Pharmaceutical impurities,ICH Q3D: Elemental Impurities,A,official_source_registered_source_deep_read_pending,simpletreat,https://www.ich.org/page/quality-guidelines
INT-027,ICH,Pharmaceutical impurities,ICH Q3D: Elemental Impurities,A,official_source_registered_source_deep_read_pending,soil,https://www.ich.org/page/quality-guidelines
INT-027,ICH,Pharmaceutical impurities,ICH Q3D: Elemental Impurities,A,official_source_registered_source_deep_read_pending,source_provenance,https://www.ich.org/page/quality-guidelines
INT-027,ICH,Pharmaceutical impurities,ICH Q3D: Elemental Impurities,A,official_source_registered_source_deep_read_pending,spc_emissions,https://www.ich.org/page/quality-guidelines
INT-027,ICH,Pharmaceutical impurities,ICH Q3D: Elemental Impurities,A,official_source_registered_source_deep_read_pending,surface_water,https://www.ich.org/page/quality-guidelines
INT-028,ISO,Enterprise risk management,ISO 31000 Risk management - Guidelines,A,official_source_registered_source_deep_read_pending,regulatory_navigator,https://www.iso.org/iso-31000-risk-management.html
INT-028,ISO,Enterprise risk management,ISO 31000 Risk management - Guidelines,A,official_source_registered_source_deep_read_pending,source_provenance,https://www.iso.org/iso-31000-risk-management.html
INT-029,ISO,Medical devices,ISO 14971:2019 Medical devices - Application of risk management to medical devices,A,official_source_registered_source_deep_read_pending,regulatory_navigator,https://www.iso.org/standard/72704.html
INT-029,ISO,Medical devices,ISO 14971:2019 Medical devices - Application of risk management to medical devices,A,official_source_registered_source_deep_read_pending,source_provenance,https://www.iso.org/standard/72704.html
INT-030,ISO,Medical devices toxicology,ISO 10993-17:2023 Biological evaluation of medical devices - Toxicological risk assessment of medical device constituents,A,official_source_registered_source_deep_read_pending,regulatory_navigator,https://www.iso.org/standard/75323.html
INT-030,ISO,Medical devices toxicology,ISO 10993-17:2023 Biological evaluation of medical devices - Toxicological risk assessment of medical device constituents,A,official_source_registered_source_deep_read_pending,source_provenance,https://www.iso.org/standard/75323.html
INT-031,ILO / WHO,Occupational chemicals,International Chemical Safety Cards (ICSCs),A,official_source_registered_source_deep_read_pending,coshh,https://chemicalsafety.ilo.org/dyn/icsc/showcard.home
INT-031,ILO / WHO,Occupational chemicals,International Chemical Safety Cards (ICSCs),A,official_source_registered_source_deep_read_pending,regulatory_navigator,https://chemicalsafety.ilo.org/dyn/icsc/showcard.home
INT-031,ILO / WHO,Occupational chemicals,International Chemical Safety Cards (ICSCs),A,official_source_registered_source_deep_read_pending,sds,https://chemicalsafety.ilo.org/dyn/icsc/showcard.home
INT-031,ILO / WHO,Occupational chemicals,International Chemical Safety Cards (ICSCs),A,official_source_registered_source_deep_read_pending,source_provenance,https://chemicalsafety.ilo.org/dyn/icsc/showcard.home
INT-031,ILO / WHO,Occupational chemicals,International Chemical Safety Cards (ICSCs),A,official_source_registered_source_deep_read_pending,task_risk_assessment,https://chemicalsafety.ilo.org/dyn/icsc/showcard.home
INT-032,UNEP,Chemicals and waste,UNEP Chemicals and Pollution Action portal,A,official_source_registered_source_deep_read_pending,regulatory_navigator,https://www.unep.org/explore-topics/chemicals-waste
INT-032,UNEP,Chemicals and waste,UNEP Chemicals and Pollution Action portal,A,official_source_registered_source_deep_read_pending,source_provenance,https://www.unep.org/explore-topics/chemicals-waste
EUR-001,European Union / EEA,Industrial chemicals,REACH Guidance Documents,A,implementation_note_curated_source_deep_read_pending,environmental_exposure,https://echa.europa.eu/guidance-documents/guidance-on-reach
EUR-001,European Union / EEA,Industrial chemicals,REACH Guidance Documents,A,implementation_note_curated_source_deep_read_pending,identity_resolution,https://echa.europa.eu/guidance-documents/guidance-on-reach
EUR-001,European Union / EEA,Industrial chemicals,REACH Guidance Documents,A,implementation_note_curated_source_deep_read_pending,property_evidence,https://echa.europa.eu/guidance-documents/guidance-on-reach
EUR-001,European Union / EEA,Industrial chemicals,REACH Guidance Documents,A,implementation_note_curated_source_deep_read_pending,regulatory_navigator,https://echa.europa.eu/guidance-documents/guidance-on-reach
EUR-001,European Union / EEA,Industrial chemicals,REACH Guidance Documents,A,implementation_note_curated_source_deep_read_pending,risk_report,https://echa.europa.eu/guidance-documents/guidance-on-reach
EUR-001,European Union / EEA,Industrial chemicals,REACH Guidance Documents,A,implementation_note_curated_source_deep_read_pending,source_provenance,https://echa.europa.eu/guidance-documents/guidance-on-reach
EUR-002,European Union / EEA,Industrial chemicals,Guidance on Information Requirements and Chemical Safety Assessment (IR&CSA),A,implementation_note_curated_source_deep_read_pending,environmental_exposure,https://echa.europa.eu/guidance-documents/guidance-on-information-requirements-and-chemical-safety-assessment
EUR-002,European Union / EEA,Industrial chemicals,Guidance on Information Requirements and Chemical Safety Assessment (IR&CSA),A,implementation_note_curated_source_deep_read_pending,identity_resolution,https://echa.europa.eu/guidance-documents/guidance-on-information-requirements-and-chemical-safety-assessment
EUR-002,European Union / EEA,Industrial chemicals,Guidance on Information Requirements and Chemical Safety Assessment (IR&CSA),A,implementation_note_curated_source_deep_read_pending,property_evidence,https://echa.europa.eu/guidance-documents/guidance-on-information-requirements-and-chemical-safety-assessment
EUR-002,European Union / EEA,Industrial chemicals,Guidance on Information Requirements and Chemical Safety Assessment (IR&CSA),A,implementation_note_curated_source_deep_read_pending,regulatory_navigator,https://echa.europa.eu/guidance-documents/guidance-on-information-requirements-and-chemical-safety-assessment
EUR-002,European Union / EEA,Industrial chemicals,Guidance on Information Requirements and Chemical Safety Assessment (IR&CSA),A,implementation_note_curated_source_deep_read_pending,risk_report,https://echa.europa.eu/guidance-documents/guidance-on-information-requirements-and-chemical-safety-assessment
EUR-002,European Union / EEA,Industrial chemicals,Guidance on Information Requirements and Chemical Safety Assessment (IR&CSA),A,implementation_note_curated_source_deep_read_pending,source_provenance,https://echa.europa.eu/guidance-documents/guidance-on-information-requirements-and-chemical-safety-assessment
EUR-003,European Union / EEA,Classification and labelling,Guidance on the Application of the CLP Criteria,A,implementation_note_curated_source_deep_read_pending,classification_labelling,https://echa.europa.eu/guidance-documents/guidance-on-clp
EUR-003,European Union / EEA,Classification and labelling,Guidance on the Application of the CLP Criteria,A,implementation_note_curated_source_deep_read_pending,regulatory_navigator,https://echa.europa.eu/guidance-documents/guidance-on-clp
EUR-003,European Union / EEA,Classification and labelling,Guidance on the Application of the CLP Criteria,A,implementation_note_curated_source_deep_read_pending,sds,https://echa.europa.eu/guidance-documents/guidance-on-clp
EUR-003,European Union / EEA,Classification and labelling,Guidance on the Application of the CLP Criteria,A,implementation_note_curated_source_deep_read_pending,source_provenance,https://echa.europa.eu/guidance-documents/guidance-on-clp
EUR-004,European Union / EEA,Biocides,Guidance on the Biocidal Products Regulation,A,implementation_note_curated_source_deep_read_pending,ecotox,https://echa.europa.eu/guidance-documents/guidance-on-biocides-legislation
EUR-004,European Union / EEA,Biocides,Guidance on the Biocidal Products Regulation,A,implementation_note_curated_source_deep_read_pending,environmental_exposure,https://echa.europa.eu/guidance-documents/guidance-on-biocides-legislation
EUR-004,European Union / EEA,Biocides,Guidance on the Biocidal Products Regulation,A,implementation_note_curated_source_deep_read_pending,regulatory_navigator,https://echa.europa.eu/guidance-documents/guidance-on-biocides-legislation
EUR-004,European Union / EEA,Biocides,Guidance on the Biocidal Products Regulation,A,implementation_note_curated_source_deep_read_pending,simpletreat,https://echa.europa.eu/guidance-documents/guidance-on-biocides-legislation
EUR-004,European Union / EEA,Biocides,Guidance on the Biocidal Products Regulation,A,implementation_note_curated_source_deep_read_pending,source_provenance,https://echa.europa.eu/guidance-documents/guidance-on-biocides-legislation
EUR-004,European Union / EEA,Biocides,Guidance on the Biocidal Products Regulation,A,implementation_note_curated_source_deep_read_pending,use_scenario,https://echa.europa.eu/guidance-documents/guidance-on-biocides-legislation
EUR-005,European Union,Plant protection products,Environmental risk assessment of pesticides,A,implementation_note_curated_source_deep_read_pending,application_scenario,https://www.efsa.europa.eu/en/topics/environmental-risk-assessment-pesticides
EUR-005,European Union,Plant protection products,Environmental risk assessment of pesticides,A,implementation_note_curated_source_deep_read_pending,ecotox,https://www.efsa.europa.eu/en/topics/environmental-risk-assessment-pesticides
EUR-005,European Union,Plant protection products,Environmental risk assessment of pesticides,A,implementation_note_curated_source_deep_read_pending,groundwater,https://www.efsa.europa.eu/en/topics/environmental-risk-assessment-pesticides
EUR-005,European Union,Plant protection products,Environmental risk assessment of pesticides,A,implementation_note_curated_source_deep_read_pending,model_orchestration,https://www.efsa.europa.eu/en/topics/environmental-risk-assessment-pesticides
EUR-005,European Union,Plant protection products,Environmental risk assessment of pesticides,A,implementation_note_curated_source_deep_read_pending,regulatory_navigator,https://www.efsa.europa.eu/en/topics/environmental-risk-assessment-pesticides
EUR-005,European Union,Plant protection products,Environmental risk assessment of pesticides,A,implementation_note_curated_source_deep_read_pending,sediment,https://www.efsa.europa.eu/en/topics/environmental-risk-assessment-pesticides
EUR-005,European Union,Plant protection products,Environmental risk assessment of pesticides,A,implementation_note_curated_source_deep_read_pending,source_provenance,https://www.efsa.europa.eu/en/topics/environmental-risk-assessment-pesticides
EUR-005,European Union,Plant protection products,Environmental risk assessment of pesticides,A,implementation_note_curated_source_deep_read_pending,surface_water,https://www.efsa.europa.eu/en/topics/environmental-risk-assessment-pesticides
EUR-006,European Union,Pesticide environmental exposure,FOCUS fate models and guidance,A,implementation_note_curated_source_deep_read_pending,application_scenario,https://esdac.jrc.ec.europa.eu/projects/focus-dg-sante
EUR-006,European Union,Pesticide environmental exposure,FOCUS fate models and guidance,A,implementation_note_curated_source_deep_read_pending,ecotox,https://esdac.jrc.ec.europa.eu/projects/focus-dg-sante
EUR-006,European Union,Pesticide environmental exposure,FOCUS fate models and guidance,A,implementation_note_curated_source_deep_read_pending,groundwater,https://esdac.jrc.ec.europa.eu/projects/focus-dg-sante
EUR-006,European Union,Pesticide environmental exposure,FOCUS fate models and guidance,A,implementation_note_curated_source_deep_read_pending,model_orchestration,https://esdac.jrc.ec.europa.eu/projects/focus-dg-sante
EUR-006,European Union,Pesticide environmental exposure,FOCUS fate models and guidance,A,implementation_note_curated_source_deep_read_pending,regulatory_navigator,https://esdac.jrc.ec.europa.eu/projects/focus-dg-sante
EUR-006,European Union,Pesticide environmental exposure,FOCUS fate models and guidance,A,implementation_note_curated_source_deep_read_pending,scenario_registry,https://esdac.jrc.ec.europa.eu/projects/focus-dg-sante
EUR-006,European Union,Pesticide environmental exposure,FOCUS fate models and guidance,A,implementation_note_curated_source_deep_read_pending,sediment,https://esdac.jrc.ec.europa.eu/projects/focus-dg-sante
EUR-006,European Union,Pesticide environmental exposure,FOCUS fate models and guidance,A,implementation_note_curated_source_deep_read_pending,source_provenance,https://esdac.jrc.ec.europa.eu/projects/focus-dg-sante
EUR-006,European Union,Pesticide environmental exposure,FOCUS fate models and guidance,A,implementation_note_curated_source_deep_read_pending,surface_water,https://esdac.jrc.ec.europa.eu/projects/focus-dg-sante
EUR-006,European Union,Pesticide environmental exposure,FOCUS fate models and guidance,A,implementation_note_curated_source_deep_read_pending,tier_comparison,https://esdac.jrc.ec.europa.eu/projects/focus-dg-sante
EUR-007,European Union,Pesticide groundwater,"FOCUS Groundwater guidance and models (PEARL, PELMO, MACRO)",A,implementation_note_curated_source_deep_read_pending,application_scenario,https://esdac.jrc.ec.europa.eu/projects/ground-water
EUR-007,European Union,Pesticide groundwater,"FOCUS Groundwater guidance and models (PEARL, PELMO, MACRO)",A,implementation_note_curated_source_deep_read_pending,ecotox,https://esdac.jrc.ec.europa.eu/projects/ground-water
EUR-007,European Union,Pesticide groundwater,"FOCUS Groundwater guidance and models (PEARL, PELMO, MACRO)",A,implementation_note_curated_source_deep_read_pending,groundwater,https://esdac.jrc.ec.europa.eu/projects/ground-water
EUR-007,European Union,Pesticide groundwater,"FOCUS Groundwater guidance and models (PEARL, PELMO, MACRO)",A,implementation_note_curated_source_deep_read_pending,model_orchestration,https://esdac.jrc.ec.europa.eu/projects/ground-water
EUR-007,European Union,Pesticide groundwater,"FOCUS Groundwater guidance and models (PEARL, PELMO, MACRO)",A,implementation_note_curated_source_deep_read_pending,regulatory_navigator,https://esdac.jrc.ec.europa.eu/projects/ground-water
EUR-007,European Union,Pesticide groundwater,"FOCUS Groundwater guidance and models (PEARL, PELMO, MACRO)",A,implementation_note_curated_source_deep_read_pending,scenario_registry,https://esdac.jrc.ec.europa.eu/projects/ground-water
EUR-007,European Union,Pesticide groundwater,"FOCUS Groundwater guidance and models (PEARL, PELMO, MACRO)",A,implementation_note_curated_source_deep_read_pending,sediment,https://esdac.jrc.ec.europa.eu/projects/ground-water
EUR-007,European Union,Pesticide groundwater,"FOCUS Groundwater guidance and models (PEARL, PELMO, MACRO)",A,implementation_note_curated_source_deep_read_pending,source_provenance,https://esdac.jrc.ec.europa.eu/projects/ground-water
EUR-007,European Union,Pesticide groundwater,"FOCUS Groundwater guidance and models (PEARL, PELMO, MACRO)",A,implementation_note_curated_source_deep_read_pending,surface_water,https://esdac.jrc.ec.europa.eu/projects/ground-water
EUR-007,European Union,Pesticide groundwater,"FOCUS Groundwater guidance and models (PEARL, PELMO, MACRO)",A,implementation_note_curated_source_deep_read_pending,tier_comparison,https://esdac.jrc.ec.europa.eu/projects/ground-water
EUR-008,European Union,Pesticide surface water,"FOCUS Surface Water guidance and models (PRZM, MACRO, TOXSWA, SWASH)",A,implementation_note_curated_source_deep_read_pending,application_scenario,https://esdac.jrc.ec.europa.eu/projects/surface-water
EUR-008,European Union,Pesticide surface water,"FOCUS Surface Water guidance and models (PRZM, MACRO, TOXSWA, SWASH)",A,implementation_note_curated_source_deep_read_pending,ecotox,https://esdac.jrc.ec.europa.eu/projects/surface-water
EUR-008,European Union,Pesticide surface water,"FOCUS Surface Water guidance and models (PRZM, MACRO, TOXSWA, SWASH)",A,implementation_note_curated_source_deep_read_pending,groundwater,https://esdac.jrc.ec.europa.eu/projects/surface-water
EUR-008,European Union,Pesticide surface water,"FOCUS Surface Water guidance and models (PRZM, MACRO, TOXSWA, SWASH)",A,implementation_note_curated_source_deep_read_pending,model_orchestration,https://esdac.jrc.ec.europa.eu/projects/surface-water
EUR-008,European Union,Pesticide surface water,"FOCUS Surface Water guidance and models (PRZM, MACRO, TOXSWA, SWASH)",A,implementation_note_curated_source_deep_read_pending,regulatory_navigator,https://esdac.jrc.ec.europa.eu/projects/surface-water
EUR-008,European Union,Pesticide surface water,"FOCUS Surface Water guidance and models (PRZM, MACRO, TOXSWA, SWASH)",A,implementation_note_curated_source_deep_read_pending,scenario_registry,https://esdac.jrc.ec.europa.eu/projects/surface-water
EUR-008,European Union,Pesticide surface water,"FOCUS Surface Water guidance and models (PRZM, MACRO, TOXSWA, SWASH)",A,implementation_note_curated_source_deep_read_pending,sediment,https://esdac.jrc.ec.europa.eu/projects/surface-water
EUR-008,European Union,Pesticide surface water,"FOCUS Surface Water guidance and models (PRZM, MACRO, TOXSWA, SWASH)",A,implementation_note_curated_source_deep_read_pending,source_provenance,https://esdac.jrc.ec.europa.eu/projects/surface-water
EUR-008,European Union,Pesticide surface water,"FOCUS Surface Water guidance and models (PRZM, MACRO, TOXSWA, SWASH)",A,implementation_note_curated_source_deep_read_pending,surface_water,https://esdac.jrc.ec.europa.eu/projects/surface-water
EUR-008,European Union,Pesticide surface water,"FOCUS Surface Water guidance and models (PRZM, MACRO, TOXSWA, SWASH)",A,implementation_note_curated_source_deep_read_pending,tier_comparison,https://esdac.jrc.ec.europa.eu/projects/surface-water
EUR-009,European Union,Pesticides; food safety,Pesticide risk-assessment guidance and tools,A,official_source_registered_source_deep_read_pending,application_scenario,https://www.efsa.europa.eu/en/applications/pesticides/tools
EUR-009,European Union,Pesticides; food safety,Pesticide risk-assessment guidance and tools,A,official_source_registered_source_deep_read_pending,ecotox,https://www.efsa.europa.eu/en/applications/pesticides/tools
EUR-009,European Union,Pesticides; food safety,Pesticide risk-assessment guidance and tools,A,official_source_registered_source_deep_read_pending,groundwater,https://www.efsa.europa.eu/en/applications/pesticides/tools
EUR-009,European Union,Pesticides; food safety,Pesticide risk-assessment guidance and tools,A,official_source_registered_source_deep_read_pending,model_orchestration,https://www.efsa.europa.eu/en/applications/pesticides/tools
EUR-009,European Union,Pesticides; food safety,Pesticide risk-assessment guidance and tools,A,official_source_registered_source_deep_read_pending,regulatory_navigator,https://www.efsa.europa.eu/en/applications/pesticides/tools
EUR-009,European Union,Pesticides; food safety,Pesticide risk-assessment guidance and tools,A,official_source_registered_source_deep_read_pending,sediment,https://www.efsa.europa.eu/en/applications/pesticides/tools
EUR-009,European Union,Pesticides; food safety,Pesticide risk-assessment guidance and tools,A,official_source_registered_source_deep_read_pending,source_provenance,https://www.efsa.europa.eu/en/applications/pesticides/tools
EUR-009,European Union,Pesticides; food safety,Pesticide risk-assessment guidance and tools,A,official_source_registered_source_deep_read_pending,surface_water,https://www.efsa.europa.eu/en/applications/pesticides/tools
EUR-010,European Union,Chemical mixtures,"Guidance on harmonised methodologies for human health, animal health and ecological risk assessment of combined exposure to multiple chemicals",A,official_source_registered_source_deep_read_pending,mixture_assessment,https://www.efsa.europa.eu/en/topics/topic/chemical-mixtures
EUR-010,European Union,Chemical mixtures,"Guidance on harmonised methodologies for human health, animal health and ecological risk assessment of combined exposure to multiple chemicals",A,official_source_registered_source_deep_read_pending,regulatory_navigator,https://www.efsa.europa.eu/en/topics/topic/chemical-mixtures
EUR-010,European Union,Chemical mixtures,"Guidance on harmonised methodologies for human health, animal health and ecological risk assessment of combined exposure to multiple chemicals",A,official_source_registered_source_deep_read_pending,source_provenance,https://www.efsa.europa.eu/en/topics/topic/chemical-mixtures
EUR-011,European Union,Food and feed chemicals,EFSA chemicals-in-food methodology and OpenFoodTox,A,official_source_registered_source_deep_read_pending,regulatory_navigator,https://www.efsa.europa.eu/en/topics/topic/chemicals-food
EUR-011,European Union,Food and feed chemicals,EFSA chemicals-in-food methodology and OpenFoodTox,A,official_source_registered_source_deep_read_pending,source_provenance,https://www.efsa.europa.eu/en/topics/topic/chemicals-food
EUR-012,European Union,Food-contact materials,Food Contact Materials guidance and application procedures,A,official_source_registered_source_deep_read_pending,regulatory_navigator,https://www.efsa.europa.eu/en/topics/topic/food-contact-materials
EUR-012,European Union,Food-contact materials,Food Contact Materials guidance and application procedures,A,official_source_registered_source_deep_read_pending,source_provenance,https://www.efsa.europa.eu/en/topics/topic/food-contact-materials
EUR-013,European Union,Human pharmaceuticals,Guideline on the environmental risk assessment of medicinal products for human use,A,official_source_reviewed,metabolism_excretion,https://www.ema.europa.eu/en/environmental-risk-assessment-medicinal-products-human-use-scientific-guideline
EUR-013,European Union,Human pharmaceuticals,Guideline on the environmental risk assessment of medicinal products for human use,A,official_source_reviewed,pnec,https://www.ema.europa.eu/en/environmental-risk-assessment-medicinal-products-human-use-scientific-guideline
EUR-013,European Union,Human pharmaceuticals,Guideline on the environmental risk assessment of medicinal products for human use,A,official_source_reviewed,regulatory_navigator,https://www.ema.europa.eu/en/environmental-risk-assessment-medicinal-products-human-use-scientific-guideline
EUR-013,European Union,Human pharmaceuticals,Guideline on the environmental risk assessment of medicinal products for human use,A,official_source_reviewed,simpletreat,https://www.ema.europa.eu/en/environmental-risk-assessment-medicinal-products-human-use-scientific-guideline
EUR-013,European Union,Human pharmaceuticals,Guideline on the environmental risk assessment of medicinal products for human use,A,official_source_reviewed,soil,https://www.ema.europa.eu/en/environmental-risk-assessment-medicinal-products-human-use-scientific-guideline
EUR-013,European Union,Human pharmaceuticals,Guideline on the environmental risk assessment of medicinal products for human use,A,official_source_reviewed,source_provenance,https://www.ema.europa.eu/en/environmental-risk-assessment-medicinal-products-human-use-scientific-guideline
EUR-013,European Union,Human pharmaceuticals,Guideline on the environmental risk assessment of medicinal products for human use,A,official_source_reviewed,spc_emissions,https://www.ema.europa.eu/en/environmental-risk-assessment-medicinal-products-human-use-scientific-guideline
EUR-013,European Union,Human pharmaceuticals,Guideline on the environmental risk assessment of medicinal products for human use,A,official_source_reviewed,surface_water,https://www.ema.europa.eu/en/environmental-risk-assessment-medicinal-products-human-use-scientific-guideline
EUR-014,European Union,Veterinary pharmaceuticals,Environmental risk assessment for veterinary medicines,A,official_source_registered_source_deep_read_pending,metabolism_excretion,https://www.ema.europa.eu/en/veterinary-regulatory-overview/marketing-authorisation-veterinary-medicines/environmental-risk-assessment-veterinary-medicines
EUR-014,European Union,Veterinary pharmaceuticals,Environmental risk assessment for veterinary medicines,A,official_source_registered_source_deep_read_pending,pnec,https://www.ema.europa.eu/en/veterinary-regulatory-overview/marketing-authorisation-veterinary-medicines/environmental-risk-assessment-veterinary-medicines
EUR-014,European Union,Veterinary pharmaceuticals,Environmental risk assessment for veterinary medicines,A,official_source_registered_source_deep_read_pending,regulatory_navigator,https://www.ema.europa.eu/en/veterinary-regulatory-overview/marketing-authorisation-veterinary-medicines/environmental-risk-assessment-veterinary-medicines
EUR-014,European Union,Veterinary pharmaceuticals,Environmental risk assessment for veterinary medicines,A,official_source_registered_source_deep_read_pending,simpletreat,https://www.ema.europa.eu/en/veterinary-regulatory-overview/marketing-authorisation-veterinary-medicines/environmental-risk-assessment-veterinary-medicines
EUR-014,European Union,Veterinary pharmaceuticals,Environmental risk assessment for veterinary medicines,A,official_source_registered_source_deep_read_pending,soil,https://www.ema.europa.eu/en/veterinary-regulatory-overview/marketing-authorisation-veterinary-medicines/environmental-risk-assessment-veterinary-medicines
EUR-014,European Union,Veterinary pharmaceuticals,Environmental risk assessment for veterinary medicines,A,official_source_registered_source_deep_read_pending,source_provenance,https://www.ema.europa.eu/en/veterinary-regulatory-overview/marketing-authorisation-veterinary-medicines/environmental-risk-assessment-veterinary-medicines
EUR-014,European Union,Veterinary pharmaceuticals,Environmental risk assessment for veterinary medicines,A,official_source_registered_source_deep_read_pending,spc_emissions,https://www.ema.europa.eu/en/veterinary-regulatory-overview/marketing-authorisation-veterinary-medicines/environmental-risk-assessment-veterinary-medicines
EUR-014,European Union,Veterinary pharmaceuticals,Environmental risk assessment for veterinary medicines,A,official_source_registered_source_deep_read_pending,surface_water,https://www.ema.europa.eu/en/veterinary-regulatory-overview/marketing-authorisation-veterinary-medicines/environmental-risk-assessment-veterinary-medicines
EUR-015,European Union,Cosmetics,"SCCS Notes of Guidance for testing cosmetic ingredients and safety evaluation, 12th revision",A,official_source_registered_source_deep_read_pending,regulatory_navigator,https://health.ec.europa.eu/publications/sccs-notes-guidance-testing-cosmetic-ingredients-and-their-safety-evaluation-12th-revision_en
EUR-015,European Union,Cosmetics,"SCCS Notes of Guidance for testing cosmetic ingredients and safety evaluation, 12th revision",A,official_source_registered_source_deep_read_pending,source_provenance,https://health.ec.europa.eu/publications/sccs-notes-guidance-testing-cosmetic-ingredients-and-their-safety-evaluation-12th-revision_en
EUR-016,European Union,Occupational chemicals,Dangerous substances risk-assessment tools and OSH framework,A,official_source_registered_source_deep_read_pending,coshh,https://osha.europa.eu/en/themes/dangerous-substances
EUR-016,European Union,Occupational chemicals,Dangerous substances risk-assessment tools and OSH framework,A,official_source_registered_source_deep_read_pending,regulatory_navigator,https://osha.europa.eu/en/themes/dangerous-substances
EUR-016,European Union,Occupational chemicals,Dangerous substances risk-assessment tools and OSH framework,A,official_source_registered_source_deep_read_pending,sds,https://osha.europa.eu/en/themes/dangerous-substances
EUR-016,European Union,Occupational chemicals,Dangerous substances risk-assessment tools and OSH framework,A,official_source_registered_source_deep_read_pending,source_provenance,https://osha.europa.eu/en/themes/dangerous-substances
EUR-016,European Union,Occupational chemicals,Dangerous substances risk-assessment tools and OSH framework,A,official_source_registered_source_deep_read_pending,task_risk_assessment,https://osha.europa.eu/en/themes/dangerous-substances
EUR-017,United Kingdom (Great Britain),Industrial chemicals,UK REACH guidance and evaluation approach,A,official_source_reviewed,environmental_exposure,https://www.hse.gov.uk/reach/
EUR-017,United Kingdom (Great Britain),Industrial chemicals,UK REACH guidance and evaluation approach,A,official_source_reviewed,identity_resolution,https://www.hse.gov.uk/reach/
EUR-017,United Kingdom (Great Britain),Industrial chemicals,UK REACH guidance and evaluation approach,A,official_source_reviewed,property_evidence,https://www.hse.gov.uk/reach/
EUR-017,United Kingdom (Great Britain),Industrial chemicals,UK REACH guidance and evaluation approach,A,official_source_reviewed,regulatory_navigator,https://www.hse.gov.uk/reach/
EUR-017,United Kingdom (Great Britain),Industrial chemicals,UK REACH guidance and evaluation approach,A,official_source_reviewed,risk_report,https://www.hse.gov.uk/reach/
EUR-017,United Kingdom (Great Britain),Industrial chemicals,UK REACH guidance and evaluation approach,A,official_source_reviewed,source_provenance,https://www.hse.gov.uk/reach/
EUR-018,United Kingdom,Biocides,GB Biocidal Products Regulation guidance,A,official_source_registered_source_deep_read_pending,ecotox,https://www.hse.gov.uk/biocides/applications/index.htm
EUR-018,United Kingdom,Biocides,GB Biocidal Products Regulation guidance,A,official_source_registered_source_deep_read_pending,environmental_exposure,https://www.hse.gov.uk/biocides/applications/index.htm
EUR-018,United Kingdom,Biocides,GB Biocidal Products Regulation guidance,A,official_source_registered_source_deep_read_pending,regulatory_navigator,https://www.hse.gov.uk/biocides/applications/index.htm
EUR-018,United Kingdom,Biocides,GB Biocidal Products Regulation guidance,A,official_source_registered_source_deep_read_pending,simpletreat,https://www.hse.gov.uk/biocides/applications/index.htm
EUR-018,United Kingdom,Biocides,GB Biocidal Products Regulation guidance,A,official_source_registered_source_deep_read_pending,source_provenance,https://www.hse.gov.uk/biocides/applications/index.htm
EUR-018,United Kingdom,Biocides,GB Biocidal Products Regulation guidance,A,official_source_registered_source_deep_read_pending,use_scenario,https://www.hse.gov.uk/biocides/applications/index.htm
EUR-019,United Kingdom,Pesticides,Pesticide registration and risk-assessment guidance,A,official_source_registered_source_deep_read_pending,application_scenario,https://www.hse.gov.uk/pesticides/
EUR-019,United Kingdom,Pesticides,Pesticide registration and risk-assessment guidance,A,official_source_registered_source_deep_read_pending,ecotox,https://www.hse.gov.uk/pesticides/
EUR-019,United Kingdom,Pesticides,Pesticide registration and risk-assessment guidance,A,official_source_registered_source_deep_read_pending,groundwater,https://www.hse.gov.uk/pesticides/
EUR-019,United Kingdom,Pesticides,Pesticide registration and risk-assessment guidance,A,official_source_registered_source_deep_read_pending,model_orchestration,https://www.hse.gov.uk/pesticides/
EUR-019,United Kingdom,Pesticides,Pesticide registration and risk-assessment guidance,A,official_source_registered_source_deep_read_pending,regulatory_navigator,https://www.hse.gov.uk/pesticides/
EUR-019,United Kingdom,Pesticides,Pesticide registration and risk-assessment guidance,A,official_source_registered_source_deep_read_pending,sediment,https://www.hse.gov.uk/pesticides/
EUR-019,United Kingdom,Pesticides,Pesticide registration and risk-assessment guidance,A,official_source_registered_source_deep_read_pending,source_provenance,https://www.hse.gov.uk/pesticides/
EUR-019,United Kingdom,Pesticides,Pesticide registration and risk-assessment guidance,A,official_source_registered_source_deep_read_pending,surface_water,https://www.hse.gov.uk/pesticides/
EUR-020,United Kingdom,Occupational chemicals,COSHH risk assessment guidance,A,official_source_reviewed,coshh,https://www.hse.gov.uk/coshh/basics/assessment.htm
EUR-020,United Kingdom,Occupational chemicals,COSHH risk assessment guidance,A,official_source_reviewed,regulatory_navigator,https://www.hse.gov.uk/coshh/basics/assessment.htm
EUR-020,United Kingdom,Occupational chemicals,COSHH risk assessment guidance,A,official_source_reviewed,sds,https://www.hse.gov.uk/coshh/basics/assessment.htm
EUR-020,United Kingdom,Occupational chemicals,COSHH risk assessment guidance,A,official_source_reviewed,source_provenance,https://www.hse.gov.uk/coshh/basics/assessment.htm
EUR-020,United Kingdom,Occupational chemicals,COSHH risk assessment guidance,A,official_source_reviewed,task_risk_assessment,https://www.hse.gov.uk/coshh/basics/assessment.htm
EUR-021,Switzerland,Industrial chemicals; biocides,Chemicals Ordinance (ChemO) guidance and notification authority portal,A,official_source_reviewed,ecotox,https://www.anmeldestelle.admin.ch/en/chemicals-ordinance-chemo
EUR-021,Switzerland,Industrial chemicals; biocides,Chemicals Ordinance (ChemO) guidance and notification authority portal,A,official_source_reviewed,environmental_exposure,https://www.anmeldestelle.admin.ch/en/chemicals-ordinance-chemo
EUR-021,Switzerland,Industrial chemicals; biocides,Chemicals Ordinance (ChemO) guidance and notification authority portal,A,official_source_reviewed,identity_resolution,https://www.anmeldestelle.admin.ch/en/chemicals-ordinance-chemo
EUR-021,Switzerland,Industrial chemicals; biocides,Chemicals Ordinance (ChemO) guidance and notification authority portal,A,official_source_reviewed,property_evidence,https://www.anmeldestelle.admin.ch/en/chemicals-ordinance-chemo
EUR-021,Switzerland,Industrial chemicals; biocides,Chemicals Ordinance (ChemO) guidance and notification authority portal,A,official_source_reviewed,regulatory_navigator,https://www.anmeldestelle.admin.ch/en/chemicals-ordinance-chemo
EUR-021,Switzerland,Industrial chemicals; biocides,Chemicals Ordinance (ChemO) guidance and notification authority portal,A,official_source_reviewed,risk_report,https://www.anmeldestelle.admin.ch/en/chemicals-ordinance-chemo
EUR-021,Switzerland,Industrial chemicals; biocides,Chemicals Ordinance (ChemO) guidance and notification authority portal,A,official_source_reviewed,simpletreat,https://www.anmeldestelle.admin.ch/en/chemicals-ordinance-chemo
EUR-021,Switzerland,Industrial chemicals; biocides,Chemicals Ordinance (ChemO) guidance and notification authority portal,A,official_source_reviewed,source_provenance,https://www.anmeldestelle.admin.ch/en/chemicals-ordinance-chemo
EUR-021,Switzerland,Industrial chemicals; biocides,Chemicals Ordinance (ChemO) guidance and notification authority portal,A,official_source_reviewed,use_scenario,https://www.anmeldestelle.admin.ch/en/chemicals-ordinance-chemo
EUR-022,Türkiye,Industrial chemicals,KKDIK (Türkiye REACH) legislation and implementation guidance,B,official_framework_registered_local_detail_required,environmental_exposure,https://kimyasallar.csb.gov.tr/
EUR-022,Türkiye,Industrial chemicals,KKDIK (Türkiye REACH) legislation and implementation guidance,B,official_framework_registered_local_detail_required,identity_resolution,https://kimyasallar.csb.gov.tr/
EUR-022,Türkiye,Industrial chemicals,KKDIK (Türkiye REACH) legislation and implementation guidance,B,official_framework_registered_local_detail_required,property_evidence,https://kimyasallar.csb.gov.tr/
EUR-022,Türkiye,Industrial chemicals,KKDIK (Türkiye REACH) legislation and implementation guidance,B,official_framework_registered_local_detail_required,regulatory_navigator,https://kimyasallar.csb.gov.tr/
EUR-022,Türkiye,Industrial chemicals,KKDIK (Türkiye REACH) legislation and implementation guidance,B,official_framework_registered_local_detail_required,risk_report,https://kimyasallar.csb.gov.tr/
EUR-022,Türkiye,Industrial chemicals,KKDIK (Türkiye REACH) legislation and implementation guidance,B,official_framework_registered_local_detail_required,source_provenance,https://kimyasallar.csb.gov.tr/
EUR-023,Eurasian Economic Union,Industrial chemicals,EAEU Technical Regulation 041/2017 on safety of chemical products,B,official_framework_registered_local_detail_required,environmental_exposure,https://eec.eaeunion.org/en/comission/department/deptexreg/tr/
EUR-023,Eurasian Economic Union,Industrial chemicals,EAEU Technical Regulation 041/2017 on safety of chemical products,B,official_framework_registered_local_detail_required,identity_resolution,https://eec.eaeunion.org/en/comission/department/deptexreg/tr/
EUR-023,Eurasian Economic Union,Industrial chemicals,EAEU Technical Regulation 041/2017 on safety of chemical products,B,official_framework_registered_local_detail_required,property_evidence,https://eec.eaeunion.org/en/comission/department/deptexreg/tr/
EUR-023,Eurasian Economic Union,Industrial chemicals,EAEU Technical Regulation 041/2017 on safety of chemical products,B,official_framework_registered_local_detail_required,regulatory_navigator,https://eec.eaeunion.org/en/comission/department/deptexreg/tr/
EUR-023,Eurasian Economic Union,Industrial chemicals,EAEU Technical Regulation 041/2017 on safety of chemical products,B,official_framework_registered_local_detail_required,risk_report,https://eec.eaeunion.org/en/comission/department/deptexreg/tr/
EUR-023,Eurasian Economic Union,Industrial chemicals,EAEU Technical Regulation 041/2017 on safety of chemical products,B,official_framework_registered_local_detail_required,source_provenance,https://eec.eaeunion.org/en/comission/department/deptexreg/tr/
EUR-024,Ukraine,Industrial chemicals,Ukraine chemicals safety technical regulation / REACH-aligned reforms,B,official_framework_registered_local_detail_required,environmental_exposure,https://mepr.gov.ua/en/
EUR-024,Ukraine,Industrial chemicals,Ukraine chemicals safety technical regulation / REACH-aligned reforms,B,official_framework_registered_local_detail_required,identity_resolution,https://mepr.gov.ua/en/
EUR-024,Ukraine,Industrial chemicals,Ukraine chemicals safety technical regulation / REACH-aligned reforms,B,official_framework_registered_local_detail_required,property_evidence,https://mepr.gov.ua/en/
EUR-024,Ukraine,Industrial chemicals,Ukraine chemicals safety technical regulation / REACH-aligned reforms,B,official_framework_registered_local_detail_required,regulatory_navigator,https://mepr.gov.ua/en/
EUR-024,Ukraine,Industrial chemicals,Ukraine chemicals safety technical regulation / REACH-aligned reforms,B,official_framework_registered_local_detail_required,risk_report,https://mepr.gov.ua/en/
EUR-024,Ukraine,Industrial chemicals,Ukraine chemicals safety technical regulation / REACH-aligned reforms,B,official_framework_registered_local_detail_required,source_provenance,https://mepr.gov.ua/en/
NAM-001,United States,Cross-cutting chemical risk,EPA Risk Assessment Guidance portal,A,implementation_note_curated_source_deep_read_pending,regulatory_navigator,https://www.epa.gov/risk/risk-assessment-guidance
NAM-001,United States,Cross-cutting chemical risk,EPA Risk Assessment Guidance portal,A,implementation_note_curated_source_deep_read_pending,source_provenance,https://www.epa.gov/risk/risk-assessment-guidance
NAM-002,United States,Industrial chemicals,TSCA Risk Evaluations for Existing Chemicals,A,implementation_note_curated_source_deep_read_pending,environmental_exposure,https://www.epa.gov/assessing-and-managing-chemicals-under-tsca/risk-evaluations-existing-chemicals-under-tsca
NAM-002,United States,Industrial chemicals,TSCA Risk Evaluations for Existing Chemicals,A,implementation_note_curated_source_deep_read_pending,identity_resolution,https://www.epa.gov/assessing-and-managing-chemicals-under-tsca/risk-evaluations-existing-chemicals-under-tsca
NAM-002,United States,Industrial chemicals,TSCA Risk Evaluations for Existing Chemicals,A,implementation_note_curated_source_deep_read_pending,property_evidence,https://www.epa.gov/assessing-and-managing-chemicals-under-tsca/risk-evaluations-existing-chemicals-under-tsca
NAM-002,United States,Industrial chemicals,TSCA Risk Evaluations for Existing Chemicals,A,implementation_note_curated_source_deep_read_pending,regulatory_navigator,https://www.epa.gov/assessing-and-managing-chemicals-under-tsca/risk-evaluations-existing-chemicals-under-tsca
NAM-002,United States,Industrial chemicals,TSCA Risk Evaluations for Existing Chemicals,A,implementation_note_curated_source_deep_read_pending,risk_report,https://www.epa.gov/assessing-and-managing-chemicals-under-tsca/risk-evaluations-existing-chemicals-under-tsca
NAM-002,United States,Industrial chemicals,TSCA Risk Evaluations for Existing Chemicals,A,implementation_note_curated_source_deep_read_pending,source_provenance,https://www.epa.gov/assessing-and-managing-chemicals-under-tsca/risk-evaluations-existing-chemicals-under-tsca
NAM-003,United States,Pesticides,Guidance for Human Health Risk Assessments for Pesticides,A,official_source_registered_source_deep_read_pending,application_scenario,https://www.epa.gov/pesticide-science-and-assessing-pesticide-risks/guidance-human-health-risk-assessments-pesticides
NAM-003,United States,Pesticides,Guidance for Human Health Risk Assessments for Pesticides,A,official_source_registered_source_deep_read_pending,ecotox,https://www.epa.gov/pesticide-science-and-assessing-pesticide-risks/guidance-human-health-risk-assessments-pesticides
NAM-003,United States,Pesticides,Guidance for Human Health Risk Assessments for Pesticides,A,official_source_registered_source_deep_read_pending,groundwater,https://www.epa.gov/pesticide-science-and-assessing-pesticide-risks/guidance-human-health-risk-assessments-pesticides
NAM-003,United States,Pesticides,Guidance for Human Health Risk Assessments for Pesticides,A,official_source_registered_source_deep_read_pending,model_orchestration,https://www.epa.gov/pesticide-science-and-assessing-pesticide-risks/guidance-human-health-risk-assessments-pesticides
NAM-003,United States,Pesticides,Guidance for Human Health Risk Assessments for Pesticides,A,official_source_registered_source_deep_read_pending,regulatory_navigator,https://www.epa.gov/pesticide-science-and-assessing-pesticide-risks/guidance-human-health-risk-assessments-pesticides
NAM-003,United States,Pesticides,Guidance for Human Health Risk Assessments for Pesticides,A,official_source_registered_source_deep_read_pending,sediment,https://www.epa.gov/pesticide-science-and-assessing-pesticide-risks/guidance-human-health-risk-assessments-pesticides
NAM-003,United States,Pesticides,Guidance for Human Health Risk Assessments for Pesticides,A,official_source_registered_source_deep_read_pending,source_provenance,https://www.epa.gov/pesticide-science-and-assessing-pesticide-risks/guidance-human-health-risk-assessments-pesticides
NAM-003,United States,Pesticides,Guidance for Human Health Risk Assessments for Pesticides,A,official_source_registered_source_deep_read_pending,surface_water,https://www.epa.gov/pesticide-science-and-assessing-pesticide-risks/guidance-human-health-risk-assessments-pesticides
NAM-004,United States,Pesticides,Technical Overview of Ecological Risk Assessment for the Pesticide Program,A,implementation_note_curated_source_deep_read_pending,application_scenario,https://www.epa.gov/pesticide-science-and-assessing-pesticide-risks/technical-overview-ecological-risk-assessment
NAM-004,United States,Pesticides,Technical Overview of Ecological Risk Assessment for the Pesticide Program,A,implementation_note_curated_source_deep_read_pending,ecotox,https://www.epa.gov/pesticide-science-and-assessing-pesticide-risks/technical-overview-ecological-risk-assessment
NAM-004,United States,Pesticides,Technical Overview of Ecological Risk Assessment for the Pesticide Program,A,implementation_note_curated_source_deep_read_pending,groundwater,https://www.epa.gov/pesticide-science-and-assessing-pesticide-risks/technical-overview-ecological-risk-assessment
NAM-004,United States,Pesticides,Technical Overview of Ecological Risk Assessment for the Pesticide Program,A,implementation_note_curated_source_deep_read_pending,model_orchestration,https://www.epa.gov/pesticide-science-and-assessing-pesticide-risks/technical-overview-ecological-risk-assessment
NAM-004,United States,Pesticides,Technical Overview of Ecological Risk Assessment for the Pesticide Program,A,implementation_note_curated_source_deep_read_pending,regulatory_navigator,https://www.epa.gov/pesticide-science-and-assessing-pesticide-risks/technical-overview-ecological-risk-assessment
NAM-004,United States,Pesticides,Technical Overview of Ecological Risk Assessment for the Pesticide Program,A,implementation_note_curated_source_deep_read_pending,sediment,https://www.epa.gov/pesticide-science-and-assessing-pesticide-risks/technical-overview-ecological-risk-assessment
NAM-004,United States,Pesticides,Technical Overview of Ecological Risk Assessment for the Pesticide Program,A,implementation_note_curated_source_deep_read_pending,source_provenance,https://www.epa.gov/pesticide-science-and-assessing-pesticide-risks/technical-overview-ecological-risk-assessment
NAM-004,United States,Pesticides,Technical Overview of Ecological Risk Assessment for the Pesticide Program,A,implementation_note_curated_source_deep_read_pending,surface_water,https://www.epa.gov/pesticide-science-and-assessing-pesticide-risks/technical-overview-ecological-risk-assessment
NAM-005,United States,Pesticide environmental exposure,Models and databases used in pesticide risk assessment,A,official_source_reviewed,application_scenario,https://www.epa.gov/pesticide-science-and-assessing-pesticide-risks/models-and-databases-used-pesticide-risk-assessment
NAM-005,United States,Pesticide environmental exposure,Models and databases used in pesticide risk assessment,A,official_source_reviewed,ecotox,https://www.epa.gov/pesticide-science-and-assessing-pesticide-risks/models-and-databases-used-pesticide-risk-assessment
NAM-005,United States,Pesticide environmental exposure,Models and databases used in pesticide risk assessment,A,official_source_reviewed,groundwater,https://www.epa.gov/pesticide-science-and-assessing-pesticide-risks/models-and-databases-used-pesticide-risk-assessment
NAM-005,United States,Pesticide environmental exposure,Models and databases used in pesticide risk assessment,A,official_source_reviewed,model_orchestration,https://www.epa.gov/pesticide-science-and-assessing-pesticide-risks/models-and-databases-used-pesticide-risk-assessment
NAM-005,United States,Pesticide environmental exposure,Models and databases used in pesticide risk assessment,A,official_source_reviewed,regulatory_navigator,https://www.epa.gov/pesticide-science-and-assessing-pesticide-risks/models-and-databases-used-pesticide-risk-assessment
NAM-005,United States,Pesticide environmental exposure,Models and databases used in pesticide risk assessment,A,official_source_reviewed,scenario_registry,https://www.epa.gov/pesticide-science-and-assessing-pesticide-risks/models-and-databases-used-pesticide-risk-assessment
NAM-005,United States,Pesticide environmental exposure,Models and databases used in pesticide risk assessment,A,official_source_reviewed,sediment,https://www.epa.gov/pesticide-science-and-assessing-pesticide-risks/models-and-databases-used-pesticide-risk-assessment
NAM-005,United States,Pesticide environmental exposure,Models and databases used in pesticide risk assessment,A,official_source_reviewed,source_provenance,https://www.epa.gov/pesticide-science-and-assessing-pesticide-risks/models-and-databases-used-pesticide-risk-assessment
NAM-005,United States,Pesticide environmental exposure,Models and databases used in pesticide risk assessment,A,official_source_reviewed,surface_water,https://www.epa.gov/pesticide-science-and-assessing-pesticide-risks/models-and-databases-used-pesticide-risk-assessment
NAM-005,United States,Pesticide environmental exposure,Models and databases used in pesticide risk assessment,A,official_source_reviewed,tier_comparison,https://www.epa.gov/pesticide-science-and-assessing-pesticide-risks/models-and-databases-used-pesticide-risk-assessment
NAM-006,United States,Test methods,OCSPP Harmonized Test Guidelines,A,implementation_note_curated_source_deep_read_pending,regulatory_navigator,https://www.epa.gov/test-guidelines-pesticides-and-toxic-substances
NAM-006,United States,Test methods,OCSPP Harmonized Test Guidelines,A,implementation_note_curated_source_deep_read_pending,source_provenance,https://www.epa.gov/test-guidelines-pesticides-and-toxic-substances
NAM-007,United States,Contaminated land,Risk Assessment Guidance for Superfund (RAGS),A,official_source_registered_source_deep_read_pending,regulatory_navigator,https://www.epa.gov/risk/risk-assessment-guidance-superfund-rags
NAM-007,United States,Contaminated land,Risk Assessment Guidance for Superfund (RAGS),A,official_source_registered_source_deep_read_pending,source_provenance,https://www.epa.gov/risk/risk-assessment-guidance-superfund-rags
NAM-008,United States,Food chemicals,Food Ingredients and Packaging guidance / premarket submissions,A,official_source_registered_source_deep_read_pending,regulatory_navigator,https://www.fda.gov/food/food-ingredients-packaging
NAM-008,United States,Food chemicals,Food Ingredients and Packaging guidance / premarket submissions,A,official_source_registered_source_deep_read_pending,source_provenance,https://www.fda.gov/food/food-ingredients-packaging
NAM-009,United States,Human and veterinary products,Environmental assessment under NEPA,A,official_source_reviewed,regulatory_navigator,https://www.fda.gov/regulatory-information/search-fda-guidance-documents/environmental-assessment-human-drug-and-biologics-applications
NAM-009,United States,Human and veterinary products,Environmental assessment under NEPA,A,official_source_reviewed,source_provenance,https://www.fda.gov/regulatory-information/search-fda-guidance-documents/environmental-assessment-human-drug-and-biologics-applications
NAM-010,United States,Occupational chemicals,"Chemical hazards, permissible exposure limits and NIOSH risk resources",A,official_source_registered_source_deep_read_pending,coshh,https://www.osha.gov/chemical-hazards
NAM-010,United States,Occupational chemicals,"Chemical hazards, permissible exposure limits and NIOSH risk resources",A,official_source_registered_source_deep_read_pending,regulatory_navigator,https://www.osha.gov/chemical-hazards
NAM-010,United States,Occupational chemicals,"Chemical hazards, permissible exposure limits and NIOSH risk resources",A,official_source_registered_source_deep_read_pending,sds,https://www.osha.gov/chemical-hazards
NAM-010,United States,Occupational chemicals,"Chemical hazards, permissible exposure limits and NIOSH risk resources",A,official_source_registered_source_deep_read_pending,source_provenance,https://www.osha.gov/chemical-hazards
NAM-010,United States,Occupational chemicals,"Chemical hazards, permissible exposure limits and NIOSH risk resources",A,official_source_registered_source_deep_read_pending,task_risk_assessment,https://www.osha.gov/chemical-hazards
NAM-011,United States,Human health / contaminated sites,Toxicological Profiles and Minimal Risk Levels,A,official_source_registered_source_deep_read_pending,regulatory_navigator,https://www.atsdr.cdc.gov/toxprofiledocs/index.html
NAM-011,United States,Human health / contaminated sites,Toxicological Profiles and Minimal Risk Levels,A,official_source_registered_source_deep_read_pending,source_provenance,https://www.atsdr.cdc.gov/toxprofiledocs/index.html
NAM-012,Canada,Industrial chemicals,Risk assessment of chemical substances under CEPA,A,implementation_note_curated_source_deep_read_pending,environmental_exposure,https://www.canada.ca/en/health-canada/services/chemical-substances/canada-approach-chemicals/risk-assessment.html
NAM-012,Canada,Industrial chemicals,Risk assessment of chemical substances under CEPA,A,implementation_note_curated_source_deep_read_pending,identity_resolution,https://www.canada.ca/en/health-canada/services/chemical-substances/canada-approach-chemicals/risk-assessment.html
NAM-012,Canada,Industrial chemicals,Risk assessment of chemical substances under CEPA,A,implementation_note_curated_source_deep_read_pending,property_evidence,https://www.canada.ca/en/health-canada/services/chemical-substances/canada-approach-chemicals/risk-assessment.html
NAM-012,Canada,Industrial chemicals,Risk assessment of chemical substances under CEPA,A,implementation_note_curated_source_deep_read_pending,regulatory_navigator,https://www.canada.ca/en/health-canada/services/chemical-substances/canada-approach-chemicals/risk-assessment.html
NAM-012,Canada,Industrial chemicals,Risk assessment of chemical substances under CEPA,A,implementation_note_curated_source_deep_read_pending,risk_report,https://www.canada.ca/en/health-canada/services/chemical-substances/canada-approach-chemicals/risk-assessment.html
NAM-012,Canada,Industrial chemicals,Risk assessment of chemical substances under CEPA,A,implementation_note_curated_source_deep_read_pending,source_provenance,https://www.canada.ca/en/health-canada/services/chemical-substances/canada-approach-chemicals/risk-assessment.html
NAM-013,Canada,New industrial chemicals,Guidance document for the New Substances Notification Regulations (Chemicals and Polymers),A,implementation_note_curated_source_deep_read_pending,environmental_exposure,https://www.canada.ca/en/environment-climate-change/services/managing-pollution/evaluating-new-substances/chemicals-polymers/guidance.html
NAM-013,Canada,New industrial chemicals,Guidance document for the New Substances Notification Regulations (Chemicals and Polymers),A,implementation_note_curated_source_deep_read_pending,identity_resolution,https://www.canada.ca/en/environment-climate-change/services/managing-pollution/evaluating-new-substances/chemicals-polymers/guidance.html
NAM-013,Canada,New industrial chemicals,Guidance document for the New Substances Notification Regulations (Chemicals and Polymers),A,implementation_note_curated_source_deep_read_pending,property_evidence,https://www.canada.ca/en/environment-climate-change/services/managing-pollution/evaluating-new-substances/chemicals-polymers/guidance.html
NAM-013,Canada,New industrial chemicals,Guidance document for the New Substances Notification Regulations (Chemicals and Polymers),A,implementation_note_curated_source_deep_read_pending,regulatory_navigator,https://www.canada.ca/en/environment-climate-change/services/managing-pollution/evaluating-new-substances/chemicals-polymers/guidance.html
NAM-013,Canada,New industrial chemicals,Guidance document for the New Substances Notification Regulations (Chemicals and Polymers),A,implementation_note_curated_source_deep_read_pending,risk_report,https://www.canada.ca/en/environment-climate-change/services/managing-pollution/evaluating-new-substances/chemicals-polymers/guidance.html
NAM-013,Canada,New industrial chemicals,Guidance document for the New Substances Notification Regulations (Chemicals and Polymers),A,implementation_note_curated_source_deep_read_pending,source_provenance,https://www.canada.ca/en/environment-climate-change/services/managing-pollution/evaluating-new-substances/chemicals-polymers/guidance.html
NAM-014,Canada,Pesticides,Framework for risk assessment and risk management of pest control products,A,implementation_note_curated_source_deep_read_pending,application_scenario,https://www.canada.ca/en/health-canada/services/consumer-product-safety/reports-publications/pesticides-pest-management/policies-guidelines/risk-management-pest-control-products.html
NAM-014,Canada,Pesticides,Framework for risk assessment and risk management of pest control products,A,implementation_note_curated_source_deep_read_pending,ecotox,https://www.canada.ca/en/health-canada/services/consumer-product-safety/reports-publications/pesticides-pest-management/policies-guidelines/risk-management-pest-control-products.html
NAM-014,Canada,Pesticides,Framework for risk assessment and risk management of pest control products,A,implementation_note_curated_source_deep_read_pending,groundwater,https://www.canada.ca/en/health-canada/services/consumer-product-safety/reports-publications/pesticides-pest-management/policies-guidelines/risk-management-pest-control-products.html
NAM-014,Canada,Pesticides,Framework for risk assessment and risk management of pest control products,A,implementation_note_curated_source_deep_read_pending,model_orchestration,https://www.canada.ca/en/health-canada/services/consumer-product-safety/reports-publications/pesticides-pest-management/policies-guidelines/risk-management-pest-control-products.html
NAM-014,Canada,Pesticides,Framework for risk assessment and risk management of pest control products,A,implementation_note_curated_source_deep_read_pending,regulatory_navigator,https://www.canada.ca/en/health-canada/services/consumer-product-safety/reports-publications/pesticides-pest-management/policies-guidelines/risk-management-pest-control-products.html
NAM-014,Canada,Pesticides,Framework for risk assessment and risk management of pest control products,A,implementation_note_curated_source_deep_read_pending,sediment,https://www.canada.ca/en/health-canada/services/consumer-product-safety/reports-publications/pesticides-pest-management/policies-guidelines/risk-management-pest-control-products.html
NAM-014,Canada,Pesticides,Framework for risk assessment and risk management of pest control products,A,implementation_note_curated_source_deep_read_pending,source_provenance,https://www.canada.ca/en/health-canada/services/consumer-product-safety/reports-publications/pesticides-pest-management/policies-guidelines/risk-management-pest-control-products.html
NAM-014,Canada,Pesticides,Framework for risk assessment and risk management of pest control products,A,implementation_note_curated_source_deep_read_pending,surface_water,https://www.canada.ca/en/health-canada/services/consumer-product-safety/reports-publications/pesticides-pest-management/policies-guidelines/risk-management-pest-control-products.html
NAM-015,Canada,Pesticides,Health Canada approach to environmental risk assessment for pest control products,A,implementation_note_curated_source_deep_read_pending,application_scenario,https://www.canada.ca/en/health-canada/services/consumer-product-safety/reports-publications/pesticides-pest-management/policies-guidelines/approach-environmental-risk-assessment.html
NAM-015,Canada,Pesticides,Health Canada approach to environmental risk assessment for pest control products,A,implementation_note_curated_source_deep_read_pending,ecotox,https://www.canada.ca/en/health-canada/services/consumer-product-safety/reports-publications/pesticides-pest-management/policies-guidelines/approach-environmental-risk-assessment.html
NAM-015,Canada,Pesticides,Health Canada approach to environmental risk assessment for pest control products,A,implementation_note_curated_source_deep_read_pending,groundwater,https://www.canada.ca/en/health-canada/services/consumer-product-safety/reports-publications/pesticides-pest-management/policies-guidelines/approach-environmental-risk-assessment.html
NAM-015,Canada,Pesticides,Health Canada approach to environmental risk assessment for pest control products,A,implementation_note_curated_source_deep_read_pending,model_orchestration,https://www.canada.ca/en/health-canada/services/consumer-product-safety/reports-publications/pesticides-pest-management/policies-guidelines/approach-environmental-risk-assessment.html
NAM-015,Canada,Pesticides,Health Canada approach to environmental risk assessment for pest control products,A,implementation_note_curated_source_deep_read_pending,regulatory_navigator,https://www.canada.ca/en/health-canada/services/consumer-product-safety/reports-publications/pesticides-pest-management/policies-guidelines/approach-environmental-risk-assessment.html
NAM-015,Canada,Pesticides,Health Canada approach to environmental risk assessment for pest control products,A,implementation_note_curated_source_deep_read_pending,sediment,https://www.canada.ca/en/health-canada/services/consumer-product-safety/reports-publications/pesticides-pest-management/policies-guidelines/approach-environmental-risk-assessment.html
NAM-015,Canada,Pesticides,Health Canada approach to environmental risk assessment for pest control products,A,implementation_note_curated_source_deep_read_pending,source_provenance,https://www.canada.ca/en/health-canada/services/consumer-product-safety/reports-publications/pesticides-pest-management/policies-guidelines/approach-environmental-risk-assessment.html
NAM-015,Canada,Pesticides,Health Canada approach to environmental risk assessment for pest control products,A,implementation_note_curated_source_deep_read_pending,surface_water,https://www.canada.ca/en/health-canada/services/consumer-product-safety/reports-publications/pesticides-pest-management/policies-guidelines/approach-environmental-risk-assessment.html
NAM-016,Canada,Pesticides,PMRA policies and guidelines portal,A,official_source_reviewed,application_scenario,https://www.canada.ca/en/health-canada/services/consumer-product-safety/reports-publications/pesticides-pest-management/policies-guidelines.html
NAM-016,Canada,Pesticides,PMRA policies and guidelines portal,A,official_source_reviewed,ecotox,https://www.canada.ca/en/health-canada/services/consumer-product-safety/reports-publications/pesticides-pest-management/policies-guidelines.html
NAM-016,Canada,Pesticides,PMRA policies and guidelines portal,A,official_source_reviewed,groundwater,https://www.canada.ca/en/health-canada/services/consumer-product-safety/reports-publications/pesticides-pest-management/policies-guidelines.html
NAM-016,Canada,Pesticides,PMRA policies and guidelines portal,A,official_source_reviewed,model_orchestration,https://www.canada.ca/en/health-canada/services/consumer-product-safety/reports-publications/pesticides-pest-management/policies-guidelines.html
NAM-016,Canada,Pesticides,PMRA policies and guidelines portal,A,official_source_reviewed,regulatory_navigator,https://www.canada.ca/en/health-canada/services/consumer-product-safety/reports-publications/pesticides-pest-management/policies-guidelines.html
NAM-016,Canada,Pesticides,PMRA policies and guidelines portal,A,official_source_reviewed,sediment,https://www.canada.ca/en/health-canada/services/consumer-product-safety/reports-publications/pesticides-pest-management/policies-guidelines.html
NAM-016,Canada,Pesticides,PMRA policies and guidelines portal,A,official_source_reviewed,source_provenance,https://www.canada.ca/en/health-canada/services/consumer-product-safety/reports-publications/pesticides-pest-management/policies-guidelines.html
NAM-016,Canada,Pesticides,PMRA policies and guidelines portal,A,official_source_reviewed,surface_water,https://www.canada.ca/en/health-canada/services/consumer-product-safety/reports-publications/pesticides-pest-management/policies-guidelines.html
NAM-017,Canada,Occupational chemicals,WHMIS and workplace chemical risk resources,B,official_framework_registered_local_detail_required,coshh,https://www.canada.ca/en/health-canada/services/environmental-workplace-health/occupational-health-safety/workplace-hazardous-materials-information-system.html
NAM-017,Canada,Occupational chemicals,WHMIS and workplace chemical risk resources,B,official_framework_registered_local_detail_required,regulatory_navigator,https://www.canada.ca/en/health-canada/services/environmental-workplace-health/occupational-health-safety/workplace-hazardous-materials-information-system.html
NAM-017,Canada,Occupational chemicals,WHMIS and workplace chemical risk resources,B,official_framework_registered_local_detail_required,sds,https://www.canada.ca/en/health-canada/services/environmental-workplace-health/occupational-health-safety/workplace-hazardous-materials-information-system.html
NAM-017,Canada,Occupational chemicals,WHMIS and workplace chemical risk resources,B,official_framework_registered_local_detail_required,source_provenance,https://www.canada.ca/en/health-canada/services/environmental-workplace-health/occupational-health-safety/workplace-hazardous-materials-information-system.html
NAM-017,Canada,Occupational chemicals,WHMIS and workplace chemical risk resources,B,official_framework_registered_local_detail_required,task_risk_assessment,https://www.canada.ca/en/health-canada/services/environmental-workplace-health/occupational-health-safety/workplace-hazardous-materials-information-system.html
OCE-001,Australia,Industrial chemicals,Guide to categorising chemical importation and manufacture,A,implementation_note_curated_source_deep_read_pending,environmental_exposure,https://www.industrialchemicals.gov.au/help-and-guides/guide-categorising-your-chemical-importation-and-manufacture
OCE-001,Australia,Industrial chemicals,Guide to categorising chemical importation and manufacture,A,implementation_note_curated_source_deep_read_pending,identity_resolution,https://www.industrialchemicals.gov.au/help-and-guides/guide-categorising-your-chemical-importation-and-manufacture
OCE-001,Australia,Industrial chemicals,Guide to categorising chemical importation and manufacture,A,implementation_note_curated_source_deep_read_pending,property_evidence,https://www.industrialchemicals.gov.au/help-and-guides/guide-categorising-your-chemical-importation-and-manufacture
OCE-001,Australia,Industrial chemicals,Guide to categorising chemical importation and manufacture,A,implementation_note_curated_source_deep_read_pending,regulatory_navigator,https://www.industrialchemicals.gov.au/help-and-guides/guide-categorising-your-chemical-importation-and-manufacture
OCE-001,Australia,Industrial chemicals,Guide to categorising chemical importation and manufacture,A,implementation_note_curated_source_deep_read_pending,risk_report,https://www.industrialchemicals.gov.au/help-and-guides/guide-categorising-your-chemical-importation-and-manufacture
OCE-001,Australia,Industrial chemicals,Guide to categorising chemical importation and manufacture,A,implementation_note_curated_source_deep_read_pending,source_provenance,https://www.industrialchemicals.gov.au/help-and-guides/guide-categorising-your-chemical-importation-and-manufacture
OCE-002,Australia,Industrial chemicals,Industrial Chemicals Categorisation Guidelines,A,implementation_note_curated_source_deep_read_pending,environmental_exposure,https://www.industrialchemicals.gov.au/help-and-guides/industrial-chemicals-categorisation-guidelines
OCE-002,Australia,Industrial chemicals,Industrial Chemicals Categorisation Guidelines,A,implementation_note_curated_source_deep_read_pending,identity_resolution,https://www.industrialchemicals.gov.au/help-and-guides/industrial-chemicals-categorisation-guidelines
OCE-002,Australia,Industrial chemicals,Industrial Chemicals Categorisation Guidelines,A,implementation_note_curated_source_deep_read_pending,property_evidence,https://www.industrialchemicals.gov.au/help-and-guides/industrial-chemicals-categorisation-guidelines
OCE-002,Australia,Industrial chemicals,Industrial Chemicals Categorisation Guidelines,A,implementation_note_curated_source_deep_read_pending,regulatory_navigator,https://www.industrialchemicals.gov.au/help-and-guides/industrial-chemicals-categorisation-guidelines
OCE-002,Australia,Industrial chemicals,Industrial Chemicals Categorisation Guidelines,A,implementation_note_curated_source_deep_read_pending,risk_report,https://www.industrialchemicals.gov.au/help-and-guides/industrial-chemicals-categorisation-guidelines
OCE-002,Australia,Industrial chemicals,Industrial Chemicals Categorisation Guidelines,A,implementation_note_curated_source_deep_read_pending,source_provenance,https://www.industrialchemicals.gov.au/help-and-guides/industrial-chemicals-categorisation-guidelines
OCE-003,Australia,Agricultural and veterinary chemicals,Risk assessment manuals portal,A,implementation_note_curated_source_deep_read_pending,application_scenario,https://www.apvma.gov.au/registrations-and-permits/data-guidelines/risk-assessment-manuals
OCE-003,Australia,Agricultural and veterinary chemicals,Risk assessment manuals portal,A,implementation_note_curated_source_deep_read_pending,ecotox,https://www.apvma.gov.au/registrations-and-permits/data-guidelines/risk-assessment-manuals
OCE-003,Australia,Agricultural and veterinary chemicals,Risk assessment manuals portal,A,implementation_note_curated_source_deep_read_pending,groundwater,https://www.apvma.gov.au/registrations-and-permits/data-guidelines/risk-assessment-manuals
OCE-003,Australia,Agricultural and veterinary chemicals,Risk assessment manuals portal,A,implementation_note_curated_source_deep_read_pending,model_orchestration,https://www.apvma.gov.au/registrations-and-permits/data-guidelines/risk-assessment-manuals
OCE-003,Australia,Agricultural and veterinary chemicals,Risk assessment manuals portal,A,implementation_note_curated_source_deep_read_pending,regulatory_navigator,https://www.apvma.gov.au/registrations-and-permits/data-guidelines/risk-assessment-manuals
OCE-003,Australia,Agricultural and veterinary chemicals,Risk assessment manuals portal,A,implementation_note_curated_source_deep_read_pending,sediment,https://www.apvma.gov.au/registrations-and-permits/data-guidelines/risk-assessment-manuals
OCE-003,Australia,Agricultural and veterinary chemicals,Risk assessment manuals portal,A,implementation_note_curated_source_deep_read_pending,source_provenance,https://www.apvma.gov.au/registrations-and-permits/data-guidelines/risk-assessment-manuals
OCE-003,Australia,Agricultural and veterinary chemicals,Risk assessment manuals portal,A,implementation_note_curated_source_deep_read_pending,surface_water,https://www.apvma.gov.au/registrations-and-permits/data-guidelines/risk-assessment-manuals
OCE-004,Australia,Agricultural and veterinary chemicals,Risk Assessment Manual - Environment,A,official_source_reviewed,application_scenario,https://www.apvma.gov.au/registrations-and-permits/data-guidelines/risk-assessment-manuals/environment
OCE-004,Australia,Agricultural and veterinary chemicals,Risk Assessment Manual - Environment,A,official_source_reviewed,ecotox,https://www.apvma.gov.au/registrations-and-permits/data-guidelines/risk-assessment-manuals/environment
OCE-004,Australia,Agricultural and veterinary chemicals,Risk Assessment Manual - Environment,A,official_source_reviewed,groundwater,https://www.apvma.gov.au/registrations-and-permits/data-guidelines/risk-assessment-manuals/environment
OCE-004,Australia,Agricultural and veterinary chemicals,Risk Assessment Manual - Environment,A,official_source_reviewed,model_orchestration,https://www.apvma.gov.au/registrations-and-permits/data-guidelines/risk-assessment-manuals/environment
OCE-004,Australia,Agricultural and veterinary chemicals,Risk Assessment Manual - Environment,A,official_source_reviewed,regulatory_navigator,https://www.apvma.gov.au/registrations-and-permits/data-guidelines/risk-assessment-manuals/environment
OCE-004,Australia,Agricultural and veterinary chemicals,Risk Assessment Manual - Environment,A,official_source_reviewed,sediment,https://www.apvma.gov.au/registrations-and-permits/data-guidelines/risk-assessment-manuals/environment
OCE-004,Australia,Agricultural and veterinary chemicals,Risk Assessment Manual - Environment,A,official_source_reviewed,source_provenance,https://www.apvma.gov.au/registrations-and-permits/data-guidelines/risk-assessment-manuals/environment
OCE-004,Australia,Agricultural and veterinary chemicals,Risk Assessment Manual - Environment,A,official_source_reviewed,surface_water,https://www.apvma.gov.au/registrations-and-permits/data-guidelines/risk-assessment-manuals/environment
OCE-005,Australia,Occupational chemicals,Model WHS laws and hazardous chemicals guidance,A,official_source_registered_source_deep_read_pending,coshh,https://www.safeworkaustralia.gov.au/safety-topic/hazards/chemicals
OCE-005,Australia,Occupational chemicals,Model WHS laws and hazardous chemicals guidance,A,official_source_registered_source_deep_read_pending,regulatory_navigator,https://www.safeworkaustralia.gov.au/safety-topic/hazards/chemicals
OCE-005,Australia,Occupational chemicals,Model WHS laws and hazardous chemicals guidance,A,official_source_registered_source_deep_read_pending,sds,https://www.safeworkaustralia.gov.au/safety-topic/hazards/chemicals
OCE-005,Australia,Occupational chemicals,Model WHS laws and hazardous chemicals guidance,A,official_source_registered_source_deep_read_pending,source_provenance,https://www.safeworkaustralia.gov.au/safety-topic/hazards/chemicals
OCE-005,Australia,Occupational chemicals,Model WHS laws and hazardous chemicals guidance,A,official_source_registered_source_deep_read_pending,task_risk_assessment,https://www.safeworkaustralia.gov.au/safety-topic/hazards/chemicals
OCE-006,Australia,Contaminated land,National Environment Protection (Assessment of Site Contamination) Measure,A,official_source_registered_source_deep_read_pending,regulatory_navigator,https://www.nepc.gov.au/nepms/assessment-site-contamination
OCE-006,Australia,Contaminated land,National Environment Protection (Assessment of Site Contamination) Measure,A,official_source_registered_source_deep_read_pending,source_provenance,https://www.nepc.gov.au/nepms/assessment-site-contamination
OCE-007,New Zealand,Hazardous substances,Risk Assessment Methodology for Hazardous Substances,A,implementation_note_curated_source_deep_read_pending,regulatory_navigator,https://www.epa.govt.nz/assets/Uploads/Documents/Hazardous-Substances/Guidance/Risk-Assessment-Methodology-for-Hazardous-Substances.pdf
OCE-007,New Zealand,Hazardous substances,Risk Assessment Methodology for Hazardous Substances,A,implementation_note_curated_source_deep_read_pending,source_provenance,https://www.epa.govt.nz/assets/Uploads/Documents/Hazardous-Substances/Guidance/Risk-Assessment-Methodology-for-Hazardous-Substances.pdf
OCE-008,New Zealand,Hazardous substances,Hazardous substances approvals and guidance,A,implementation_note_curated_source_deep_read_pending,regulatory_navigator,https://www.epa.govt.nz/industry-areas/hazardous-substances/
OCE-008,New Zealand,Hazardous substances,Hazardous substances approvals and guidance,A,implementation_note_curated_source_deep_read_pending,source_provenance,https://www.epa.govt.nz/industry-areas/hazardous-substances/
OCE-009,New Zealand,Agricultural compounds and veterinary medicines,ACVM risk assessment and registration guidance,A,official_source_registered_source_deep_read_pending,application_scenario,https://www.mpi.govt.nz/agriculture/agricultural-compounds-vet-medicines/
OCE-009,New Zealand,Agricultural compounds and veterinary medicines,ACVM risk assessment and registration guidance,A,official_source_registered_source_deep_read_pending,ecotox,https://www.mpi.govt.nz/agriculture/agricultural-compounds-vet-medicines/
OCE-009,New Zealand,Agricultural compounds and veterinary medicines,ACVM risk assessment and registration guidance,A,official_source_registered_source_deep_read_pending,groundwater,https://www.mpi.govt.nz/agriculture/agricultural-compounds-vet-medicines/
OCE-009,New Zealand,Agricultural compounds and veterinary medicines,ACVM risk assessment and registration guidance,A,official_source_registered_source_deep_read_pending,model_orchestration,https://www.mpi.govt.nz/agriculture/agricultural-compounds-vet-medicines/
OCE-009,New Zealand,Agricultural compounds and veterinary medicines,ACVM risk assessment and registration guidance,A,official_source_registered_source_deep_read_pending,regulatory_navigator,https://www.mpi.govt.nz/agriculture/agricultural-compounds-vet-medicines/
OCE-009,New Zealand,Agricultural compounds and veterinary medicines,ACVM risk assessment and registration guidance,A,official_source_registered_source_deep_read_pending,sediment,https://www.mpi.govt.nz/agriculture/agricultural-compounds-vet-medicines/
OCE-009,New Zealand,Agricultural compounds and veterinary medicines,ACVM risk assessment and registration guidance,A,official_source_registered_source_deep_read_pending,source_provenance,https://www.mpi.govt.nz/agriculture/agricultural-compounds-vet-medicines/
OCE-009,New Zealand,Agricultural compounds and veterinary medicines,ACVM risk assessment and registration guidance,A,official_source_registered_source_deep_read_pending,surface_water,https://www.mpi.govt.nz/agriculture/agricultural-compounds-vet-medicines/
ASI-001,Japan,Industrial chemicals,Chemical Substances Control Law (CSCL) assessment system,A,implementation_note_curated_source_deep_read_pending,environmental_exposure,https://www.nite.go.jp/en/chem/aboutcmc.html
ASI-001,Japan,Industrial chemicals,Chemical Substances Control Law (CSCL) assessment system,A,implementation_note_curated_source_deep_read_pending,identity_resolution,https://www.nite.go.jp/en/chem/aboutcmc.html
ASI-001,Japan,Industrial chemicals,Chemical Substances Control Law (CSCL) assessment system,A,implementation_note_curated_source_deep_read_pending,property_evidence,https://www.nite.go.jp/en/chem/aboutcmc.html
ASI-001,Japan,Industrial chemicals,Chemical Substances Control Law (CSCL) assessment system,A,implementation_note_curated_source_deep_read_pending,regulatory_navigator,https://www.nite.go.jp/en/chem/aboutcmc.html
ASI-001,Japan,Industrial chemicals,Chemical Substances Control Law (CSCL) assessment system,A,implementation_note_curated_source_deep_read_pending,risk_report,https://www.nite.go.jp/en/chem/aboutcmc.html
ASI-001,Japan,Industrial chemicals,Chemical Substances Control Law (CSCL) assessment system,A,implementation_note_curated_source_deep_read_pending,source_provenance,https://www.nite.go.jp/en/chem/aboutcmc.html
ASI-002,Japan,Chemical information,NITE-CHRIP chemical risk information platform,A,implementation_note_curated_source_deep_read_pending,regulatory_navigator,https://www.nite.go.jp/en/chem/chrip/chrip_search/systemTop
ASI-002,Japan,Chemical information,NITE-CHRIP chemical risk information platform,A,implementation_note_curated_source_deep_read_pending,source_provenance,https://www.nite.go.jp/en/chem/chrip/chrip_search/systemTop
ASI-003,Japan,Food chemicals and pesticides,Risk assessment guidelines and evaluation documents,B,official_framework_registered_local_detail_required,application_scenario,https://www.fsc.go.jp/english/
ASI-003,Japan,Food chemicals and pesticides,Risk assessment guidelines and evaluation documents,B,official_framework_registered_local_detail_required,ecotox,https://www.fsc.go.jp/english/
ASI-003,Japan,Food chemicals and pesticides,Risk assessment guidelines and evaluation documents,B,official_framework_registered_local_detail_required,groundwater,https://www.fsc.go.jp/english/
ASI-003,Japan,Food chemicals and pesticides,Risk assessment guidelines and evaluation documents,B,official_framework_registered_local_detail_required,model_orchestration,https://www.fsc.go.jp/english/
ASI-003,Japan,Food chemicals and pesticides,Risk assessment guidelines and evaluation documents,B,official_framework_registered_local_detail_required,regulatory_navigator,https://www.fsc.go.jp/english/
ASI-003,Japan,Food chemicals and pesticides,Risk assessment guidelines and evaluation documents,B,official_framework_registered_local_detail_required,sediment,https://www.fsc.go.jp/english/
ASI-003,Japan,Food chemicals and pesticides,Risk assessment guidelines and evaluation documents,B,official_framework_registered_local_detail_required,source_provenance,https://www.fsc.go.jp/english/
ASI-003,Japan,Food chemicals and pesticides,Risk assessment guidelines and evaluation documents,B,official_framework_registered_local_detail_required,surface_water,https://www.fsc.go.jp/english/
ASI-004,China,New chemical substances,Measures for the Environmental Management Registration of New Chemical Substances (MEE Order No.12) and supporting guidance,B,implementation_note_curated_source_deep_read_pending,environmental_exposure,https://www.mee.gov.cn/ywgz/fgbz/bz/bzwb/gthw/qtxgbz/
ASI-004,China,New chemical substances,Measures for the Environmental Management Registration of New Chemical Substances (MEE Order No.12) and supporting guidance,B,implementation_note_curated_source_deep_read_pending,identity_resolution,https://www.mee.gov.cn/ywgz/fgbz/bz/bzwb/gthw/qtxgbz/
ASI-004,China,New chemical substances,Measures for the Environmental Management Registration of New Chemical Substances (MEE Order No.12) and supporting guidance,B,implementation_note_curated_source_deep_read_pending,property_evidence,https://www.mee.gov.cn/ywgz/fgbz/bz/bzwb/gthw/qtxgbz/
ASI-004,China,New chemical substances,Measures for the Environmental Management Registration of New Chemical Substances (MEE Order No.12) and supporting guidance,B,implementation_note_curated_source_deep_read_pending,regulatory_navigator,https://www.mee.gov.cn/ywgz/fgbz/bz/bzwb/gthw/qtxgbz/
ASI-004,China,New chemical substances,Measures for the Environmental Management Registration of New Chemical Substances (MEE Order No.12) and supporting guidance,B,implementation_note_curated_source_deep_read_pending,risk_report,https://www.mee.gov.cn/ywgz/fgbz/bz/bzwb/gthw/qtxgbz/
ASI-004,China,New chemical substances,Measures for the Environmental Management Registration of New Chemical Substances (MEE Order No.12) and supporting guidance,B,implementation_note_curated_source_deep_read_pending,source_provenance,https://www.mee.gov.cn/ywgz/fgbz/bz/bzwb/gthw/qtxgbz/
ASI-005,China,Food chemicals,National food-safety standards and new food ingredient/additive assessment,B,official_framework_registered_local_detail_required,regulatory_navigator,https://www.nhc.gov.cn/wjw/zcjd/list.shtml
ASI-005,China,Food chemicals,National food-safety standards and new food ingredient/additive assessment,B,official_framework_registered_local_detail_required,source_provenance,https://www.nhc.gov.cn/wjw/zcjd/list.shtml
ASI-006,South Korea,Industrial chemicals,K-REACH registration and risk assessment system,B,implementation_note_curated_source_deep_read_pending,environmental_exposure,https://kreach.me.go.kr/repwrt/index.do
ASI-006,South Korea,Industrial chemicals,K-REACH registration and risk assessment system,B,implementation_note_curated_source_deep_read_pending,identity_resolution,https://kreach.me.go.kr/repwrt/index.do
ASI-006,South Korea,Industrial chemicals,K-REACH registration and risk assessment system,B,implementation_note_curated_source_deep_read_pending,property_evidence,https://kreach.me.go.kr/repwrt/index.do
ASI-006,South Korea,Industrial chemicals,K-REACH registration and risk assessment system,B,implementation_note_curated_source_deep_read_pending,regulatory_navigator,https://kreach.me.go.kr/repwrt/index.do
ASI-006,South Korea,Industrial chemicals,K-REACH registration and risk assessment system,B,implementation_note_curated_source_deep_read_pending,risk_report,https://kreach.me.go.kr/repwrt/index.do
ASI-006,South Korea,Industrial chemicals,K-REACH registration and risk assessment system,B,implementation_note_curated_source_deep_read_pending,source_provenance,https://kreach.me.go.kr/repwrt/index.do
ASI-007,South Korea,Industrial chemicals,Published chemical risk-assessment reports under K-REACH,B,official_framework_registered_local_detail_required,environmental_exposure,https://ecolibrary.me.go.kr/nier/
ASI-007,South Korea,Industrial chemicals,Published chemical risk-assessment reports under K-REACH,B,official_framework_registered_local_detail_required,identity_resolution,https://ecolibrary.me.go.kr/nier/
ASI-007,South Korea,Industrial chemicals,Published chemical risk-assessment reports under K-REACH,B,official_framework_registered_local_detail_required,property_evidence,https://ecolibrary.me.go.kr/nier/
ASI-007,South Korea,Industrial chemicals,Published chemical risk-assessment reports under K-REACH,B,official_framework_registered_local_detail_required,regulatory_navigator,https://ecolibrary.me.go.kr/nier/
ASI-007,South Korea,Industrial chemicals,Published chemical risk-assessment reports under K-REACH,B,official_framework_registered_local_detail_required,risk_report,https://ecolibrary.me.go.kr/nier/
ASI-007,South Korea,Industrial chemicals,Published chemical risk-assessment reports under K-REACH,B,official_framework_registered_local_detail_required,source_provenance,https://ecolibrary.me.go.kr/nier/
ASI-008,Taiwan,Industrial chemicals,Toxic and Concerned Chemical Substances Control Act and new/existing chemical registration,B,official_framework_registered_local_detail_required,environmental_exposure,https://www.cha.gov.tw/mp-1.html
ASI-008,Taiwan,Industrial chemicals,Toxic and Concerned Chemical Substances Control Act and new/existing chemical registration,B,official_framework_registered_local_detail_required,identity_resolution,https://www.cha.gov.tw/mp-1.html
ASI-008,Taiwan,Industrial chemicals,Toxic and Concerned Chemical Substances Control Act and new/existing chemical registration,B,official_framework_registered_local_detail_required,property_evidence,https://www.cha.gov.tw/mp-1.html
ASI-008,Taiwan,Industrial chemicals,Toxic and Concerned Chemical Substances Control Act and new/existing chemical registration,B,official_framework_registered_local_detail_required,regulatory_navigator,https://www.cha.gov.tw/mp-1.html
ASI-008,Taiwan,Industrial chemicals,Toxic and Concerned Chemical Substances Control Act and new/existing chemical registration,B,official_framework_registered_local_detail_required,risk_report,https://www.cha.gov.tw/mp-1.html
ASI-008,Taiwan,Industrial chemicals,Toxic and Concerned Chemical Substances Control Act and new/existing chemical registration,B,official_framework_registered_local_detail_required,source_provenance,https://www.cha.gov.tw/mp-1.html
ASI-009,Taiwan,Workplace chemicals,Priority Management Chemicals / new chemical registration under occupational law,B,official_framework_registered_local_detail_required,coshh,https://www.osha.gov.tw/48110/48417/48419/
ASI-009,Taiwan,Workplace chemicals,Priority Management Chemicals / new chemical registration under occupational law,B,official_framework_registered_local_detail_required,regulatory_navigator,https://www.osha.gov.tw/48110/48417/48419/
ASI-009,Taiwan,Workplace chemicals,Priority Management Chemicals / new chemical registration under occupational law,B,official_framework_registered_local_detail_required,sds,https://www.osha.gov.tw/48110/48417/48419/
ASI-009,Taiwan,Workplace chemicals,Priority Management Chemicals / new chemical registration under occupational law,B,official_framework_registered_local_detail_required,source_provenance,https://www.osha.gov.tw/48110/48417/48419/
ASI-009,Taiwan,Workplace chemicals,Priority Management Chemicals / new chemical registration under occupational law,B,official_framework_registered_local_detail_required,task_risk_assessment,https://www.osha.gov.tw/48110/48417/48419/
ASI-010,India,Pesticides,Guidelines for registration of pesticides,A,official_source_registered_source_deep_read_pending,application_scenario,https://ppqs.gov.in/divisions/cib-rc/guidelines
ASI-010,India,Pesticides,Guidelines for registration of pesticides,A,official_source_registered_source_deep_read_pending,ecotox,https://ppqs.gov.in/divisions/cib-rc/guidelines
ASI-010,India,Pesticides,Guidelines for registration of pesticides,A,official_source_registered_source_deep_read_pending,groundwater,https://ppqs.gov.in/divisions/cib-rc/guidelines
ASI-010,India,Pesticides,Guidelines for registration of pesticides,A,official_source_registered_source_deep_read_pending,model_orchestration,https://ppqs.gov.in/divisions/cib-rc/guidelines
ASI-010,India,Pesticides,Guidelines for registration of pesticides,A,official_source_registered_source_deep_read_pending,regulatory_navigator,https://ppqs.gov.in/divisions/cib-rc/guidelines
ASI-010,India,Pesticides,Guidelines for registration of pesticides,A,official_source_registered_source_deep_read_pending,sediment,https://ppqs.gov.in/divisions/cib-rc/guidelines
ASI-010,India,Pesticides,Guidelines for registration of pesticides,A,official_source_registered_source_deep_read_pending,source_provenance,https://ppqs.gov.in/divisions/cib-rc/guidelines
ASI-010,India,Pesticides,Guidelines for registration of pesticides,A,official_source_registered_source_deep_read_pending,surface_water,https://ppqs.gov.in/divisions/cib-rc/guidelines
ASI-011,India,Industrial and hazardous chemicals,"Manufacture, Storage and Import of Hazardous Chemical Rules and chemical accident guidance",B,official_framework_registered_local_detail_required,regulatory_navigator,https://moef.gov.in/
ASI-011,India,Industrial and hazardous chemicals,"Manufacture, Storage and Import of Hazardous Chemical Rules and chemical accident guidance",B,official_framework_registered_local_detail_required,source_provenance,https://moef.gov.in/
ASI-012,Singapore,Hazardous substances,Management of Hazardous Substances under EPMA,A,official_source_registered_source_deep_read_pending,regulatory_navigator,https://www.nea.gov.sg/our-services/pollution-control/chemical-safety/hazardous-substances/management-of-hazardous-substances
ASI-012,Singapore,Hazardous substances,Management of Hazardous Substances under EPMA,A,official_source_registered_source_deep_read_pending,source_provenance,https://www.nea.gov.sg/our-services/pollution-control/chemical-safety/hazardous-substances/management-of-hazardous-substances
ASI-013,Singapore,"Food, health products and poisons",Sector-specific safety and product-registration guidance,B,official_framework_registered_local_detail_required,regulatory_navigator,https://www.sfa.gov.sg/food-information/risk-at-a-glance/chemical-hazards
ASI-013,Singapore,"Food, health products and poisons",Sector-specific safety and product-registration guidance,B,official_framework_registered_local_detail_required,source_provenance,https://www.sfa.gov.sg/food-information/risk-at-a-glance/chemical-hazards
ASI-014,Malaysia,Occupational chemicals,A Manual of Recommended Practice on Assessment of the Health Risks Arising from the Use of Chemicals Hazardous to Health at the Workplace (SiRAC),A,official_source_registered_source_deep_read_pending,coshh,https://www.dosh.gov.my/index.php/chemical-management-v/chemical-health-risk-assessment-chra
ASI-014,Malaysia,Occupational chemicals,A Manual of Recommended Practice on Assessment of the Health Risks Arising from the Use of Chemicals Hazardous to Health at the Workplace (SiRAC),A,official_source_registered_source_deep_read_pending,regulatory_navigator,https://www.dosh.gov.my/index.php/chemical-management-v/chemical-health-risk-assessment-chra
ASI-014,Malaysia,Occupational chemicals,A Manual of Recommended Practice on Assessment of the Health Risks Arising from the Use of Chemicals Hazardous to Health at the Workplace (SiRAC),A,official_source_registered_source_deep_read_pending,sds,https://www.dosh.gov.my/index.php/chemical-management-v/chemical-health-risk-assessment-chra
ASI-014,Malaysia,Occupational chemicals,A Manual of Recommended Practice on Assessment of the Health Risks Arising from the Use of Chemicals Hazardous to Health at the Workplace (SiRAC),A,official_source_registered_source_deep_read_pending,source_provenance,https://www.dosh.gov.my/index.php/chemical-management-v/chemical-health-risk-assessment-chra
ASI-014,Malaysia,Occupational chemicals,A Manual of Recommended Practice on Assessment of the Health Risks Arising from the Use of Chemicals Hazardous to Health at the Workplace (SiRAC),A,official_source_registered_source_deep_read_pending,task_risk_assessment,https://www.dosh.gov.my/index.php/chemical-management-v/chemical-health-risk-assessment-chra
ASI-015,Malaysia,Classification and labelling,Industry Code of Practice on Chemicals Classification and Hazard Communication (CLASS ICOP),A,official_source_registered_source_deep_read_pending,classification_labelling,https://www.dosh.gov.my/index.php/chemical-management-v/classification-record
ASI-015,Malaysia,Classification and labelling,Industry Code of Practice on Chemicals Classification and Hazard Communication (CLASS ICOP),A,official_source_registered_source_deep_read_pending,regulatory_navigator,https://www.dosh.gov.my/index.php/chemical-management-v/classification-record
ASI-015,Malaysia,Classification and labelling,Industry Code of Practice on Chemicals Classification and Hazard Communication (CLASS ICOP),A,official_source_registered_source_deep_read_pending,sds,https://www.dosh.gov.my/index.php/chemical-management-v/classification-record
ASI-015,Malaysia,Classification and labelling,Industry Code of Practice on Chemicals Classification and Hazard Communication (CLASS ICOP),A,official_source_registered_source_deep_read_pending,source_provenance,https://www.dosh.gov.my/index.php/chemical-management-v/classification-record
ASI-016,Thailand,Hazardous substances,Hazardous Substance Act implementation and sectoral registration guidance,B,official_framework_registered_local_detail_required,regulatory_navigator,https://www.diw.go.th/webdiw/en/
ASI-016,Thailand,Hazardous substances,Hazardous Substance Act implementation and sectoral registration guidance,B,official_framework_registered_local_detail_required,source_provenance,https://www.diw.go.th/webdiw/en/
ASI-017,Indonesia,Chemicals and pesticides,"Sectoral hazardous chemicals, pesticides and food/drug safety requirements",C,international_or_sector_pathway_local_verification_required,application_scenario,https://www.menlhk.go.id/
ASI-017,Indonesia,Chemicals and pesticides,"Sectoral hazardous chemicals, pesticides and food/drug safety requirements",C,international_or_sector_pathway_local_verification_required,ecotox,https://www.menlhk.go.id/
ASI-017,Indonesia,Chemicals and pesticides,"Sectoral hazardous chemicals, pesticides and food/drug safety requirements",C,international_or_sector_pathway_local_verification_required,groundwater,https://www.menlhk.go.id/
ASI-017,Indonesia,Chemicals and pesticides,"Sectoral hazardous chemicals, pesticides and food/drug safety requirements",C,international_or_sector_pathway_local_verification_required,model_orchestration,https://www.menlhk.go.id/
ASI-017,Indonesia,Chemicals and pesticides,"Sectoral hazardous chemicals, pesticides and food/drug safety requirements",C,international_or_sector_pathway_local_verification_required,regulatory_navigator,https://www.menlhk.go.id/
ASI-017,Indonesia,Chemicals and pesticides,"Sectoral hazardous chemicals, pesticides and food/drug safety requirements",C,international_or_sector_pathway_local_verification_required,sediment,https://www.menlhk.go.id/
ASI-017,Indonesia,Chemicals and pesticides,"Sectoral hazardous chemicals, pesticides and food/drug safety requirements",C,international_or_sector_pathway_local_verification_required,source_provenance,https://www.menlhk.go.id/
ASI-017,Indonesia,Chemicals and pesticides,"Sectoral hazardous chemicals, pesticides and food/drug safety requirements",C,international_or_sector_pathway_local_verification_required,surface_water,https://www.menlhk.go.id/
ASI-018,Philippines,Industrial chemicals,Philippine Inventory of Chemicals and Chemical Substances / Chemical Control Orders,B,official_framework_registered_local_detail_required,environmental_exposure,https://chemical.emb.gov.ph/
ASI-018,Philippines,Industrial chemicals,Philippine Inventory of Chemicals and Chemical Substances / Chemical Control Orders,B,official_framework_registered_local_detail_required,identity_resolution,https://chemical.emb.gov.ph/
ASI-018,Philippines,Industrial chemicals,Philippine Inventory of Chemicals and Chemical Substances / Chemical Control Orders,B,official_framework_registered_local_detail_required,property_evidence,https://chemical.emb.gov.ph/
ASI-018,Philippines,Industrial chemicals,Philippine Inventory of Chemicals and Chemical Substances / Chemical Control Orders,B,official_framework_registered_local_detail_required,regulatory_navigator,https://chemical.emb.gov.ph/
ASI-018,Philippines,Industrial chemicals,Philippine Inventory of Chemicals and Chemical Substances / Chemical Control Orders,B,official_framework_registered_local_detail_required,risk_report,https://chemical.emb.gov.ph/
ASI-018,Philippines,Industrial chemicals,Philippine Inventory of Chemicals and Chemical Substances / Chemical Control Orders,B,official_framework_registered_local_detail_required,source_provenance,https://chemical.emb.gov.ph/
ASI-019,Vietnam,Industrial chemicals,Law on Chemicals and implementing guidance,B,official_framework_registered_local_detail_required,environmental_exposure,https://vinachemia.gov.vn/en/
ASI-019,Vietnam,Industrial chemicals,Law on Chemicals and implementing guidance,B,official_framework_registered_local_detail_required,identity_resolution,https://vinachemia.gov.vn/en/
ASI-019,Vietnam,Industrial chemicals,Law on Chemicals and implementing guidance,B,official_framework_registered_local_detail_required,property_evidence,https://vinachemia.gov.vn/en/
ASI-019,Vietnam,Industrial chemicals,Law on Chemicals and implementing guidance,B,official_framework_registered_local_detail_required,regulatory_navigator,https://vinachemia.gov.vn/en/
ASI-019,Vietnam,Industrial chemicals,Law on Chemicals and implementing guidance,B,official_framework_registered_local_detail_required,risk_report,https://vinachemia.gov.vn/en/
ASI-019,Vietnam,Industrial chemicals,Law on Chemicals and implementing guidance,B,official_framework_registered_local_detail_required,source_provenance,https://vinachemia.gov.vn/en/
ASI-020,Pakistan,Pesticides and hazardous chemicals,Agricultural pesticide registration and sectoral environmental controls,C,international_or_sector_pathway_local_verification_required,application_scenario,https://plantprotection.gov.pk/
ASI-020,Pakistan,Pesticides and hazardous chemicals,Agricultural pesticide registration and sectoral environmental controls,C,international_or_sector_pathway_local_verification_required,ecotox,https://plantprotection.gov.pk/
ASI-020,Pakistan,Pesticides and hazardous chemicals,Agricultural pesticide registration and sectoral environmental controls,C,international_or_sector_pathway_local_verification_required,groundwater,https://plantprotection.gov.pk/
ASI-020,Pakistan,Pesticides and hazardous chemicals,Agricultural pesticide registration and sectoral environmental controls,C,international_or_sector_pathway_local_verification_required,model_orchestration,https://plantprotection.gov.pk/
ASI-020,Pakistan,Pesticides and hazardous chemicals,Agricultural pesticide registration and sectoral environmental controls,C,international_or_sector_pathway_local_verification_required,regulatory_navigator,https://plantprotection.gov.pk/
ASI-020,Pakistan,Pesticides and hazardous chemicals,Agricultural pesticide registration and sectoral environmental controls,C,international_or_sector_pathway_local_verification_required,sediment,https://plantprotection.gov.pk/
ASI-020,Pakistan,Pesticides and hazardous chemicals,Agricultural pesticide registration and sectoral environmental controls,C,international_or_sector_pathway_local_verification_required,source_provenance,https://plantprotection.gov.pk/
ASI-020,Pakistan,Pesticides and hazardous chemicals,Agricultural pesticide registration and sectoral environmental controls,C,international_or_sector_pathway_local_verification_required,surface_water,https://plantprotection.gov.pk/
ASI-021,Bangladesh,Pesticides and hazardous chemicals,Pesticide registration and environmental-clearance requirements,C,international_or_sector_pathway_local_verification_required,application_scenario,https://dae.gov.bd/
ASI-021,Bangladesh,Pesticides and hazardous chemicals,Pesticide registration and environmental-clearance requirements,C,international_or_sector_pathway_local_verification_required,ecotox,https://dae.gov.bd/
ASI-021,Bangladesh,Pesticides and hazardous chemicals,Pesticide registration and environmental-clearance requirements,C,international_or_sector_pathway_local_verification_required,groundwater,https://dae.gov.bd/
ASI-021,Bangladesh,Pesticides and hazardous chemicals,Pesticide registration and environmental-clearance requirements,C,international_or_sector_pathway_local_verification_required,model_orchestration,https://dae.gov.bd/
ASI-021,Bangladesh,Pesticides and hazardous chemicals,Pesticide registration and environmental-clearance requirements,C,international_or_sector_pathway_local_verification_required,regulatory_navigator,https://dae.gov.bd/
ASI-021,Bangladesh,Pesticides and hazardous chemicals,Pesticide registration and environmental-clearance requirements,C,international_or_sector_pathway_local_verification_required,sediment,https://dae.gov.bd/
ASI-021,Bangladesh,Pesticides and hazardous chemicals,Pesticide registration and environmental-clearance requirements,C,international_or_sector_pathway_local_verification_required,source_provenance,https://dae.gov.bd/
ASI-021,Bangladesh,Pesticides and hazardous chemicals,Pesticide registration and environmental-clearance requirements,C,international_or_sector_pathway_local_verification_required,surface_water,https://dae.gov.bd/
ASI-022,Sri Lanka,Pesticides and hazardous chemicals,Pesticide registration guidance and national environmental controls,C,international_or_sector_pathway_local_verification_required,application_scenario,https://rop.gov.lk/
ASI-022,Sri Lanka,Pesticides and hazardous chemicals,Pesticide registration guidance and national environmental controls,C,international_or_sector_pathway_local_verification_required,ecotox,https://rop.gov.lk/
ASI-022,Sri Lanka,Pesticides and hazardous chemicals,Pesticide registration guidance and national environmental controls,C,international_or_sector_pathway_local_verification_required,groundwater,https://rop.gov.lk/
ASI-022,Sri Lanka,Pesticides and hazardous chemicals,Pesticide registration guidance and national environmental controls,C,international_or_sector_pathway_local_verification_required,model_orchestration,https://rop.gov.lk/
ASI-022,Sri Lanka,Pesticides and hazardous chemicals,Pesticide registration guidance and national environmental controls,C,international_or_sector_pathway_local_verification_required,regulatory_navigator,https://rop.gov.lk/
ASI-022,Sri Lanka,Pesticides and hazardous chemicals,Pesticide registration guidance and national environmental controls,C,international_or_sector_pathway_local_verification_required,sediment,https://rop.gov.lk/
ASI-022,Sri Lanka,Pesticides and hazardous chemicals,Pesticide registration guidance and national environmental controls,C,international_or_sector_pathway_local_verification_required,source_provenance,https://rop.gov.lk/
ASI-022,Sri Lanka,Pesticides and hazardous chemicals,Pesticide registration guidance and national environmental controls,C,international_or_sector_pathway_local_verification_required,surface_water,https://rop.gov.lk/
LAT-001,Brazil,Pesticides,Tripartite pesticide risk-assessment and registration system,A,implementation_note_curated_source_deep_read_pending,application_scenario,https://www.gov.br/anvisa/en/regulation-of-products/pesticides
LAT-001,Brazil,Pesticides,Tripartite pesticide risk-assessment and registration system,A,implementation_note_curated_source_deep_read_pending,ecotox,https://www.gov.br/anvisa/en/regulation-of-products/pesticides
LAT-001,Brazil,Pesticides,Tripartite pesticide risk-assessment and registration system,A,implementation_note_curated_source_deep_read_pending,groundwater,https://www.gov.br/anvisa/en/regulation-of-products/pesticides
LAT-001,Brazil,Pesticides,Tripartite pesticide risk-assessment and registration system,A,implementation_note_curated_source_deep_read_pending,model_orchestration,https://www.gov.br/anvisa/en/regulation-of-products/pesticides
LAT-001,Brazil,Pesticides,Tripartite pesticide risk-assessment and registration system,A,implementation_note_curated_source_deep_read_pending,regulatory_navigator,https://www.gov.br/anvisa/en/regulation-of-products/pesticides
LAT-001,Brazil,Pesticides,Tripartite pesticide risk-assessment and registration system,A,implementation_note_curated_source_deep_read_pending,sediment,https://www.gov.br/anvisa/en/regulation-of-products/pesticides
LAT-001,Brazil,Pesticides,Tripartite pesticide risk-assessment and registration system,A,implementation_note_curated_source_deep_read_pending,source_provenance,https://www.gov.br/anvisa/en/regulation-of-products/pesticides
LAT-001,Brazil,Pesticides,Tripartite pesticide risk-assessment and registration system,A,implementation_note_curated_source_deep_read_pending,surface_water,https://www.gov.br/anvisa/en/regulation-of-products/pesticides
LAT-002,Brazil,Pesticides,Environmental evaluation and classification of pesticides,B,implementation_note_curated_source_deep_read_pending,application_scenario,https://www.gov.br/ibama/pt-br/assuntos/quimicos-e-biologicos/agrotoxicos
LAT-002,Brazil,Pesticides,Environmental evaluation and classification of pesticides,B,implementation_note_curated_source_deep_read_pending,classification_labelling,https://www.gov.br/ibama/pt-br/assuntos/quimicos-e-biologicos/agrotoxicos
LAT-002,Brazil,Pesticides,Environmental evaluation and classification of pesticides,B,implementation_note_curated_source_deep_read_pending,ecotox,https://www.gov.br/ibama/pt-br/assuntos/quimicos-e-biologicos/agrotoxicos
LAT-002,Brazil,Pesticides,Environmental evaluation and classification of pesticides,B,implementation_note_curated_source_deep_read_pending,groundwater,https://www.gov.br/ibama/pt-br/assuntos/quimicos-e-biologicos/agrotoxicos
LAT-002,Brazil,Pesticides,Environmental evaluation and classification of pesticides,B,implementation_note_curated_source_deep_read_pending,model_orchestration,https://www.gov.br/ibama/pt-br/assuntos/quimicos-e-biologicos/agrotoxicos
LAT-002,Brazil,Pesticides,Environmental evaluation and classification of pesticides,B,implementation_note_curated_source_deep_read_pending,regulatory_navigator,https://www.gov.br/ibama/pt-br/assuntos/quimicos-e-biologicos/agrotoxicos
LAT-002,Brazil,Pesticides,Environmental evaluation and classification of pesticides,B,implementation_note_curated_source_deep_read_pending,sds,https://www.gov.br/ibama/pt-br/assuntos/quimicos-e-biologicos/agrotoxicos
LAT-002,Brazil,Pesticides,Environmental evaluation and classification of pesticides,B,implementation_note_curated_source_deep_read_pending,sediment,https://www.gov.br/ibama/pt-br/assuntos/quimicos-e-biologicos/agrotoxicos
LAT-002,Brazil,Pesticides,Environmental evaluation and classification of pesticides,B,implementation_note_curated_source_deep_read_pending,source_provenance,https://www.gov.br/ibama/pt-br/assuntos/quimicos-e-biologicos/agrotoxicos
LAT-002,Brazil,Pesticides,Environmental evaluation and classification of pesticides,B,implementation_note_curated_source_deep_read_pending,surface_water,https://www.gov.br/ibama/pt-br/assuntos/quimicos-e-biologicos/agrotoxicos
LAT-003,Brazil,Food and consumer chemicals,ANVISA toxicological evaluation and sectoral product guidance,B,official_framework_registered_local_detail_required,regulatory_navigator,https://www.gov.br/anvisa/pt-br/assuntos/regulamentacao
LAT-003,Brazil,Food and consumer chemicals,ANVISA toxicological evaluation and sectoral product guidance,B,official_framework_registered_local_detail_required,source_provenance,https://www.gov.br/anvisa/pt-br/assuntos/regulamentacao
LAT-004,Mexico,Pesticides and hazardous substances,Joint pesticide registration and sectoral chemical controls,B,implementation_note_curated_source_deep_read_pending,application_scenario,https://www.gob.mx/cofepris/acciones-y-programas/plaguicidas
LAT-004,Mexico,Pesticides and hazardous substances,Joint pesticide registration and sectoral chemical controls,B,implementation_note_curated_source_deep_read_pending,ecotox,https://www.gob.mx/cofepris/acciones-y-programas/plaguicidas
LAT-004,Mexico,Pesticides and hazardous substances,Joint pesticide registration and sectoral chemical controls,B,implementation_note_curated_source_deep_read_pending,groundwater,https://www.gob.mx/cofepris/acciones-y-programas/plaguicidas
LAT-004,Mexico,Pesticides and hazardous substances,Joint pesticide registration and sectoral chemical controls,B,implementation_note_curated_source_deep_read_pending,model_orchestration,https://www.gob.mx/cofepris/acciones-y-programas/plaguicidas
LAT-004,Mexico,Pesticides and hazardous substances,Joint pesticide registration and sectoral chemical controls,B,implementation_note_curated_source_deep_read_pending,regulatory_navigator,https://www.gob.mx/cofepris/acciones-y-programas/plaguicidas
LAT-004,Mexico,Pesticides and hazardous substances,Joint pesticide registration and sectoral chemical controls,B,implementation_note_curated_source_deep_read_pending,sediment,https://www.gob.mx/cofepris/acciones-y-programas/plaguicidas
LAT-004,Mexico,Pesticides and hazardous substances,Joint pesticide registration and sectoral chemical controls,B,implementation_note_curated_source_deep_read_pending,source_provenance,https://www.gob.mx/cofepris/acciones-y-programas/plaguicidas
LAT-004,Mexico,Pesticides and hazardous substances,Joint pesticide registration and sectoral chemical controls,B,implementation_note_curated_source_deep_read_pending,surface_water,https://www.gob.mx/cofepris/acciones-y-programas/plaguicidas
LAT-005,Mexico,Environmental chemicals,"Environmental risk, hazardous materials and contaminated-site rules",B,implementation_note_curated_source_deep_read_pending,regulatory_navigator,https://www.gob.mx/semarnat/acciones-y-programas/materiales-y-actividades-riesgosas
LAT-005,Mexico,Environmental chemicals,"Environmental risk, hazardous materials and contaminated-site rules",B,implementation_note_curated_source_deep_read_pending,source_provenance,https://www.gob.mx/semarnat/acciones-y-programas/materiales-y-actividades-riesgosas
LAT-006,Colombia,Industrial chemicals,National chemicals-management and industrial-chemical inventory framework,B,official_framework_registered_local_detail_required,environmental_exposure,https://quimicos.minambiente.gov.co/
LAT-006,Colombia,Industrial chemicals,National chemicals-management and industrial-chemical inventory framework,B,official_framework_registered_local_detail_required,identity_resolution,https://quimicos.minambiente.gov.co/
LAT-006,Colombia,Industrial chemicals,National chemicals-management and industrial-chemical inventory framework,B,official_framework_registered_local_detail_required,property_evidence,https://quimicos.minambiente.gov.co/
LAT-006,Colombia,Industrial chemicals,National chemicals-management and industrial-chemical inventory framework,B,official_framework_registered_local_detail_required,regulatory_navigator,https://quimicos.minambiente.gov.co/
LAT-006,Colombia,Industrial chemicals,National chemicals-management and industrial-chemical inventory framework,B,official_framework_registered_local_detail_required,risk_report,https://quimicos.minambiente.gov.co/
LAT-006,Colombia,Industrial chemicals,National chemicals-management and industrial-chemical inventory framework,B,official_framework_registered_local_detail_required,source_provenance,https://quimicos.minambiente.gov.co/
LAT-007,Chile,Industrial chemicals,Chemical substances notification and inventory system,B,official_framework_registered_local_detail_required,environmental_exposure,https://sqi.mma.gob.cl/
LAT-007,Chile,Industrial chemicals,Chemical substances notification and inventory system,B,official_framework_registered_local_detail_required,identity_resolution,https://sqi.mma.gob.cl/
LAT-007,Chile,Industrial chemicals,Chemical substances notification and inventory system,B,official_framework_registered_local_detail_required,property_evidence,https://sqi.mma.gob.cl/
LAT-007,Chile,Industrial chemicals,Chemical substances notification and inventory system,B,official_framework_registered_local_detail_required,regulatory_navigator,https://sqi.mma.gob.cl/
LAT-007,Chile,Industrial chemicals,Chemical substances notification and inventory system,B,official_framework_registered_local_detail_required,risk_report,https://sqi.mma.gob.cl/
LAT-007,Chile,Industrial chemicals,Chemical substances notification and inventory system,B,official_framework_registered_local_detail_required,source_provenance,https://sqi.mma.gob.cl/
LAT-008,Argentina,"Pesticides, food, workplace and hazardous chemicals",Sectoral chemical risk-assessment and registration requirements,C,international_or_sector_pathway_local_verification_required,application_scenario,https://www.argentina.gob.ar/senasa/programas-sanitarios/productos-veterinarios-fitosanitarios-y-fertilizantes
LAT-008,Argentina,"Pesticides, food, workplace and hazardous chemicals",Sectoral chemical risk-assessment and registration requirements,C,international_or_sector_pathway_local_verification_required,coshh,https://www.argentina.gob.ar/senasa/programas-sanitarios/productos-veterinarios-fitosanitarios-y-fertilizantes
LAT-008,Argentina,"Pesticides, food, workplace and hazardous chemicals",Sectoral chemical risk-assessment and registration requirements,C,international_or_sector_pathway_local_verification_required,ecotox,https://www.argentina.gob.ar/senasa/programas-sanitarios/productos-veterinarios-fitosanitarios-y-fertilizantes
LAT-008,Argentina,"Pesticides, food, workplace and hazardous chemicals",Sectoral chemical risk-assessment and registration requirements,C,international_or_sector_pathway_local_verification_required,groundwater,https://www.argentina.gob.ar/senasa/programas-sanitarios/productos-veterinarios-fitosanitarios-y-fertilizantes
LAT-008,Argentina,"Pesticides, food, workplace and hazardous chemicals",Sectoral chemical risk-assessment and registration requirements,C,international_or_sector_pathway_local_verification_required,model_orchestration,https://www.argentina.gob.ar/senasa/programas-sanitarios/productos-veterinarios-fitosanitarios-y-fertilizantes
LAT-008,Argentina,"Pesticides, food, workplace and hazardous chemicals",Sectoral chemical risk-assessment and registration requirements,C,international_or_sector_pathway_local_verification_required,regulatory_navigator,https://www.argentina.gob.ar/senasa/programas-sanitarios/productos-veterinarios-fitosanitarios-y-fertilizantes
LAT-008,Argentina,"Pesticides, food, workplace and hazardous chemicals",Sectoral chemical risk-assessment and registration requirements,C,international_or_sector_pathway_local_verification_required,sds,https://www.argentina.gob.ar/senasa/programas-sanitarios/productos-veterinarios-fitosanitarios-y-fertilizantes
LAT-008,Argentina,"Pesticides, food, workplace and hazardous chemicals",Sectoral chemical risk-assessment and registration requirements,C,international_or_sector_pathway_local_verification_required,sediment,https://www.argentina.gob.ar/senasa/programas-sanitarios/productos-veterinarios-fitosanitarios-y-fertilizantes
LAT-008,Argentina,"Pesticides, food, workplace and hazardous chemicals",Sectoral chemical risk-assessment and registration requirements,C,international_or_sector_pathway_local_verification_required,source_provenance,https://www.argentina.gob.ar/senasa/programas-sanitarios/productos-veterinarios-fitosanitarios-y-fertilizantes
LAT-008,Argentina,"Pesticides, food, workplace and hazardous chemicals",Sectoral chemical risk-assessment and registration requirements,C,international_or_sector_pathway_local_verification_required,surface_water,https://www.argentina.gob.ar/senasa/programas-sanitarios/productos-veterinarios-fitosanitarios-y-fertilizantes
LAT-008,Argentina,"Pesticides, food, workplace and hazardous chemicals",Sectoral chemical risk-assessment and registration requirements,C,international_or_sector_pathway_local_verification_required,task_risk_assessment,https://www.argentina.gob.ar/senasa/programas-sanitarios/productos-veterinarios-fitosanitarios-y-fertilizantes
LAT-009,Peru,Pesticides and hazardous substances,Andean pesticide registration and national sectoral chemical controls,B,official_framework_registered_local_detail_required,application_scenario,https://www.gob.pe/senasa
LAT-009,Peru,Pesticides and hazardous substances,Andean pesticide registration and national sectoral chemical controls,B,official_framework_registered_local_detail_required,ecotox,https://www.gob.pe/senasa
LAT-009,Peru,Pesticides and hazardous substances,Andean pesticide registration and national sectoral chemical controls,B,official_framework_registered_local_detail_required,groundwater,https://www.gob.pe/senasa
LAT-009,Peru,Pesticides and hazardous substances,Andean pesticide registration and national sectoral chemical controls,B,official_framework_registered_local_detail_required,model_orchestration,https://www.gob.pe/senasa
LAT-009,Peru,Pesticides and hazardous substances,Andean pesticide registration and national sectoral chemical controls,B,official_framework_registered_local_detail_required,regulatory_navigator,https://www.gob.pe/senasa
LAT-009,Peru,Pesticides and hazardous substances,Andean pesticide registration and national sectoral chemical controls,B,official_framework_registered_local_detail_required,sediment,https://www.gob.pe/senasa
LAT-009,Peru,Pesticides and hazardous substances,Andean pesticide registration and national sectoral chemical controls,B,official_framework_registered_local_detail_required,source_provenance,https://www.gob.pe/senasa
LAT-009,Peru,Pesticides and hazardous substances,Andean pesticide registration and national sectoral chemical controls,B,official_framework_registered_local_detail_required,surface_water,https://www.gob.pe/senasa
LAT-010,Andean Community,Agricultural pesticides,Andean Manual for Registration and Control of Chemical Pesticides for Agricultural Use,B,official_framework_registered_local_detail_required,application_scenario,https://www.comunidadandina.org/temas/dg1/sanidad-agropecuaria/
LAT-010,Andean Community,Agricultural pesticides,Andean Manual for Registration and Control of Chemical Pesticides for Agricultural Use,B,official_framework_registered_local_detail_required,ecotox,https://www.comunidadandina.org/temas/dg1/sanidad-agropecuaria/
LAT-010,Andean Community,Agricultural pesticides,Andean Manual for Registration and Control of Chemical Pesticides for Agricultural Use,B,official_framework_registered_local_detail_required,groundwater,https://www.comunidadandina.org/temas/dg1/sanidad-agropecuaria/
LAT-010,Andean Community,Agricultural pesticides,Andean Manual for Registration and Control of Chemical Pesticides for Agricultural Use,B,official_framework_registered_local_detail_required,model_orchestration,https://www.comunidadandina.org/temas/dg1/sanidad-agropecuaria/
LAT-010,Andean Community,Agricultural pesticides,Andean Manual for Registration and Control of Chemical Pesticides for Agricultural Use,B,official_framework_registered_local_detail_required,regulatory_navigator,https://www.comunidadandina.org/temas/dg1/sanidad-agropecuaria/
LAT-010,Andean Community,Agricultural pesticides,Andean Manual for Registration and Control of Chemical Pesticides for Agricultural Use,B,official_framework_registered_local_detail_required,sediment,https://www.comunidadandina.org/temas/dg1/sanidad-agropecuaria/
LAT-010,Andean Community,Agricultural pesticides,Andean Manual for Registration and Control of Chemical Pesticides for Agricultural Use,B,official_framework_registered_local_detail_required,source_provenance,https://www.comunidadandina.org/temas/dg1/sanidad-agropecuaria/
LAT-010,Andean Community,Agricultural pesticides,Andean Manual for Registration and Control of Chemical Pesticides for Agricultural Use,B,official_framework_registered_local_detail_required,surface_water,https://www.comunidadandina.org/temas/dg1/sanidad-agropecuaria/
LAT-011,Costa Rica,Pesticides and hazardous chemicals,Pesticide registration and sectoral chemical controls,C,international_or_sector_pathway_local_verification_required,application_scenario,https://www.sfe.go.cr/
LAT-011,Costa Rica,Pesticides and hazardous chemicals,Pesticide registration and sectoral chemical controls,C,international_or_sector_pathway_local_verification_required,ecotox,https://www.sfe.go.cr/
LAT-011,Costa Rica,Pesticides and hazardous chemicals,Pesticide registration and sectoral chemical controls,C,international_or_sector_pathway_local_verification_required,groundwater,https://www.sfe.go.cr/
LAT-011,Costa Rica,Pesticides and hazardous chemicals,Pesticide registration and sectoral chemical controls,C,international_or_sector_pathway_local_verification_required,model_orchestration,https://www.sfe.go.cr/
LAT-011,Costa Rica,Pesticides and hazardous chemicals,Pesticide registration and sectoral chemical controls,C,international_or_sector_pathway_local_verification_required,regulatory_navigator,https://www.sfe.go.cr/
LAT-011,Costa Rica,Pesticides and hazardous chemicals,Pesticide registration and sectoral chemical controls,C,international_or_sector_pathway_local_verification_required,sediment,https://www.sfe.go.cr/
LAT-011,Costa Rica,Pesticides and hazardous chemicals,Pesticide registration and sectoral chemical controls,C,international_or_sector_pathway_local_verification_required,source_provenance,https://www.sfe.go.cr/
LAT-011,Costa Rica,Pesticides and hazardous chemicals,Pesticide registration and sectoral chemical controls,C,international_or_sector_pathway_local_verification_required,surface_water,https://www.sfe.go.cr/
AFR-001,South Africa,Chemicals management,Chemicals Management in the Environment sector portal,A,official_source_registered_source_deep_read_pending,regulatory_navigator,https://www.dffe.gov.za/chemicals-management-environment-sector
AFR-001,South Africa,Chemicals management,Chemicals Management in the Environment sector portal,A,official_source_registered_source_deep_read_pending,source_provenance,https://www.dffe.gov.za/chemicals-management-environment-sector
AFR-002,South Africa,Occupational chemicals,"Hazardous Chemical Agents Regulations, 2021",A,official_source_registered_source_deep_read_pending,coshh,https://www.gov.za/documents/regulations/hazardous-chemical-agents-regulations-2021-29-mar-2021-0000
AFR-002,South Africa,Occupational chemicals,"Hazardous Chemical Agents Regulations, 2021",A,official_source_registered_source_deep_read_pending,regulatory_navigator,https://www.gov.za/documents/regulations/hazardous-chemical-agents-regulations-2021-29-mar-2021-0000
AFR-002,South Africa,Occupational chemicals,"Hazardous Chemical Agents Regulations, 2021",A,official_source_registered_source_deep_read_pending,sds,https://www.gov.za/documents/regulations/hazardous-chemical-agents-regulations-2021-29-mar-2021-0000
AFR-002,South Africa,Occupational chemicals,"Hazardous Chemical Agents Regulations, 2021",A,official_source_registered_source_deep_read_pending,source_provenance,https://www.gov.za/documents/regulations/hazardous-chemical-agents-regulations-2021-29-mar-2021-0000
AFR-002,South Africa,Occupational chemicals,"Hazardous Chemical Agents Regulations, 2021",A,official_source_registered_source_deep_read_pending,task_risk_assessment,https://www.gov.za/documents/regulations/hazardous-chemical-agents-regulations-2021-29-mar-2021-0000
AFR-003,South Africa,Pesticides,Agricultural remedies registration and risk requirements,B,official_framework_registered_local_detail_required,application_scenario,https://www.nda.gov.za/
AFR-003,South Africa,Pesticides,Agricultural remedies registration and risk requirements,B,official_framework_registered_local_detail_required,ecotox,https://www.nda.gov.za/
AFR-003,South Africa,Pesticides,Agricultural remedies registration and risk requirements,B,official_framework_registered_local_detail_required,groundwater,https://www.nda.gov.za/
AFR-003,South Africa,Pesticides,Agricultural remedies registration and risk requirements,B,official_framework_registered_local_detail_required,model_orchestration,https://www.nda.gov.za/
AFR-003,South Africa,Pesticides,Agricultural remedies registration and risk requirements,B,official_framework_registered_local_detail_required,regulatory_navigator,https://www.nda.gov.za/
AFR-003,South Africa,Pesticides,Agricultural remedies registration and risk requirements,B,official_framework_registered_local_detail_required,sediment,https://www.nda.gov.za/
AFR-003,South Africa,Pesticides,Agricultural remedies registration and risk requirements,B,official_framework_registered_local_detail_required,source_provenance,https://www.nda.gov.za/
AFR-003,South Africa,Pesticides,Agricultural remedies registration and risk requirements,B,official_framework_registered_local_detail_required,surface_water,https://www.nda.gov.za/
AFR-004,Nigeria,"Pesticides, food, consumer and environmental chemicals",Sectoral chemical registration and environmental standards,C,international_or_sector_pathway_local_verification_required,application_scenario,https://www.nafdac.gov.ng/
AFR-004,Nigeria,"Pesticides, food, consumer and environmental chemicals",Sectoral chemical registration and environmental standards,C,international_or_sector_pathway_local_verification_required,ecotox,https://www.nafdac.gov.ng/
AFR-004,Nigeria,"Pesticides, food, consumer and environmental chemicals",Sectoral chemical registration and environmental standards,C,international_or_sector_pathway_local_verification_required,groundwater,https://www.nafdac.gov.ng/
AFR-004,Nigeria,"Pesticides, food, consumer and environmental chemicals",Sectoral chemical registration and environmental standards,C,international_or_sector_pathway_local_verification_required,model_orchestration,https://www.nafdac.gov.ng/
AFR-004,Nigeria,"Pesticides, food, consumer and environmental chemicals",Sectoral chemical registration and environmental standards,C,international_or_sector_pathway_local_verification_required,regulatory_navigator,https://www.nafdac.gov.ng/
AFR-004,Nigeria,"Pesticides, food, consumer and environmental chemicals",Sectoral chemical registration and environmental standards,C,international_or_sector_pathway_local_verification_required,sediment,https://www.nafdac.gov.ng/
AFR-004,Nigeria,"Pesticides, food, consumer and environmental chemicals",Sectoral chemical registration and environmental standards,C,international_or_sector_pathway_local_verification_required,source_provenance,https://www.nafdac.gov.ng/
AFR-004,Nigeria,"Pesticides, food, consumer and environmental chemicals",Sectoral chemical registration and environmental standards,C,international_or_sector_pathway_local_verification_required,surface_water,https://www.nafdac.gov.ng/
AFR-005,Kenya,Pesticides and environmental chemicals,Pest control product registration and environmental assessment,B,official_framework_registered_local_detail_required,application_scenario,https://www.pcpb.go.ke/
AFR-005,Kenya,Pesticides and environmental chemicals,Pest control product registration and environmental assessment,B,official_framework_registered_local_detail_required,ecotox,https://www.pcpb.go.ke/
AFR-005,Kenya,Pesticides and environmental chemicals,Pest control product registration and environmental assessment,B,official_framework_registered_local_detail_required,groundwater,https://www.pcpb.go.ke/
AFR-005,Kenya,Pesticides and environmental chemicals,Pest control product registration and environmental assessment,B,official_framework_registered_local_detail_required,model_orchestration,https://www.pcpb.go.ke/
AFR-005,Kenya,Pesticides and environmental chemicals,Pest control product registration and environmental assessment,B,official_framework_registered_local_detail_required,regulatory_navigator,https://www.pcpb.go.ke/
AFR-005,Kenya,Pesticides and environmental chemicals,Pest control product registration and environmental assessment,B,official_framework_registered_local_detail_required,sediment,https://www.pcpb.go.ke/
AFR-005,Kenya,Pesticides and environmental chemicals,Pest control product registration and environmental assessment,B,official_framework_registered_local_detail_required,source_provenance,https://www.pcpb.go.ke/
AFR-005,Kenya,Pesticides and environmental chemicals,Pest control product registration and environmental assessment,B,official_framework_registered_local_detail_required,surface_water,https://www.pcpb.go.ke/
AFR-006,Ghana,Pesticides and hazardous chemicals,Pesticide registration and chemicals-management requirements,B,official_framework_registered_local_detail_required,application_scenario,https://www.epa.gov.gh/
AFR-006,Ghana,Pesticides and hazardous chemicals,Pesticide registration and chemicals-management requirements,B,official_framework_registered_local_detail_required,ecotox,https://www.epa.gov.gh/
AFR-006,Ghana,Pesticides and hazardous chemicals,Pesticide registration and chemicals-management requirements,B,official_framework_registered_local_detail_required,groundwater,https://www.epa.gov.gh/
AFR-006,Ghana,Pesticides and hazardous chemicals,Pesticide registration and chemicals-management requirements,B,official_framework_registered_local_detail_required,model_orchestration,https://www.epa.gov.gh/
AFR-006,Ghana,Pesticides and hazardous chemicals,Pesticide registration and chemicals-management requirements,B,official_framework_registered_local_detail_required,regulatory_navigator,https://www.epa.gov.gh/
AFR-006,Ghana,Pesticides and hazardous chemicals,Pesticide registration and chemicals-management requirements,B,official_framework_registered_local_detail_required,sediment,https://www.epa.gov.gh/
AFR-006,Ghana,Pesticides and hazardous chemicals,Pesticide registration and chemicals-management requirements,B,official_framework_registered_local_detail_required,source_provenance,https://www.epa.gov.gh/
AFR-006,Ghana,Pesticides and hazardous chemicals,Pesticide registration and chemicals-management requirements,B,official_framework_registered_local_detail_required,surface_water,https://www.epa.gov.gh/
AFR-007,Morocco,Pesticides and chemicals,Pesticide authorisation and sectoral chemical controls,C,international_or_sector_pathway_local_verification_required,application_scenario,https://www.onssa.gov.ma/
AFR-007,Morocco,Pesticides and chemicals,Pesticide authorisation and sectoral chemical controls,C,international_or_sector_pathway_local_verification_required,ecotox,https://www.onssa.gov.ma/
AFR-007,Morocco,Pesticides and chemicals,Pesticide authorisation and sectoral chemical controls,C,international_or_sector_pathway_local_verification_required,groundwater,https://www.onssa.gov.ma/
AFR-007,Morocco,Pesticides and chemicals,Pesticide authorisation and sectoral chemical controls,C,international_or_sector_pathway_local_verification_required,model_orchestration,https://www.onssa.gov.ma/
AFR-007,Morocco,Pesticides and chemicals,Pesticide authorisation and sectoral chemical controls,C,international_or_sector_pathway_local_verification_required,regulatory_navigator,https://www.onssa.gov.ma/
AFR-007,Morocco,Pesticides and chemicals,Pesticide authorisation and sectoral chemical controls,C,international_or_sector_pathway_local_verification_required,sediment,https://www.onssa.gov.ma/
AFR-007,Morocco,Pesticides and chemicals,Pesticide authorisation and sectoral chemical controls,C,international_or_sector_pathway_local_verification_required,source_provenance,https://www.onssa.gov.ma/
AFR-007,Morocco,Pesticides and chemicals,Pesticide authorisation and sectoral chemical controls,C,international_or_sector_pathway_local_verification_required,surface_water,https://www.onssa.gov.ma/
AFR-008,Egypt,Pesticides and environmental chemicals,Pesticide registration and environmental controls,C,international_or_sector_pathway_local_verification_required,application_scenario,https://www.apc.gov.eg/
AFR-008,Egypt,Pesticides and environmental chemicals,Pesticide registration and environmental controls,C,international_or_sector_pathway_local_verification_required,ecotox,https://www.apc.gov.eg/
AFR-008,Egypt,Pesticides and environmental chemicals,Pesticide registration and environmental controls,C,international_or_sector_pathway_local_verification_required,groundwater,https://www.apc.gov.eg/
AFR-008,Egypt,Pesticides and environmental chemicals,Pesticide registration and environmental controls,C,international_or_sector_pathway_local_verification_required,model_orchestration,https://www.apc.gov.eg/
AFR-008,Egypt,Pesticides and environmental chemicals,Pesticide registration and environmental controls,C,international_or_sector_pathway_local_verification_required,regulatory_navigator,https://www.apc.gov.eg/
AFR-008,Egypt,Pesticides and environmental chemicals,Pesticide registration and environmental controls,C,international_or_sector_pathway_local_verification_required,sediment,https://www.apc.gov.eg/
AFR-008,Egypt,Pesticides and environmental chemicals,Pesticide registration and environmental controls,C,international_or_sector_pathway_local_verification_required,source_provenance,https://www.apc.gov.eg/
AFR-008,Egypt,Pesticides and environmental chemicals,Pesticide registration and environmental controls,C,international_or_sector_pathway_local_verification_required,surface_water,https://www.apc.gov.eg/
AFR-009,CILSS member states,Pesticides,Common pesticide registration system for CILSS member states,B,official_framework_registered_local_detail_required,application_scenario,https://insah.cilss.int/index.php/csp/
AFR-009,CILSS member states,Pesticides,Common pesticide registration system for CILSS member states,B,official_framework_registered_local_detail_required,ecotox,https://insah.cilss.int/index.php/csp/
AFR-009,CILSS member states,Pesticides,Common pesticide registration system for CILSS member states,B,official_framework_registered_local_detail_required,groundwater,https://insah.cilss.int/index.php/csp/
AFR-009,CILSS member states,Pesticides,Common pesticide registration system for CILSS member states,B,official_framework_registered_local_detail_required,model_orchestration,https://insah.cilss.int/index.php/csp/
AFR-009,CILSS member states,Pesticides,Common pesticide registration system for CILSS member states,B,official_framework_registered_local_detail_required,regulatory_navigator,https://insah.cilss.int/index.php/csp/
AFR-009,CILSS member states,Pesticides,Common pesticide registration system for CILSS member states,B,official_framework_registered_local_detail_required,sediment,https://insah.cilss.int/index.php/csp/
AFR-009,CILSS member states,Pesticides,Common pesticide registration system for CILSS member states,B,official_framework_registered_local_detail_required,source_provenance,https://insah.cilss.int/index.php/csp/
AFR-009,CILSS member states,Pesticides,Common pesticide registration system for CILSS member states,B,official_framework_registered_local_detail_required,surface_water,https://insah.cilss.int/index.php/csp/
AFR-010,Central African Economic and Monetary Community,Pesticides,Regional harmonised pesticide registration,B,official_framework_registered_local_detail_required,application_scenario,https://www.cpac-cemac.org/
AFR-010,Central African Economic and Monetary Community,Pesticides,Regional harmonised pesticide registration,B,official_framework_registered_local_detail_required,ecotox,https://www.cpac-cemac.org/
AFR-010,Central African Economic and Monetary Community,Pesticides,Regional harmonised pesticide registration,B,official_framework_registered_local_detail_required,groundwater,https://www.cpac-cemac.org/
AFR-010,Central African Economic and Monetary Community,Pesticides,Regional harmonised pesticide registration,B,official_framework_registered_local_detail_required,model_orchestration,https://www.cpac-cemac.org/
AFR-010,Central African Economic and Monetary Community,Pesticides,Regional harmonised pesticide registration,B,official_framework_registered_local_detail_required,regulatory_navigator,https://www.cpac-cemac.org/
AFR-010,Central African Economic and Monetary Community,Pesticides,Regional harmonised pesticide registration,B,official_framework_registered_local_detail_required,sediment,https://www.cpac-cemac.org/
AFR-010,Central African Economic and Monetary Community,Pesticides,Regional harmonised pesticide registration,B,official_framework_registered_local_detail_required,source_provenance,https://www.cpac-cemac.org/
AFR-010,Central African Economic and Monetary Community,Pesticides,Regional harmonised pesticide registration,B,official_framework_registered_local_detail_required,surface_water,https://www.cpac-cemac.org/
MEA-001,Saudi Arabia,"Pesticides, food and health products",Sector-specific registration and safety-assessment guidance,B,official_framework_registered_local_detail_required,application_scenario,https://www.sfda.gov.sa/en
MEA-001,Saudi Arabia,"Pesticides, food and health products",Sector-specific registration and safety-assessment guidance,B,official_framework_registered_local_detail_required,ecotox,https://www.sfda.gov.sa/en
MEA-001,Saudi Arabia,"Pesticides, food and health products",Sector-specific registration and safety-assessment guidance,B,official_framework_registered_local_detail_required,groundwater,https://www.sfda.gov.sa/en
MEA-001,Saudi Arabia,"Pesticides, food and health products",Sector-specific registration and safety-assessment guidance,B,official_framework_registered_local_detail_required,model_orchestration,https://www.sfda.gov.sa/en
MEA-001,Saudi Arabia,"Pesticides, food and health products",Sector-specific registration and safety-assessment guidance,B,official_framework_registered_local_detail_required,regulatory_navigator,https://www.sfda.gov.sa/en
MEA-001,Saudi Arabia,"Pesticides, food and health products",Sector-specific registration and safety-assessment guidance,B,official_framework_registered_local_detail_required,sediment,https://www.sfda.gov.sa/en
MEA-001,Saudi Arabia,"Pesticides, food and health products",Sector-specific registration and safety-assessment guidance,B,official_framework_registered_local_detail_required,source_provenance,https://www.sfda.gov.sa/en
MEA-001,Saudi Arabia,"Pesticides, food and health products",Sector-specific registration and safety-assessment guidance,B,official_framework_registered_local_detail_required,surface_water,https://www.sfda.gov.sa/en
MEA-002,United Arab Emirates,Pesticides and hazardous chemicals,Pesticide registration and hazardous-material controls,B,official_framework_registered_local_detail_required,application_scenario,https://www.moccae.gov.ae/en/services/registration-of-pesticides
MEA-002,United Arab Emirates,Pesticides and hazardous chemicals,Pesticide registration and hazardous-material controls,B,official_framework_registered_local_detail_required,ecotox,https://www.moccae.gov.ae/en/services/registration-of-pesticides
MEA-002,United Arab Emirates,Pesticides and hazardous chemicals,Pesticide registration and hazardous-material controls,B,official_framework_registered_local_detail_required,groundwater,https://www.moccae.gov.ae/en/services/registration-of-pesticides
MEA-002,United Arab Emirates,Pesticides and hazardous chemicals,Pesticide registration and hazardous-material controls,B,official_framework_registered_local_detail_required,model_orchestration,https://www.moccae.gov.ae/en/services/registration-of-pesticides
MEA-002,United Arab Emirates,Pesticides and hazardous chemicals,Pesticide registration and hazardous-material controls,B,official_framework_registered_local_detail_required,regulatory_navigator,https://www.moccae.gov.ae/en/services/registration-of-pesticides
MEA-002,United Arab Emirates,Pesticides and hazardous chemicals,Pesticide registration and hazardous-material controls,B,official_framework_registered_local_detail_required,sediment,https://www.moccae.gov.ae/en/services/registration-of-pesticides
MEA-002,United Arab Emirates,Pesticides and hazardous chemicals,Pesticide registration and hazardous-material controls,B,official_framework_registered_local_detail_required,source_provenance,https://www.moccae.gov.ae/en/services/registration-of-pesticides
MEA-002,United Arab Emirates,Pesticides and hazardous chemicals,Pesticide registration and hazardous-material controls,B,official_framework_registered_local_detail_required,surface_water,https://www.moccae.gov.ae/en/services/registration-of-pesticides
MEA-003,Israel,"Industrial chemicals, pesticides, food and workplace",Sectoral chemical risk-assessment and registration systems,B,official_framework_registered_local_detail_required,application_scenario,https://www.gov.il/en/departments/topics/hazardous_materials/govil-landing-page
MEA-003,Israel,"Industrial chemicals, pesticides, food and workplace",Sectoral chemical risk-assessment and registration systems,B,official_framework_registered_local_detail_required,coshh,https://www.gov.il/en/departments/topics/hazardous_materials/govil-landing-page
MEA-003,Israel,"Industrial chemicals, pesticides, food and workplace",Sectoral chemical risk-assessment and registration systems,B,official_framework_registered_local_detail_required,ecotox,https://www.gov.il/en/departments/topics/hazardous_materials/govil-landing-page
MEA-003,Israel,"Industrial chemicals, pesticides, food and workplace",Sectoral chemical risk-assessment and registration systems,B,official_framework_registered_local_detail_required,environmental_exposure,https://www.gov.il/en/departments/topics/hazardous_materials/govil-landing-page
MEA-003,Israel,"Industrial chemicals, pesticides, food and workplace",Sectoral chemical risk-assessment and registration systems,B,official_framework_registered_local_detail_required,groundwater,https://www.gov.il/en/departments/topics/hazardous_materials/govil-landing-page
MEA-003,Israel,"Industrial chemicals, pesticides, food and workplace",Sectoral chemical risk-assessment and registration systems,B,official_framework_registered_local_detail_required,identity_resolution,https://www.gov.il/en/departments/topics/hazardous_materials/govil-landing-page
MEA-003,Israel,"Industrial chemicals, pesticides, food and workplace",Sectoral chemical risk-assessment and registration systems,B,official_framework_registered_local_detail_required,model_orchestration,https://www.gov.il/en/departments/topics/hazardous_materials/govil-landing-page
MEA-003,Israel,"Industrial chemicals, pesticides, food and workplace",Sectoral chemical risk-assessment and registration systems,B,official_framework_registered_local_detail_required,property_evidence,https://www.gov.il/en/departments/topics/hazardous_materials/govil-landing-page
MEA-003,Israel,"Industrial chemicals, pesticides, food and workplace",Sectoral chemical risk-assessment and registration systems,B,official_framework_registered_local_detail_required,regulatory_navigator,https://www.gov.il/en/departments/topics/hazardous_materials/govil-landing-page
MEA-003,Israel,"Industrial chemicals, pesticides, food and workplace",Sectoral chemical risk-assessment and registration systems,B,official_framework_registered_local_detail_required,risk_report,https://www.gov.il/en/departments/topics/hazardous_materials/govil-landing-page
MEA-003,Israel,"Industrial chemicals, pesticides, food and workplace",Sectoral chemical risk-assessment and registration systems,B,official_framework_registered_local_detail_required,sds,https://www.gov.il/en/departments/topics/hazardous_materials/govil-landing-page
MEA-003,Israel,"Industrial chemicals, pesticides, food and workplace",Sectoral chemical risk-assessment and registration systems,B,official_framework_registered_local_detail_required,sediment,https://www.gov.il/en/departments/topics/hazardous_materials/govil-landing-page
MEA-003,Israel,"Industrial chemicals, pesticides, food and workplace",Sectoral chemical risk-assessment and registration systems,B,official_framework_registered_local_detail_required,source_provenance,https://www.gov.il/en/departments/topics/hazardous_materials/govil-landing-page
MEA-003,Israel,"Industrial chemicals, pesticides, food and workplace",Sectoral chemical risk-assessment and registration systems,B,official_framework_registered_local_detail_required,surface_water,https://www.gov.il/en/departments/topics/hazardous_materials/govil-landing-page
MEA-003,Israel,"Industrial chemicals, pesticides, food and workplace",Sectoral chemical risk-assessment and registration systems,B,official_framework_registered_local_detail_required,task_risk_assessment,https://www.gov.il/en/departments/topics/hazardous_materials/govil-landing-page
MEA-004,Gulf Cooperation Council,"Classification, consumer and sector chemicals",GCC/GSO standards and national product-registration systems,C,international_or_sector_pathway_local_verification_required,classification_labelling,https://www.gso.org.sa/en/
MEA-004,Gulf Cooperation Council,"Classification, consumer and sector chemicals",GCC/GSO standards and national product-registration systems,C,international_or_sector_pathway_local_verification_required,regulatory_navigator,https://www.gso.org.sa/en/
MEA-004,Gulf Cooperation Council,"Classification, consumer and sector chemicals",GCC/GSO standards and national product-registration systems,C,international_or_sector_pathway_local_verification_required,sds,https://www.gso.org.sa/en/
MEA-004,Gulf Cooperation Council,"Classification, consumer and sector chemicals",GCC/GSO standards and national product-registration systems,C,international_or_sector_pathway_local_verification_required,source_provenance,https://www.gso.org.sa/en/
XCT-001,European Union,Environmental exposure,ECHA IR&CSA Chapter R.16 - Environmental exposure assessment,A,implementation_note_curated_source_deep_read_pending,model_orchestration,https://echa.europa.eu/guidance-documents/guidance-on-information-requirements-and-chemical-safety-assessment
XCT-001,European Union,Environmental exposure,ECHA IR&CSA Chapter R.16 - Environmental exposure assessment,A,implementation_note_curated_source_deep_read_pending,regulatory_navigator,https://echa.europa.eu/guidance-documents/guidance-on-information-requirements-and-chemical-safety-assessment
XCT-001,European Union,Environmental exposure,ECHA IR&CSA Chapter R.16 - Environmental exposure assessment,A,implementation_note_curated_source_deep_read_pending,scenario_registry,https://echa.europa.eu/guidance-documents/guidance-on-information-requirements-and-chemical-safety-assessment
XCT-001,European Union,Environmental exposure,ECHA IR&CSA Chapter R.16 - Environmental exposure assessment,A,implementation_note_curated_source_deep_read_pending,source_provenance,https://echa.europa.eu/guidance-documents/guidance-on-information-requirements-and-chemical-safety-assessment
XCT-001,European Union,Environmental exposure,ECHA IR&CSA Chapter R.16 - Environmental exposure assessment,A,implementation_note_curated_source_deep_read_pending,tier_comparison,https://echa.europa.eu/guidance-documents/guidance-on-information-requirements-and-chemical-safety-assessment
XCT-002,European Union,PBT/vPvB/PMT/vPvM,ECHA IR&CSA Chapter R.11 and EU hazard guidance,A,implementation_note_curated_source_deep_read_pending,bioaccumulation,https://echa.europa.eu/guidance-documents/guidance-on-information-requirements-and-chemical-safety-assessment
XCT-002,European Union,PBT/vPvB/PMT/vPvM,ECHA IR&CSA Chapter R.11 and EU hazard guidance,A,implementation_note_curated_source_deep_read_pending,mobility,https://echa.europa.eu/guidance-documents/guidance-on-information-requirements-and-chemical-safety-assessment
XCT-002,European Union,PBT/vPvB/PMT/vPvM,ECHA IR&CSA Chapter R.11 and EU hazard guidance,A,implementation_note_curated_source_deep_read_pending,pbt_pmt_screen,https://echa.europa.eu/guidance-documents/guidance-on-information-requirements-and-chemical-safety-assessment
XCT-002,European Union,PBT/vPvB/PMT/vPvM,ECHA IR&CSA Chapter R.11 and EU hazard guidance,A,implementation_note_curated_source_deep_read_pending,persistence,https://echa.europa.eu/guidance-documents/guidance-on-information-requirements-and-chemical-safety-assessment
XCT-002,European Union,PBT/vPvB/PMT/vPvM,ECHA IR&CSA Chapter R.11 and EU hazard guidance,A,implementation_note_curated_source_deep_read_pending,regulatory_navigator,https://echa.europa.eu/guidance-documents/guidance-on-information-requirements-and-chemical-safety-assessment
XCT-002,European Union,PBT/vPvB/PMT/vPvM,ECHA IR&CSA Chapter R.11 and EU hazard guidance,A,implementation_note_curated_source_deep_read_pending,source_provenance,https://echa.europa.eu/guidance-documents/guidance-on-information-requirements-and-chemical-safety-assessment
XCT-003,OECD,Endocrine disruption,OECD Conceptual Framework and endocrine-disruptor test guidance,A,implementation_note_curated_source_deep_read_pending,regulatory_navigator,https://www.oecd.org/en/topics/sub-issues/testing-of-chemicals/endocrine-disrupter-testing-and-assessment.html
XCT-003,OECD,Endocrine disruption,OECD Conceptual Framework and endocrine-disruptor test guidance,A,implementation_note_curated_source_deep_read_pending,source_provenance,https://www.oecd.org/en/topics/sub-issues/testing-of-chemicals/endocrine-disrupter-testing-and-assessment.html
XCT-004,OECD,Nanomaterials,OECD work on safety of manufactured nanomaterials,A,implementation_note_curated_source_deep_read_pending,applicability_warnings,https://www.oecd.org/en/topics/sub-issues/safety-of-manufactured-nanomaterials.html
XCT-004,OECD,Nanomaterials,OECD work on safety of manufactured nanomaterials,A,implementation_note_curated_source_deep_read_pending,nano_ruleset,https://www.oecd.org/en/topics/sub-issues/safety-of-manufactured-nanomaterials.html
XCT-004,OECD,Nanomaterials,OECD work on safety of manufactured nanomaterials,A,implementation_note_curated_source_deep_read_pending,particle_properties,https://www.oecd.org/en/topics/sub-issues/safety-of-manufactured-nanomaterials.html
XCT-004,OECD,Nanomaterials,OECD work on safety of manufactured nanomaterials,A,implementation_note_curated_source_deep_read_pending,regulatory_navigator,https://www.oecd.org/en/topics/sub-issues/safety-of-manufactured-nanomaterials.html
XCT-004,OECD,Nanomaterials,OECD work on safety of manufactured nanomaterials,A,implementation_note_curated_source_deep_read_pending,source_provenance,https://www.oecd.org/en/topics/sub-issues/safety-of-manufactured-nanomaterials.html
XCT-005,US EPA,Ecological risk,Guidelines for Ecological Risk Assessment,A,official_source_reviewed,regulatory_navigator,https://www.epa.gov/risk/guidelines-ecological-risk-assessment
XCT-005,US EPA,Ecological risk,Guidelines for Ecological Risk Assessment,A,official_source_reviewed,source_provenance,https://www.epa.gov/risk/guidelines-ecological-risk-assessment
XCT-006,US EPA,Carcinogenicity,Guidelines for Carcinogen Risk Assessment,A,official_source_registered_source_deep_read_pending,regulatory_navigator,https://www.epa.gov/risk/guidelines-carcinogen-risk-assessment
XCT-006,US EPA,Carcinogenicity,Guidelines for Carcinogen Risk Assessment,A,official_source_registered_source_deep_read_pending,source_provenance,https://www.epa.gov/risk/guidelines-carcinogen-risk-assessment
XCT-007,US EPA,Exposure,Exposure Factors Handbook and exposure tools,A,implementation_note_curated_source_deep_read_pending,regulatory_navigator,https://www.epa.gov/expobox/about-exposure-factors-handbook
XCT-007,US EPA,Exposure,Exposure Factors Handbook and exposure tools,A,implementation_note_curated_source_deep_read_pending,source_provenance,https://www.epa.gov/expobox/about-exposure-factors-handbook
XCT-008,European Union,Alternatives to animal testing,EU and OECD approaches to new approach methodologies (NAMs),A,implementation_note_curated_source_deep_read_pending,applicability_domain,https://echa.europa.eu/support/registration/how-to-avoid-unnecessary-testing-on-animals
XCT-008,European Union,Alternatives to animal testing,EU and OECD approaches to new approach methodologies (NAMs),A,implementation_note_curated_source_deep_read_pending,predicted_data,https://echa.europa.eu/support/registration/how-to-avoid-unnecessary-testing-on-animals
XCT-008,European Union,Alternatives to animal testing,EU and OECD approaches to new approach methodologies (NAMs),A,implementation_note_curated_source_deep_read_pending,read_across,https://echa.europa.eu/support/registration/how-to-avoid-unnecessary-testing-on-animals
XCT-008,European Union,Alternatives to animal testing,EU and OECD approaches to new approach methodologies (NAMs),A,implementation_note_curated_source_deep_read_pending,regulatory_navigator,https://echa.europa.eu/support/registration/how-to-avoid-unnecessary-testing-on-animals
XCT-008,European Union,Alternatives to animal testing,EU and OECD approaches to new approach methodologies (NAMs),A,implementation_note_curated_source_deep_read_pending,source_provenance,https://echa.europa.eu/support/registration/how-to-avoid-unnecessary-testing-on-animals
XCT-009,Global,Data quality,OECD Principles of GLP and compliance monitoring,A,implementation_note_curated_source_deep_read_pending,evidence_engine,https://www.oecd.org/en/topics/sub-issues/good-laboratory-practice-and-compliance-monitoring.html
XCT-009,Global,Data quality,OECD Principles of GLP and compliance monitoring,A,implementation_note_curated_source_deep_read_pending,glp_status,https://www.oecd.org/en/topics/sub-issues/good-laboratory-practice-and-compliance-monitoring.html
XCT-009,Global,Data quality,OECD Principles of GLP and compliance monitoring,A,implementation_note_curated_source_deep_read_pending,regulatory_navigator,https://www.oecd.org/en/topics/sub-issues/good-laboratory-practice-and-compliance-monitoring.html
XCT-009,Global,Data quality,OECD Principles of GLP and compliance monitoring,A,implementation_note_curated_source_deep_read_pending,source_provenance,https://www.oecd.org/en/topics/sub-issues/good-laboratory-practice-and-compliance-monitoring.html
XCT-009,Global,Data quality,OECD Principles of GLP and compliance monitoring,A,implementation_note_curated_source_deep_read_pending,study_reliability,https://www.oecd.org/en/topics/sub-issues/good-laboratory-practice-and-compliance-monitoring.html
XCT-010,Global,Reliability and weight of evidence,"OECD guidance on data quality, reporting and integrated approaches",A,implementation_note_curated_source_deep_read_pending,regulatory_navigator,https://www.oecd.org/en/topics/sub-issues/assessment-of-chemicals.html
XCT-010,Global,Reliability and weight of evidence,"OECD guidance on data quality, reporting and integrated approaches",A,implementation_note_curated_source_deep_read_pending,source_provenance,https://www.oecd.org/en/topics/sub-issues/assessment-of-chemicals.html
