id,jurisdiction,authority,chemical_domain,framework,version_effective_date,verification_tier,official_url,region_group,product_classes,envirochem_modules,implementation_note,source_review_status,snapshot_date,legal_notice
INT-001,United Nations,UNECE,Classification and labelling,"Globally Harmonized System of Classification and Labelling of Chemicals (GHS), Rev.11",2025 (Rev.11),A,https://unece.org/transport/dangerous-goods/ghs-rev11-2025,INT,['classification_labelling'],"['classification_labelling', 'regulatory_navigator', 'sds', 'source_provenance']",Use as the global hazard-communication baseline only. Store the GHS revision and the nationally adopted edition separately; do not assume Rev.11 is legally implemented everywhere.,implementation_note_curated_source_deep_read_pending,2026-07-30,Regulatory navigation only; confirm current official text and competent-authority requirements before filing.
INT-002,OECD,"OECD Environment, Health and Safety Programme",Industrial chemicals; pesticides; biocides; nanomaterials,OECD Guidelines for the Testing of Chemicals,New and updated TGs published 2 July 2026,A,https://www.oecd.org/en/topics/sub-issues/testing-of-chemicals/test-guidelines.html,INT,"['industrial_chemicals', 'pesticides', 'biocides', 'nanomaterials']","['applicability_warnings', 'application_scenario', 'ecotox', 'environmental_exposure', 'groundwater', 'identity_resolution', 'model_orchestration', 'nano_ruleset', 'particle_properties', 'property_evidence', 'regulatory_navigator', 'risk_report', 'sediment', 'simpletreat', 'source_provenance', 'surface_water', 'use_scenario']","OECD Test Guidelines are the primary cross-border method registry for environmental fate, ecotoxicity and health studies. Store TG number, revision date, deviations, GLP status and receiving-authority acceptance. The registry must be updateable because new and revised TGs are issued regularly.",official_source_reviewed,2026-07-30,Regulatory navigation only; confirm current official text and competent-authority requirements before filing.
INT-003,OECD,"OECD Environment, Health and Safety Programme",Cross-cutting assessment,OECD Series on Testing and Assessment / Guidance Documents,Portal current at snapshot,A,https://www.oecd.org/en/topics/sub-issues/testing-of-chemicals/publications-on-testing-and-assessment-of-chemicals.html,INT,['cross_cutting'],"['regulatory_navigator', 'source_provenance']","Use OECD Series on Testing and Assessment guidance for endpoint interpretation, integrated approaches, reporting and method applicability. Link guidance documents to specific evidence-selection rules rather than treating them as generic references.",implementation_note_curated_source_deep_read_pending,2026-07-30,Regulatory navigation only; confirm current official text and competent-authority requirements before filing.
INT-004,OECD,OECD Council,GLP and test acceptance,Mutual Acceptance of Data (MAD) and OECD Principles of GLP,Ongoing,A,https://www.oecd.org/en/topics/sub-issues/good-laboratory-practice-and-compliance-monitoring.html,INT,['cross_cutting'],"['evidence_engine', 'glp_status', 'regulatory_navigator', 'source_provenance', 'study_reliability']","MAD and GLP determine cross-border acceptability of test data. Evidence records need fields for GLP status, facility/compliance programme, study type, test guideline and whether MAD applies.",implementation_note_curated_source_deep_read_pending,2026-07-30,Regulatory navigation only; confirm current official text and competent-authority requirements before filing.
INT-005,OECD,OECD,Chemical information,eChemPortal,Living database,A,https://www.echemportal.org/echemportal/,INT,['cross_cutting'],"['regulatory_navigator', 'source_provenance']","Use eChemPortal as a federated discovery route, not as the final source. Preserve the originating database and study-level citation.",implementation_note_curated_source_deep_read_pending,2026-07-30,Regulatory navigation only; confirm current official text and competent-authority requirements before filing.
INT-006,OECD,OECD / ECHA,Alternative methods,OECD QSAR Toolbox,Living software,A,https://qsartoolbox.org/,INT,['cross_cutting'],"['applicability_domain', 'predicted_data', 'read_across', 'regulatory_navigator', 'source_provenance']","Use the OECD QSAR Toolbox for read-across/category support and data-gap filling. Predicted/read-across outputs must be labelled, retain the applicability rationale and never silently replace measured evidence.",implementation_note_curated_source_deep_read_pending,2026-07-30,Regulatory navigation only; confirm current official text and competent-authority requirements before filing.
INT-007,WHO,WHO International Programme on Chemical Safety,Human health,"WHO Human Health Risk Assessment Toolkit: Chemical Hazards, 2nd edition",2021,A,https://www.who.int/publications/i/item/9789240035720,INT,['cross_cutting'],"['regulatory_navigator', 'source_provenance']","The WHO toolkit confirms a context-led workflow: define the assessment context, gather authoritative hazard/exposure information, combine it with locally relevant information, and document uncertainty. This maps well to guided and expert modes.",official_source_reviewed,2026-07-30,Regulatory navigation only; confirm current official text and competent-authority requirements before filing.
INT-008,WHO / FAO,IPCS / JECFA / JMPR,Food chemicals,EHC 240: Principles and Methods for the Risk Assessment of Chemicals in Food,2009,A,https://www.who.int/publications/i/item/9789241572408,INT,['food_feed'],"['regulatory_navigator', 'source_provenance']","Register this official pathway for food chemicals. Route users by product class and jurisdiction, preserve the source version/effective date, and require local verification where the compendium assigns Tier A.",official_source_registered_source_deep_read_pending,2026-07-30,Regulatory navigation only; confirm current official text and competent-authority requirements before filing.
INT-009,WHO,IPCS Harmonization Project,Human health,IPCS Harmonization Project guidance and terminology,Living collection,A,https://www.who.int/teams/environment-climate-change-and-health/chemical-safety-and-health/health-impacts/chemical-risk-assessment,INT,['cross_cutting'],"['regulatory_navigator', 'source_provenance']","Register this official pathway for human health. Route users by product class and jurisdiction, preserve the source version/effective date, and require local verification where the compendium assigns Tier A.",official_source_registered_source_deep_read_pending,2026-07-30,Regulatory navigation only; confirm current official text and competent-authority requirements before filing.
INT-010,WHO,International Agency for Research on Cancer (IARC),Carcinogenicity,IARC Monographs and Preamble,Preamble amended 2019; monographs ongoing,A,https://monographs.iarc.who.int/iarc-monographs-preamble-preamble-to-the-iarc-monographs/,INT,['cross_cutting'],"['regulatory_navigator', 'source_provenance']","Register this official pathway for carcinogenicity. Route users by product class and jurisdiction, preserve the source version/effective date, and require local verification where the compendium assigns Tier A.",official_source_registered_source_deep_read_pending,2026-07-30,Regulatory navigation only; confirm current official text and competent-authority requirements before filing.
INT-011,FAO,FAO,Pesticides,FAO Pesticide Registration Toolkit,Living toolkit,A,https://www.fao.org/pesticide-registration-toolkit/en/,INT,['pesticides'],"['application_scenario', 'ecotox', 'groundwater', 'model_orchestration', 'regulatory_navigator', 'sediment', 'source_provenance', 'surface_water']","The FAO toolkit supports product-class-first routing for pesticides, data requirement selection, dossier review, risk mitigation and decision support. EnviroChem should provide a registration pathway rather than one universal pesticide assessment.",official_source_reviewed,2026-07-30,Regulatory navigation only; confirm current official text and competent-authority requirements before filing.
INT-012,FAO / WHO,Joint FAO/WHO Meeting on Pesticide Residues (JMPR),Pesticide residues in food,"JMPR guidance, reports and evaluations",2025 JMPR outputs available in 2026,A,https://www.fao.org/agriculture/crops/thematic-sitemap/theme/pests/jmpr/en/,INT,"['pesticides', 'food_feed']","['application_scenario', 'ecotox', 'groundwater', 'model_orchestration', 'regulatory_navigator', 'sediment', 'source_provenance', 'surface_water']","Register this official pathway for pesticide residues in food. Route users by product class and jurisdiction, preserve the source version/effective date, and require local verification where the compendium assigns Tier A.",official_source_registered_source_deep_read_pending,2026-07-30,Regulatory navigation only; confirm current official text and competent-authority requirements before filing.
INT-013,FAO / WHO,Joint FAO/WHO Expert Committee on Food Additives (JECFA),"Food additives, contaminants and veterinary drug residues","JECFA methods, reports and database",102nd meeting held June 2026,A,https://www.who.int/groups/joint-fao-who-expert-committee-on-food-additives-(jecfa),INT,"['veterinary_pharmaceuticals', 'food_feed']","['regulatory_navigator', 'source_provenance']","Register this official pathway for food additives, contaminants and veterinary drug residues. Route users by product class and jurisdiction, preserve the source version/effective date, and require local verification where the compendium assigns Tier A.",official_source_registered_source_deep_read_pending,2026-07-30,Regulatory navigation only; confirm current official text and competent-authority requirements before filing.
INT-014,FAO / WHO,Codex Alimentarius Commission,Food and feed,Codex Procedural Manual and risk-analysis principles,31st edition current at snapshot,A,https://www.fao.org/fao-who-codexalimentarius/publications/en/,INT,['food_feed'],"['regulatory_navigator', 'source_provenance']","Register this official pathway for food and feed. Route users by product class and jurisdiction, preserve the source version/effective date, and require local verification where the compendium assigns Tier A.",official_source_registered_source_deep_read_pending,2026-07-30,Regulatory navigation only; confirm current official text and competent-authority requirements before filing.
INT-015,WHO,WHO,Drinking water,Guidelines for Drinking-water Quality,4th edition incorporating addenda,A,https://www.who.int/publications/i/item/9789241549950,INT,['cross_cutting'],"['regulatory_navigator', 'source_provenance']","Register this official pathway for drinking water. Route users by product class and jurisdiction, preserve the source version/effective date, and require local verification where the compendium assigns Tier A.",official_source_registered_source_deep_read_pending,2026-07-30,Regulatory navigation only; confirm current official text and competent-authority requirements before filing.
INT-016,WHO,WHO,Air pollutants,WHO Global Air Quality Guidelines,2021,A,https://www.who.int/publications/i/item/9789240034228,INT,['cross_cutting'],"['regulatory_navigator', 'source_provenance']","Register this official pathway for air pollutants. Route users by product class and jurisdiction, preserve the source version/effective date, and require local verification where the compendium assigns Tier A.",official_source_registered_source_deep_read_pending,2026-07-30,Regulatory navigation only; confirm current official text and competent-authority requirements before filing.
INT-017,IOMC,Inter-Organization Programme for the Sound Management of Chemicals,National chemicals management,IOMC Toolbox for Decision Making in Chemicals Management,Living toolkit,A,https://iomctoolbox.org/,INT,['cross_cutting'],"['regulatory_navigator', 'source_provenance']","Register this official pathway for national chemicals management. Route users by product class and jurisdiction, preserve the source version/effective date, and require local verification where the compendium assigns Tier A.",official_source_registered_source_deep_read_pending,2026-07-30,Regulatory navigation only; confirm current official text and competent-authority requirements before filing.
INT-018,UNEP / GFC partners,Global Framework on Chemicals,Lifecycle chemicals management,Global Framework on Chemicals - For a Planet Free of Harm from Chemicals and Waste,Adopted 2023,A,https://www.chemicalsframework.org/,INT,['cross_cutting'],"['regulatory_navigator', 'source_provenance']","Register this official pathway for lifecycle chemicals management. Route users by product class and jurisdiction, preserve the source version/effective date, and require local verification where the compendium assigns Tier A.",official_source_registered_source_deep_read_pending,2026-07-30,Regulatory navigation only; confirm current official text and competent-authority requirements before filing.
INT-019,UN treaty,Stockholm Convention,Persistent organic pollutants,Convention guidance and POPs review/evaluation documents,Living annexes and guidance,A,https://www.pops.int/,INT,['pops'],"['bioaccumulation', 'mobility', 'pbt_pmt_screen', 'persistence', 'regulatory_navigator', 'source_provenance']","Register this official pathway for persistent organic pollutants. Route users by product class and jurisdiction, preserve the source version/effective date, and require local verification where the compendium assigns Tier A.",official_source_registered_source_deep_read_pending,2026-07-30,Regulatory navigation only; confirm current official text and competent-authority requirements before filing.
INT-020,UN treaty,Rotterdam Convention,Hazardous chemicals and pesticides in trade,Decision guidance documents and prior informed consent procedure,Living annexes and guidance,A,https://www.pic.int/,INT,['pesticides'],"['application_scenario', 'ecotox', 'groundwater', 'model_orchestration', 'regulatory_navigator', 'sediment', 'source_provenance', 'surface_water']","Register this official pathway for hazardous chemicals and pesticides in trade. Route users by product class and jurisdiction, preserve the source version/effective date, and require local verification where the compendium assigns Tier A.",official_source_registered_source_deep_read_pending,2026-07-30,Regulatory navigation only; confirm current official text and competent-authority requirements before filing.
INT-021,UN treaty,Basel Convention,Hazardous waste,Technical guidelines under the Basel Convention,Living technical-guideline collection,A,https://www.basel.int/Implementation/TechnicalMatters/DevelopmentofTechnicalGuidelines/Overview/tabid/2374/Default.aspx,INT,['waste'],"['regulatory_navigator', 'source_provenance']","Register this official pathway for hazardous waste. Route users by product class and jurisdiction, preserve the source version/effective date, and require local verification where the compendium assigns Tier A.",official_source_registered_source_deep_read_pending,2026-07-30,Regulatory navigation only; confirm current official text and competent-authority requirements before filing.
INT-022,UN treaty,Minamata Convention,Mercury,Minamata Convention guidance documents,Living guidance collection,A,https://minamataconvention.org/en/resources/guidance-documents,INT,['metals'],"['applicability_domain', 'predicted_data', 'read_across', 'regulatory_navigator', 'source_provenance']","Register this official pathway for mercury. Route users by product class and jurisdiction, preserve the source version/effective date, and require local verification where the compendium assigns Tier A.",official_source_registered_source_deep_read_pending,2026-07-30,Regulatory navigation only; confirm current official text and competent-authority requirements before filing.
INT-023,VICH,International Cooperation on Harmonisation of Technical Requirements for Registration of Veterinary Medicinal Products,Veterinary pharmaceuticals,VICH GL6: Environmental Impact Assessment Phase I,June 2000,A,https://vichsec.org/en/guidelines/pharmaceuticals/pharma-safety/environmental-safety/gl6.html,INT,['veterinary_pharmaceuticals'],"['metabolism_excretion', 'pnec', 'regulatory_navigator', 'simpletreat', 'soil', 'source_provenance', 'spc_emissions', 'surface_water']",VICH GL6 supplies the Phase I veterinary medicine environmental screen. Implement a dedicated veterinary pharmaceutical ruleset and Phase I trigger logic.,implementation_note_curated_source_deep_read_pending,2026-07-30,Regulatory navigation only; confirm current official text and competent-authority requirements before filing.
INT-024,VICH,VICH,Veterinary pharmaceuticals,VICH GL38: Environmental Impact Assessment Phase II,October 2004,A,https://vichsec.org/en/guidelines/pharmaceuticals/pharma-safety/environmental-safety/gl38.html,INT,['veterinary_pharmaceuticals'],"['metabolism_excretion', 'pnec', 'regulatory_navigator', 'simpletreat', 'soil', 'source_provenance', 'spc_emissions', 'surface_water']","VICH GL38 supplies Phase II veterinary environmental assessment. Parent, metabolites, manure/soil pathways and species-specific use scenarios need explicit records.",implementation_note_curated_source_deep_read_pending,2026-07-30,Regulatory navigation only; confirm current official text and competent-authority requirements before filing.
INT-025,ICH,International Council for Harmonisation,Pharmaceutical quality,ICH Q9(R1) Quality Risk Management,R1 adopted 2023,A,https://www.ich.org/page/quality-guidelines,INT,"['human_pharmaceuticals', 'veterinary_pharmaceuticals']","['metabolism_excretion', 'pnec', 'regulatory_navigator', 'simpletreat', 'soil', 'source_provenance', 'spc_emissions', 'surface_water']","Register this official pathway for pharmaceutical quality. Route users by product class and jurisdiction, preserve the source version/effective date, and require local verification where the compendium assigns Tier A.",official_source_registered_source_deep_read_pending,2026-07-30,Regulatory navigation only; confirm current official text and competent-authority requirements before filing.
INT-026,ICH,ICH,Pharmaceutical impurities,ICH Q3C: Residual Solvents,Current revision on ICH portal,A,https://www.ich.org/page/quality-guidelines,INT,['cross_cutting'],"['metabolism_excretion', 'pnec', 'regulatory_navigator', 'simpletreat', 'soil', 'source_provenance', 'spc_emissions', 'surface_water']","Register this official pathway for pharmaceutical impurities. Route users by product class and jurisdiction, preserve the source version/effective date, and require local verification where the compendium assigns Tier A.",official_source_registered_source_deep_read_pending,2026-07-30,Regulatory navigation only; confirm current official text and competent-authority requirements before filing.
INT-027,ICH,ICH,Pharmaceutical impurities,ICH Q3D: Elemental Impurities,Current revision on ICH portal,A,https://www.ich.org/page/quality-guidelines,INT,['cross_cutting'],"['metabolism_excretion', 'pnec', 'regulatory_navigator', 'simpletreat', 'soil', 'source_provenance', 'spc_emissions', 'surface_water']","Register this official pathway for pharmaceutical impurities. Route users by product class and jurisdiction, preserve the source version/effective date, and require local verification where the compendium assigns Tier A.",official_source_registered_source_deep_read_pending,2026-07-30,Regulatory navigation only; confirm current official text and competent-authority requirements before filing.
INT-028,ISO,International Organization for Standardization,Enterprise risk management,ISO 31000 Risk management - Guidelines,ISO 31000:2018,A,https://www.iso.org/iso-31000-risk-management.html,INT,['cross_cutting'],"['regulatory_navigator', 'source_provenance']","Register this official pathway for enterprise risk management. Route users by product class and jurisdiction, preserve the source version/effective date, and require local verification where the compendium assigns Tier A.",official_source_registered_source_deep_read_pending,2026-07-30,Regulatory navigation only; confirm current official text and competent-authority requirements before filing.
INT-029,ISO,ISO,Medical devices,ISO 14971:2019 Medical devices - Application of risk management to medical devices,2019,A,https://www.iso.org/standard/72704.html,INT,['medical_devices'],"['regulatory_navigator', 'source_provenance']","Register this official pathway for medical devices. Route users by product class and jurisdiction, preserve the source version/effective date, and require local verification where the compendium assigns Tier A.",official_source_registered_source_deep_read_pending,2026-07-30,Regulatory navigation only; confirm current official text and competent-authority requirements before filing.
INT-030,ISO,ISO,Medical devices toxicology,ISO 10993-17:2023 Biological evaluation of medical devices - Toxicological risk assessment of medical device constituents,2023,A,https://www.iso.org/standard/75323.html,INT,['medical_devices'],"['regulatory_navigator', 'source_provenance']","Register this official pathway for medical devices toxicology. Route users by product class and jurisdiction, preserve the source version/effective date, and require local verification where the compendium assigns Tier A.",official_source_registered_source_deep_read_pending,2026-07-30,Regulatory navigation only; confirm current official text and competent-authority requirements before filing.
INT-031,ILO / WHO,International Labour Organization,Occupational chemicals,International Chemical Safety Cards (ICSCs),Living collection,A,https://chemicalsafety.ilo.org/dyn/icsc/showcard.home,INT,['workplace'],"['coshh', 'regulatory_navigator', 'sds', 'source_provenance', 'task_risk_assessment']","Register this official pathway for occupational chemicals. Route users by product class and jurisdiction, preserve the source version/effective date, and require local verification where the compendium assigns Tier A.",official_source_registered_source_deep_read_pending,2026-07-30,Regulatory navigation only; confirm current official text and competent-authority requirements before filing.
INT-032,UNEP,UN Environment Programme,Chemicals and waste,UNEP Chemicals and Pollution Action portal,Living portal,A,https://www.unep.org/explore-topics/chemicals-waste,INT,['cross_cutting'],"['regulatory_navigator', 'source_provenance']","Register this official pathway for chemicals and waste. Route users by product class and jurisdiction, preserve the source version/effective date, and require local verification where the compendium assigns Tier A.",official_source_registered_source_deep_read_pending,2026-07-30,Regulatory navigation only; confirm current official text and competent-authority requirements before filing.
EUR-001,European Union / EEA,European Chemicals Agency (ECHA),Industrial chemicals,REACH Guidance Documents,Living collection,A,https://echa.europa.eu/guidance-documents/guidance-on-reach,EUR,['industrial_chemicals'],"['environmental_exposure', 'identity_resolution', 'property_evidence', 'regulatory_navigator', 'risk_report', 'source_provenance']",EU REACH is a living modular framework. Build versioned guidance packs and never label a run simply 'REACH' without the chapter/version and tonnage/use context.,implementation_note_curated_source_deep_read_pending,2026-07-30,Regulatory navigation only; confirm current official text and competent-authority requirements before filing.
EUR-002,European Union / EEA,ECHA,Industrial chemicals,Guidance on Information Requirements and Chemical Safety Assessment (IR&CSA),Modular chapters; check each chapter version,A,https://echa.europa.eu/guidance-documents/guidance-on-information-requirements-and-chemical-safety-assessment,EUR,['industrial_chemicals'],"['environmental_exposure', 'identity_resolution', 'property_evidence', 'regulatory_navigator', 'risk_report', 'source_provenance']","IR&CSA is the core source for EU chemical safety assessment. Map each chapter to data requirements, exposure scenarios, PEC/PNEC, risk characterisation and uncertainty.",implementation_note_curated_source_deep_read_pending,2026-07-30,Regulatory navigation only; confirm current official text and competent-authority requirements before filing.
EUR-003,European Union / EEA,ECHA,Classification and labelling,Guidance on the Application of the CLP Criteria,Living guidance; verify part/version,A,https://echa.europa.eu/guidance-documents/guidance-on-clp,EUR,['classification_labelling'],"['classification_labelling', 'regulatory_navigator', 'sds', 'source_provenance']",CLP guidance controls classification interpretation. Keep hazard classification and environmental exposure calculations separate but linked.,implementation_note_curated_source_deep_read_pending,2026-07-30,Regulatory navigation only; confirm current official text and competent-authority requirements before filing.
EUR-004,European Union / EEA,ECHA,Biocides,Guidance on the Biocidal Products Regulation,Living guidance collection,A,https://echa.europa.eu/guidance-documents/guidance-on-biocides-legislation,EUR,['biocides'],"['ecotox', 'environmental_exposure', 'regulatory_navigator', 'simpletreat', 'source_provenance', 'use_scenario']","Biocides require product-type/use-specific environmental assessment. Add BPR product type, use pattern and release scenario fields.",implementation_note_curated_source_deep_read_pending,2026-07-30,Regulatory navigation only; confirm current official text and competent-authority requirements before filing.
EUR-005,European Union,EFSA / European Commission,Plant protection products,Environmental risk assessment of pesticides,Living guidance collection,A,https://www.efsa.europa.eu/en/topics/environmental-risk-assessment-pesticides,EUR,['pesticides'],"['application_scenario', 'ecotox', 'groundwater', 'model_orchestration', 'regulatory_navigator', 'sediment', 'source_provenance', 'surface_water']","Plant protection assessments require EFSA/Commission guidance plus FOCUS exposure models. The pesticide workflow must be crop, application, scenario and tier specific.",implementation_note_curated_source_deep_read_pending,2026-07-30,Regulatory navigation only; confirm current official text and competent-authority requirements before filing.
EUR-006,European Union,European Commission JRC / FOCUS,Pesticide environmental exposure,FOCUS fate models and guidance,Portal refreshed in 2026; individual documents have own versions,A,https://esdac.jrc.ec.europa.eu/projects/focus-dg-sante,EUR,"['pesticides', 'environmental_exposure']","['application_scenario', 'ecotox', 'groundwater', 'model_orchestration', 'regulatory_navigator', 'scenario_registry', 'sediment', 'source_provenance', 'surface_water', 'tier_comparison']","FOCUS is a model-and-scenario system, not just a list of executables. Preserve scenario versions, weather/crop data, model versions and step/tier.",implementation_note_curated_source_deep_read_pending,2026-07-30,Regulatory navigation only; confirm current official text and competent-authority requirements before filing.
EUR-007,European Union,FOCUS / JRC,Pesticide groundwater,"FOCUS Groundwater guidance and models (PEARL, PELMO, MACRO)",Generic Tier 1 guidance v2.4 referenced on portal,A,https://esdac.jrc.ec.europa.eu/projects/ground-water,EUR,['pesticides'],"['application_scenario', 'ecotox', 'groundwater', 'model_orchestration', 'regulatory_navigator', 'scenario_registry', 'sediment', 'source_provenance', 'surface_water', 'tier_comparison']","Groundwater workflow should orchestrate PEARL, PELMO and MACRO with standard FOCUS scenarios and allow refined/site-specific comparison only when permitted.",implementation_note_curated_source_deep_read_pending,2026-07-30,Regulatory navigation only; confirm current official text and competent-authority requirements before filing.
EUR-008,European Union,FOCUS / JRC,Pesticide surface water,"FOCUS Surface Water guidance and models (PRZM, MACRO, TOXSWA, SWASH)",Individual model/guidance versions vary,A,https://esdac.jrc.ec.europa.eu/projects/surface-water,EUR,['pesticides'],"['application_scenario', 'ecotox', 'groundwater', 'model_orchestration', 'regulatory_navigator', 'scenario_registry', 'sediment', 'source_provenance', 'surface_water', 'tier_comparison']","Surface-water workflow should orchestrate PRZM/MACRO loading and TOXSWA fate, preserving SWASH/FOCUS scenario assumptions and time-weighted outputs.",implementation_note_curated_source_deep_read_pending,2026-07-30,Regulatory navigation only; confirm current official text and competent-authority requirements before filing.
EUR-009,European Union,EFSA,Pesticides; food safety,Pesticide risk-assessment guidance and tools,Living guidance collection,A,https://www.efsa.europa.eu/en/applications/pesticides/tools,EUR,"['pesticides', 'food_feed']","['application_scenario', 'ecotox', 'groundwater', 'model_orchestration', 'regulatory_navigator', 'sediment', 'source_provenance', 'surface_water']","Register this official pathway for pesticides; food safety. Route users by product class and jurisdiction, preserve the source version/effective date, and require local verification where the compendium assigns Tier A.",official_source_registered_source_deep_read_pending,2026-07-30,Regulatory navigation only; confirm current official text and competent-authority requirements before filing.
EUR-010,European Union,EFSA,Chemical mixtures,"Guidance on harmonised methodologies for human health, animal health and ecological risk assessment of combined exposure to multiple chemicals",2019; supporting guidance/tools updated subsequently,A,https://www.efsa.europa.eu/en/topics/topic/chemical-mixtures,EUR,['ecological_risk'],"['mixture_assessment', 'regulatory_navigator', 'source_provenance']","Register this official pathway for chemical mixtures. Route users by product class and jurisdiction, preserve the source version/effective date, and require local verification where the compendium assigns Tier A.",official_source_registered_source_deep_read_pending,2026-07-30,Regulatory navigation only; confirm current official text and competent-authority requirements before filing.
EUR-011,European Union,EFSA,Food and feed chemicals,EFSA chemicals-in-food methodology and OpenFoodTox,OpenFoodTox 2025 dataset noted by EFSA,A,https://www.efsa.europa.eu/en/topics/topic/chemicals-food,EUR,['food_feed'],"['regulatory_navigator', 'source_provenance']","Register this official pathway for food and feed chemicals. Route users by product class and jurisdiction, preserve the source version/effective date, and require local verification where the compendium assigns Tier A.",official_source_registered_source_deep_read_pending,2026-07-30,Regulatory navigation only; confirm current official text and competent-authority requirements before filing.
EUR-012,European Union,EFSA,Food-contact materials,Food Contact Materials guidance and application procedures,Application guidance republished 2021; portal current,A,https://www.efsa.europa.eu/en/topics/topic/food-contact-materials,EUR,['food_feed'],"['regulatory_navigator', 'source_provenance']","Register this official pathway for food-contact materials. Route users by product class and jurisdiction, preserve the source version/effective date, and require local verification where the compendium assigns Tier A.",official_source_registered_source_deep_read_pending,2026-07-30,Regulatory navigation only; confirm current official text and competent-authority requirements before filing.
EUR-013,European Union,European Medicines Agency (EMA),Human pharmaceuticals,Guideline on the environmental risk assessment of medicinal products for human use,Effective 1 September 2024,A,https://www.ema.europa.eu/en/environmental-risk-assessment-medicinal-products-human-use-scientific-guideline,EUR,['human_pharmaceuticals'],"['metabolism_excretion', 'pnec', 'regulatory_navigator', 'simpletreat', 'soil', 'source_provenance', 'spc_emissions', 'surface_water']","EMA's current human-medicinal-product ERA guideline is effective from 1 September 2024 and uses Phase I/Phase II, PEC, PBT and risk concepts. Implement as a dedicated versioned pharmaceutical ruleset, not a generic REACH scenario.",official_source_reviewed,2026-07-30,Regulatory navigation only; confirm current official text and competent-authority requirements before filing.
EUR-014,European Union,EMA,Veterinary pharmaceuticals,Environmental risk assessment for veterinary medicines,Living guidance collection,A,https://www.ema.europa.eu/en/veterinary-regulatory-overview/marketing-authorisation-veterinary-medicines/environmental-risk-assessment-veterinary-medicines,EUR,['veterinary_pharmaceuticals'],"['metabolism_excretion', 'pnec', 'regulatory_navigator', 'simpletreat', 'soil', 'source_provenance', 'spc_emissions', 'surface_water']","Register this official pathway for veterinary pharmaceuticals. Route users by product class and jurisdiction, preserve the source version/effective date, and require local verification where the compendium assigns Tier A.",official_source_registered_source_deep_read_pending,2026-07-30,Regulatory navigation only; confirm current official text and competent-authority requirements before filing.
EUR-015,European Union,Scientific Committee on Consumer Safety (SCCS),Cosmetics,"SCCS Notes of Guidance for testing cosmetic ingredients and safety evaluation, 12th revision",12th revision May 2023; corrigendum December 2023,A,https://health.ec.europa.eu/publications/sccs-notes-guidance-testing-cosmetic-ingredients-and-their-safety-evaluation-12th-revision_en,EUR,['cosmetics'],"['regulatory_navigator', 'source_provenance']","Register this official pathway for cosmetics. Route users by product class and jurisdiction, preserve the source version/effective date, and require local verification where the compendium assigns Tier A.",official_source_registered_source_deep_read_pending,2026-07-30,Regulatory navigation only; confirm current official text and competent-authority requirements before filing.
EUR-016,European Union,EU-OSHA / national labour authorities,Occupational chemicals,Dangerous substances risk-assessment tools and OSH framework,E-tool updated in 2026,A,https://osha.europa.eu/en/themes/dangerous-substances,EUR,['workplace'],"['coshh', 'regulatory_navigator', 'sds', 'source_provenance', 'task_risk_assessment']","Register this official pathway for occupational chemicals. Route users by product class and jurisdiction, preserve the source version/effective date, and require local verification where the compendium assigns Tier A.",official_source_registered_source_deep_read_pending,2026-07-30,Regulatory navigation only; confirm current official text and competent-authority requirements before filing.
EUR-017,United Kingdom (Great Britain),Health and Safety Executive (HSE),Industrial chemicals,UK REACH guidance and evaluation approach,Portal updated 2025-2026,A,https://www.hse.gov.uk/reach/,EUR,['industrial_chemicals'],"['environmental_exposure', 'identity_resolution', 'property_evidence', 'regulatory_navigator', 'risk_report', 'source_provenance']","UK REACH is autonomous for Great Britain. Store UK-specific legal status, registration context and current HSE guidance; do not silently reuse EU submission assumptions.",official_source_reviewed,2026-07-30,Regulatory navigation only; confirm current official text and competent-authority requirements before filing.
EUR-018,United Kingdom,HSE / Environment Agency,Biocides,GB Biocidal Products Regulation guidance,Living guidance collection,A,https://www.hse.gov.uk/biocides/applications/index.htm,EUR,['biocides'],"['ecotox', 'environmental_exposure', 'regulatory_navigator', 'simpletreat', 'source_provenance', 'use_scenario']","Register this official pathway for biocides. Route users by product class and jurisdiction, preserve the source version/effective date, and require local verification where the compendium assigns Tier A.",official_source_registered_source_deep_read_pending,2026-07-30,Regulatory navigation only; confirm current official text and competent-authority requirements before filing.
EUR-019,United Kingdom,HSE Chemicals Regulation Division,Pesticides,Pesticide registration and risk-assessment guidance,Living guidance portal,A,https://www.hse.gov.uk/pesticides/,EUR,['pesticides'],"['application_scenario', 'ecotox', 'groundwater', 'model_orchestration', 'regulatory_navigator', 'sediment', 'source_provenance', 'surface_water']","Register this official pathway for pesticides. Route users by product class and jurisdiction, preserve the source version/effective date, and require local verification where the compendium assigns Tier A.",official_source_registered_source_deep_read_pending,2026-07-30,Regulatory navigation only; confirm current official text and competent-authority requirements before filing.
EUR-020,United Kingdom,HSE,Occupational chemicals,COSHH risk assessment guidance,Living guidance portal,A,https://www.hse.gov.uk/coshh/basics/assessment.htm,EUR,['workplace'],"['coshh', 'regulatory_navigator', 'sds', 'source_provenance', 'task_risk_assessment']","COSHH is task-specific. SDS information is an input, not the assessment. The lab module must ask about actual operation, exposure routes, people, quantities, duration, controls and review triggers before drafting.",official_source_reviewed,2026-07-30,Regulatory navigation only; confirm current official text and competent-authority requirements before filing.
EUR-021,Switzerland,Federal chemicals authorities (FOEN/FOPH/SECO),Industrial chemicals; biocides,Chemicals Ordinance (ChemO) guidance and notification authority portal,Living portal,A,https://www.anmeldestelle.admin.ch/en/chemicals-ordinance-chemo,EUR,"['industrial_chemicals', 'biocides']","['ecotox', 'environmental_exposure', 'identity_resolution', 'property_evidence', 'regulatory_navigator', 'risk_report', 'simpletreat', 'source_provenance', 'use_scenario']","Swiss ChemO is substantially harmonised with REACH/CLP but autonomous, with separate notification and restriction mechanisms. Link ChemO, ORRChem and the relevant EU provisions/version.",official_source_reviewed,2026-07-30,Regulatory navigation only; confirm current official text and competent-authority requirements before filing.
EUR-022,Türkiye,"Ministry of Environment, Urbanisation and Climate Change",Industrial chemicals,KKDIK (Türkiye REACH) legislation and implementation guidance,Verify current deadlines and ministry notices,B,https://kimyasallar.csb.gov.tr/,EUR,['industrial_chemicals'],"['environmental_exposure', 'identity_resolution', 'property_evidence', 'regulatory_navigator', 'risk_report', 'source_provenance']","Register this official pathway for industrial chemicals. Route users by product class and jurisdiction, preserve the source version/effective date, and require local verification where the compendium assigns Tier B.",official_framework_registered_local_detail_required,2026-07-30,Regulatory navigation only; confirm current official text and competent-authority requirements before filing.
EUR-023,Eurasian Economic Union,Eurasian Economic Commission / member-state authorities,Industrial chemicals,EAEU Technical Regulation 041/2017 on safety of chemical products,Verify in each EAEU member state,B,https://eec.eaeunion.org/en/comission/department/deptexreg/tr/,EUR,['industrial_chemicals'],"['environmental_exposure', 'identity_resolution', 'property_evidence', 'regulatory_navigator', 'risk_report', 'source_provenance']","Register this official pathway for industrial chemicals. Route users by product class and jurisdiction, preserve the source version/effective date, and require local verification where the compendium assigns Tier B.",official_framework_registered_local_detail_required,2026-07-30,Regulatory navigation only; confirm current official text and competent-authority requirements before filing.
EUR-024,Ukraine,Ministry of Environmental Protection and Natural Resources,Industrial chemicals,Ukraine chemicals safety technical regulation / REACH-aligned reforms,Verify enactment and transition dates,B,https://mepr.gov.ua/en/,EUR,['industrial_chemicals'],"['environmental_exposure', 'identity_resolution', 'property_evidence', 'regulatory_navigator', 'risk_report', 'source_provenance']","Register this official pathway for industrial chemicals. Route users by product class and jurisdiction, preserve the source version/effective date, and require local verification where the compendium assigns Tier B.",official_framework_registered_local_detail_required,2026-07-30,Regulatory navigation only; confirm current official text and competent-authority requirements before filing.
NAM-001,United States,US Environmental Protection Agency (EPA),Cross-cutting chemical risk,EPA Risk Assessment Guidance portal,Updated 8 January 2026,A,https://www.epa.gov/risk/risk-assessment-guidance,NAM,['cross_cutting'],"['regulatory_navigator', 'source_provenance']",EPA risk-assessment guidance is programme-specific. The US pathway must identify the governing programme before selecting methods or models.,implementation_note_curated_source_deep_read_pending,2026-07-30,Regulatory navigation only; confirm current official text and competent-authority requirements before filing.
NAM-002,United States,US EPA Office of Pollution Prevention and Toxics,Industrial chemicals,TSCA Risk Evaluations for Existing Chemicals,Living programme,A,https://www.epa.gov/assessing-and-managing-chemicals-under-tsca/risk-evaluations-existing-chemicals-under-tsca,NAM,['industrial_chemicals'],"['environmental_exposure', 'identity_resolution', 'property_evidence', 'regulatory_navigator', 'risk_report', 'source_provenance']","TSCA existing-chemical risk evaluations require condition-of-use, exposure, hazard and risk-characterisation records. Add condition-of-use and potentially exposed population fields.",implementation_note_curated_source_deep_read_pending,2026-07-30,Regulatory navigation only; confirm current official text and competent-authority requirements before filing.
NAM-003,United States,US EPA,Pesticides,Guidance for Human Health Risk Assessments for Pesticides,Updated content through 2026,A,https://www.epa.gov/pesticide-science-and-assessing-pesticide-risks/guidance-human-health-risk-assessments-pesticides,NAM,['pesticides'],"['application_scenario', 'ecotox', 'groundwater', 'model_orchestration', 'regulatory_navigator', 'sediment', 'source_provenance', 'surface_water']","Register this official pathway for pesticides. Route users by product class and jurisdiction, preserve the source version/effective date, and require local verification where the compendium assigns Tier A.",official_source_registered_source_deep_read_pending,2026-07-30,Regulatory navigation only; confirm current official text and competent-authority requirements before filing.
NAM-004,United States,US EPA,Pesticides,Technical Overview of Ecological Risk Assessment for the Pesticide Program,Living guidance,A,https://www.epa.gov/pesticide-science-and-assessing-pesticide-risks/technical-overview-ecological-risk-assessment,NAM,"['pesticides', 'ecological_risk']","['application_scenario', 'ecotox', 'groundwater', 'model_orchestration', 'regulatory_navigator', 'sediment', 'source_provenance', 'surface_water']","EPA pesticide ecological assessment is tiered. Preserve screening assumptions, refinement triggers, taxa/endpoints and mitigation decisions.",implementation_note_curated_source_deep_read_pending,2026-07-30,Regulatory navigation only; confirm current official text and competent-authority requirements before filing.
NAM-005,United States,US EPA,Pesticide environmental exposure,Models and databases used in pesticide risk assessment,Updated 2025-2026,A,https://www.epa.gov/pesticide-science-and-assessing-pesticide-risks/models-and-databases-used-pesticide-risk-assessment,NAM,"['pesticides', 'environmental_exposure']","['application_scenario', 'ecotox', 'groundwater', 'model_orchestration', 'regulatory_navigator', 'scenario_registry', 'sediment', 'source_provenance', 'surface_water', 'tier_comparison']","EPA model selection spans aquatic, terrestrial, atmospheric and health models. PWC is current for water exposure; legacy PRZM/EXAMS may be retained for reproducibility with clear status labels.",official_source_reviewed,2026-07-30,Regulatory navigation only; confirm current official text and competent-authority requirements before filing.
NAM-006,United States,US EPA,Test methods,OCSPP Harmonized Test Guidelines,Verify individual guideline revisions,A,https://www.epa.gov/test-guidelines-pesticides-and-toxic-substances,NAM,['cross_cutting'],"['regulatory_navigator', 'source_provenance']","OCSPP harmonised guidelines should be stored by guideline number and revision, with OECD equivalence/crosswalk where applicable.",implementation_note_curated_source_deep_read_pending,2026-07-30,Regulatory navigation only; confirm current official text and competent-authority requirements before filing.
NAM-007,United States,US EPA Superfund,Contaminated land,Risk Assessment Guidance for Superfund (RAGS),Living portal,A,https://www.epa.gov/risk/risk-assessment-guidance-superfund-rags,NAM,['contaminated_sites'],"['regulatory_navigator', 'source_provenance']","Register this official pathway for contaminated land. Route users by product class and jurisdiction, preserve the source version/effective date, and require local verification where the compendium assigns Tier A.",official_source_registered_source_deep_read_pending,2026-07-30,Regulatory navigation only; confirm current official text and competent-authority requirements before filing.
NAM-008,United States,US Food and Drug Administration (FDA),Food chemicals,Food Ingredients and Packaging guidance / premarket submissions,Living guidance collection,A,https://www.fda.gov/food/food-ingredients-packaging,NAM,['food_feed'],"['regulatory_navigator', 'source_provenance']","Register this official pathway for food chemicals. Route users by product class and jurisdiction, preserve the source version/effective date, and require local verification where the compendium assigns Tier A.",official_source_registered_source_deep_read_pending,2026-07-30,Regulatory navigation only; confirm current official text and competent-authority requirements before filing.
NAM-009,United States,FDA,Human and veterinary products,Environmental assessment under NEPA,21 CFR Part 25; product-centre guidance varies,A,https://www.fda.gov/regulatory-information/search-fda-guidance-documents/environmental-assessment-human-drug-and-biologics-applications,NAM,"['human_pharmaceuticals', 'veterinary_pharmaceuticals']","['regulatory_navigator', 'source_provenance']","FDA environmental assessment is governed by NEPA and 21 CFR Part 25, with categorical exclusions for some actions. Build a separate US pharmaceutical pathway and categorical-exclusion decision record.",official_source_reviewed,2026-07-30,Regulatory navigation only; confirm current official text and competent-authority requirements before filing.
NAM-010,United States,Occupational Safety and Health Administration / NIOSH,Occupational chemicals,"Chemical hazards, permissible exposure limits and NIOSH risk resources",Living collections,A,https://www.osha.gov/chemical-hazards,NAM,['workplace'],"['coshh', 'regulatory_navigator', 'sds', 'source_provenance', 'task_risk_assessment']","Register this official pathway for occupational chemicals. Route users by product class and jurisdiction, preserve the source version/effective date, and require local verification where the compendium assigns Tier A.",official_source_registered_source_deep_read_pending,2026-07-30,Regulatory navigation only; confirm current official text and competent-authority requirements before filing.
NAM-011,United States,Agency for Toxic Substances and Disease Registry (ATSDR),Human health / contaminated sites,Toxicological Profiles and Minimal Risk Levels,Living collection,A,https://www.atsdr.cdc.gov/toxprofiledocs/index.html,NAM,['contaminated_sites'],"['regulatory_navigator', 'source_provenance']","Register this official pathway for human health / contaminated sites. Route users by product class and jurisdiction, preserve the source version/effective date, and require local verification where the compendium assigns Tier A.",official_source_registered_source_deep_read_pending,2026-07-30,Regulatory navigation only; confirm current official text and competent-authority requirements before filing.
NAM-012,Canada,Environment and Climate Change Canada / Health Canada,Industrial chemicals,Risk assessment of chemical substances under CEPA,Overview updated June 2026,A,https://www.canada.ca/en/health-canada/services/chemical-substances/canada-approach-chemicals/risk-assessment.html,NAM,['industrial_chemicals'],"['environmental_exposure', 'identity_resolution', 'property_evidence', 'regulatory_navigator', 'risk_report', 'source_provenance']",Canadian CEPA/CMP assessment combines environment and human health. The platform should support ecological-risk outputs while linking to broader CEPA evidence requirements.,implementation_note_curated_source_deep_read_pending,2026-07-30,Regulatory navigation only; confirm current official text and competent-authority requirements before filing.
NAM-013,Canada,Environment and Climate Change Canada / Health Canada,New industrial chemicals,Guidance document for the New Substances Notification Regulations (Chemicals and Polymers),Living guidance,A,https://www.canada.ca/en/environment-climate-change/services/managing-pollution/evaluating-new-substances/chemicals-polymers/guidance.html,NAM,['industrial_chemicals'],"['environmental_exposure', 'identity_resolution', 'property_evidence', 'regulatory_navigator', 'risk_report', 'source_provenance']","New Substances Notification requires volume/category-specific information for chemicals and polymers. Add notification category, volume threshold and polymer-specific logic.",implementation_note_curated_source_deep_read_pending,2026-07-30,Regulatory navigation only; confirm current official text and competent-authority requirements before filing.
NAM-014,Canada,Health Canada Pest Management Regulatory Agency (PMRA),Pesticides,Framework for risk assessment and risk management of pest control products,2023 portal edition,A,https://www.canada.ca/en/health-canada/services/consumer-product-safety/reports-publications/pesticides-pest-management/policies-guidelines/risk-management-pest-control-products.html,NAM,['pesticides'],"['application_scenario', 'ecotox', 'groundwater', 'model_orchestration', 'regulatory_navigator', 'sediment', 'source_provenance', 'surface_water']","PMRA uses a risk-assessment and risk-management framework for pest control products. Include decision and mitigation records, not just exposure estimates.",implementation_note_curated_source_deep_read_pending,2026-07-30,Regulatory navigation only; confirm current official text and competent-authority requirements before filing.
NAM-015,Canada,PMRA,Pesticides,Health Canada approach to environmental risk assessment for pest control products,2023,A,https://www.canada.ca/en/health-canada/services/consumer-product-safety/reports-publications/pesticides-pest-management/policies-guidelines/approach-environmental-risk-assessment.html,NAM,['pesticides'],"['application_scenario', 'ecotox', 'groundwater', 'model_orchestration', 'regulatory_navigator', 'sediment', 'source_provenance', 'surface_water']",PMRA environmental risk assessment should be a Canadian ruleset with Canadian exposure scenarios/defaults and not merely a US EPA copy.,implementation_note_curated_source_deep_read_pending,2026-07-30,Regulatory navigation only; confirm current official text and competent-authority requirements before filing.
NAM-016,Canada,PMRA,Pesticides,PMRA policies and guidelines portal,Includes SPN2026-01,A,https://www.canada.ca/en/health-canada/services/consumer-product-safety/reports-publications/pesticides-pest-management/policies-guidelines.html,NAM,['pesticides'],"['application_scenario', 'ecotox', 'groundwater', 'model_orchestration', 'regulatory_navigator', 'sediment', 'source_provenance', 'surface_water']",PMRA policy/guidance is a living collection. Source version and document type must be recorded; harmonisation documents do not eliminate Canadian requirements.,official_source_reviewed,2026-07-30,Regulatory navigation only; confirm current official text and competent-authority requirements before filing.
NAM-017,Canada,Canadian Centre for Occupational Health and Safety / federal and provincial regulators,Occupational chemicals,WHMIS and workplace chemical risk resources,WHMIS requirements depend on federal/provincial law,B,https://www.canada.ca/en/health-canada/services/environmental-workplace-health/occupational-health-safety/workplace-hazardous-materials-information-system.html,NAM,['workplace'],"['coshh', 'regulatory_navigator', 'sds', 'source_provenance', 'task_risk_assessment']","Register this official pathway for occupational chemicals. Route users by product class and jurisdiction, preserve the source version/effective date, and require local verification where the compendium assigns Tier B.",official_framework_registered_local_detail_required,2026-07-30,Regulatory navigation only; confirm current official text and competent-authority requirements before filing.
OCE-001,Australia,Australian Industrial Chemicals Introduction Scheme (AICIS),Industrial chemicals,Guide to categorising chemical importation and manufacture,Updated 22 May 2026,A,https://www.industrialchemicals.gov.au/help-and-guides/guide-categorising-your-chemical-importation-and-manufacture,OCE,['industrial_chemicals'],"['environmental_exposure', 'identity_resolution', 'property_evidence', 'regulatory_navigator', 'risk_report', 'source_provenance']","AICIS categorisation is exposure-and-hazard based and determines introduction category and information obligations. Add import/manufacture volume, introduction circumstances and category decision.",implementation_note_curated_source_deep_read_pending,2026-07-30,Regulatory navigation only; confirm current official text and competent-authority requirements before filing.
OCE-002,Australia,AICIS,Industrial chemicals,Industrial Chemicals Categorisation Guidelines,September 2025 edition; September 2026 changes not yet effective at snapshot,A,https://www.industrialchemicals.gov.au/help-and-guides/industrial-chemicals-categorisation-guidelines,OCE,['industrial_chemicals'],"['environmental_exposure', 'identity_resolution', 'property_evidence', 'regulatory_navigator', 'risk_report', 'source_provenance']","The AICIS categorisation guideline is version-sensitive, with a September 2026 change watch. Build an effective-date gate and warn against using future rules early.",implementation_note_curated_source_deep_read_pending,2026-07-30,Regulatory navigation only; confirm current official text and competent-authority requirements before filing.
OCE-003,Australia,Australian Pesticides and Veterinary Medicines Authority (APVMA),Agricultural and veterinary chemicals,Risk assessment manuals portal,Manual components have individual dates,A,https://www.apvma.gov.au/registrations-and-permits/data-guidelines/risk-assessment-manuals,OCE,['veterinary_pharmaceuticals'],"['application_scenario', 'ecotox', 'groundwater', 'model_orchestration', 'regulatory_navigator', 'sediment', 'source_provenance', 'surface_water']",APVMA separates data requirements and risk manuals. Route agricultural and veterinary products by use and product type.,implementation_note_curated_source_deep_read_pending,2026-07-30,Regulatory navigation only; confirm current official text and competent-authority requirements before filing.
OCE-004,Australia,APVMA,Agricultural and veterinary chemicals,Risk Assessment Manual - Environment,Portal current; appendices individually updated,A,https://www.apvma.gov.au/registrations-and-permits/data-guidelines/risk-assessment-manuals/environment,OCE,['veterinary_pharmaceuticals'],"['application_scenario', 'ecotox', 'groundwater', 'model_orchestration', 'regulatory_navigator', 'sediment', 'source_provenance', 'surface_water']","The APVMA environment manual is the core Australian environmental assessment pack. Include Australian scenarios, protection goals, exposure, effects and risk/refinement logic.",official_source_reviewed,2026-07-30,Regulatory navigation only; confirm current official text and competent-authority requirements before filing.
OCE-005,Australia,Safe Work Australia,Occupational chemicals,Model WHS laws and hazardous chemicals guidance,State/territory adoption varies,A,https://www.safeworkaustralia.gov.au/safety-topic/hazards/chemicals,OCE,['workplace'],"['coshh', 'regulatory_navigator', 'sds', 'source_provenance', 'task_risk_assessment']","Register this official pathway for occupational chemicals. Route users by product class and jurisdiction, preserve the source version/effective date, and require local verification where the compendium assigns Tier A.",official_source_registered_source_deep_read_pending,2026-07-30,Regulatory navigation only; confirm current official text and competent-authority requirements before filing.
OCE-006,Australia,National Environment Protection Council,Contaminated land,National Environment Protection (Assessment of Site Contamination) Measure,"1999, amended 2013; check jurisdictional implementation",A,https://www.nepc.gov.au/nepms/assessment-site-contamination,OCE,['contaminated_sites'],"['regulatory_navigator', 'source_provenance']","Register this official pathway for contaminated land. Route users by product class and jurisdiction, preserve the source version/effective date, and require local verification where the compendium assigns Tier A.",official_source_registered_source_deep_read_pending,2026-07-30,Regulatory navigation only; confirm current official text and competent-authority requirements before filing.
OCE-007,New Zealand,Environmental Protection Authority (EPA NZ),Hazardous substances,Risk Assessment Methodology for Hazardous Substances,Updated December 2022,A,https://www.epa.govt.nz/assets/Uploads/Documents/Hazardous-Substances/Guidance/Risk-Assessment-Methodology-for-Hazardous-Substances.pdf,OCE,['cross_cutting'],"['regulatory_navigator', 'source_provenance']","New Zealand hazardous-substance methodology is a national decision framework. Preserve risk context, uncertainty and controls rather than only numerical outputs.",implementation_note_curated_source_deep_read_pending,2026-07-30,Regulatory navigation only; confirm current official text and competent-authority requirements before filing.
OCE-008,New Zealand,EPA NZ,Hazardous substances,Hazardous substances approvals and guidance,Living guidance,A,https://www.epa.govt.nz/industry-areas/hazardous-substances/,OCE,['cross_cutting'],"['regulatory_navigator', 'source_provenance']",EPA NZ approvals are substance/use-specific. Add approval status and controls to the regulatory record.,implementation_note_curated_source_deep_read_pending,2026-07-30,Regulatory navigation only; confirm current official text and competent-authority requirements before filing.
OCE-009,New Zealand,Ministry for Primary Industries (MPI),Agricultural compounds and veterinary medicines,ACVM risk assessment and registration guidance,Living guidance collection,A,https://www.mpi.govt.nz/agriculture/agricultural-compounds-vet-medicines/,OCE,['veterinary_pharmaceuticals'],"['application_scenario', 'ecotox', 'groundwater', 'model_orchestration', 'regulatory_navigator', 'sediment', 'source_provenance', 'surface_water']","Register this official pathway for agricultural compounds and veterinary medicines. Route users by product class and jurisdiction, preserve the source version/effective date, and require local verification where the compendium assigns Tier A.",official_source_registered_source_deep_read_pending,2026-07-30,Regulatory navigation only; confirm current official text and competent-authority requirements before filing.
ASI-001,Japan,METI / MHLW / Ministry of the Environment; NITE,Industrial chemicals,Chemical Substances Control Law (CSCL) assessment system,Verify annual notices and thresholds,A,https://www.nite.go.jp/en/chem/aboutcmc.html,ASI,['industrial_chemicals'],"['environmental_exposure', 'identity_resolution', 'property_evidence', 'regulatory_navigator', 'risk_report', 'source_provenance']",Japan CSCL requires national classification and evaluation logic. Route by new/existing chemical status and use current notices/thresholds.,implementation_note_curated_source_deep_read_pending,2026-07-30,Regulatory navigation only; confirm current official text and competent-authority requirements before filing.
ASI-002,Japan,NITE,Chemical information,NITE-CHRIP chemical risk information platform,Living portal,A,https://www.nite.go.jp/en/chem/chrip/chrip_search/systemTop,ASI,['cross_cutting'],"['regulatory_navigator', 'source_provenance']",NITE-CHRIP is a discovery and regulatory-information source. Preserve the originating Japanese assessment or legal source.,implementation_note_curated_source_deep_read_pending,2026-07-30,Regulatory navigation only; confirm current official text and competent-authority requirements before filing.
ASI-003,Japan,Food Safety Commission of Japan,Food chemicals and pesticides,Risk assessment guidelines and evaluation documents,Living collection,B,https://www.fsc.go.jp/english/,ASI,"['pesticides', 'food_feed']","['application_scenario', 'ecotox', 'groundwater', 'model_orchestration', 'regulatory_navigator', 'sediment', 'source_provenance', 'surface_water']","Register this official pathway for food chemicals and pesticides. Route users by product class and jurisdiction, preserve the source version/effective date, and require local verification where the compendium assigns Tier B.",official_framework_registered_local_detail_required,2026-07-30,Regulatory navigation only; confirm current official text and competent-authority requirements before filing.
ASI-004,China,Ministry of Ecology and Environment (MEE),New chemical substances,Measures for the Environmental Management Registration of New Chemical Substances (MEE Order No.12) and supporting guidance,Order No.12 effective 2021; verify 2026 revision status before filing,B,https://www.mee.gov.cn/ywgz/fgbz/bz/bzwb/gthw/qtxgbz/,ASI,['cross_cutting'],"['environmental_exposure', 'identity_resolution', 'property_evidence', 'regulatory_navigator', 'risk_report', 'source_provenance']",China MEE Order No.12 governs new chemical registration; a 2026 revision is on change watch. Do not automate a filing decision without current Chinese legal verification.,implementation_note_curated_source_deep_read_pending,2026-07-30,Regulatory navigation only; confirm current official text and competent-authority requirements before filing.
ASI-005,China,National Health Commission / SAMR,Food chemicals,National food-safety standards and new food ingredient/additive assessment,Standards updated individually,B,https://www.nhc.gov.cn/wjw/zcjd/list.shtml,ASI,['food_feed'],"['regulatory_navigator', 'source_provenance']","Register this official pathway for food chemicals. Route users by product class and jurisdiction, preserve the source version/effective date, and require local verification where the compendium assigns Tier B.",official_framework_registered_local_detail_required,2026-07-30,Regulatory navigation only; confirm current official text and competent-authority requirements before filing.
ASI-006,South Korea,Ministry of Environment / Korea Environment Corporation,Industrial chemicals,K-REACH registration and risk assessment system,Amendments and thresholds change; verify Korean official notices,B,https://kreach.me.go.kr/repwrt/index.do,ASI,['industrial_chemicals'],"['environmental_exposure', 'identity_resolution', 'property_evidence', 'regulatory_navigator', 'risk_report', 'source_provenance']",K-REACH thresholds and exemptions are change-sensitive and Korean text controls. Mark calculations as regulatory-navigation support until current local requirements are confirmed.,implementation_note_curated_source_deep_read_pending,2026-07-30,Regulatory navigation only; confirm current official text and competent-authority requirements before filing.
ASI-007,South Korea,National Institute of Environmental Research,Industrial chemicals,Published chemical risk-assessment reports under K-REACH,Reports published annually,B,https://ecolibrary.me.go.kr/nier/,ASI,['industrial_chemicals'],"['environmental_exposure', 'identity_resolution', 'property_evidence', 'regulatory_navigator', 'risk_report', 'source_provenance']","Register this official pathway for industrial chemicals. Route users by product class and jurisdiction, preserve the source version/effective date, and require local verification where the compendium assigns Tier B.",official_framework_registered_local_detail_required,2026-07-30,Regulatory navigation only; confirm current official text and competent-authority requirements before filing.
ASI-008,Taiwan,Ministry of Environment / Chemicals Administration,Industrial chemicals,Toxic and Concerned Chemical Substances Control Act and new/existing chemical registration,Living portal,B,https://www.cha.gov.tw/mp-1.html,ASI,['industrial_chemicals'],"['environmental_exposure', 'identity_resolution', 'property_evidence', 'regulatory_navigator', 'risk_report', 'source_provenance']","Register this official pathway for industrial chemicals. Route users by product class and jurisdiction, preserve the source version/effective date, and require local verification where the compendium assigns Tier B.",official_framework_registered_local_detail_required,2026-07-30,Regulatory navigation only; confirm current official text and competent-authority requirements before filing.
ASI-009,Taiwan,Occupational Safety and Health Administration,Workplace chemicals,Priority Management Chemicals / new chemical registration under occupational law,Verify current lists and thresholds,B,https://www.osha.gov.tw/48110/48417/48419/,ASI,['workplace'],"['coshh', 'regulatory_navigator', 'sds', 'source_provenance', 'task_risk_assessment']","Register this official pathway for workplace chemicals. Route users by product class and jurisdiction, preserve the source version/effective date, and require local verification where the compendium assigns Tier B.",official_framework_registered_local_detail_required,2026-07-30,Regulatory navigation only; confirm current official text and competent-authority requirements before filing.
ASI-010,India,Central Insecticides Board and Registration Committee (CIBRC),Pesticides,Guidelines for registration of pesticides,Guidelines and checklists updated individually,A,https://ppqs.gov.in/divisions/cib-rc/guidelines,ASI,['pesticides'],"['application_scenario', 'ecotox', 'groundwater', 'model_orchestration', 'regulatory_navigator', 'sediment', 'source_provenance', 'surface_water']","Register this official pathway for pesticides. Route users by product class and jurisdiction, preserve the source version/effective date, and require local verification where the compendium assigns Tier A.",official_source_registered_source_deep_read_pending,2026-07-30,Regulatory navigation only; confirm current official text and competent-authority requirements before filing.
ASI-011,India,"Ministry of Environment, Forest and Climate Change / CPCB",Industrial and hazardous chemicals,"Manufacture, Storage and Import of Hazardous Chemical Rules and chemical accident guidance",Rules amended periodically,B,https://moef.gov.in/,ASI,['industrial_chemicals'],"['regulatory_navigator', 'source_provenance']","Register this official pathway for industrial and hazardous chemicals. Route users by product class and jurisdiction, preserve the source version/effective date, and require local verification where the compendium assigns Tier B.",official_framework_registered_local_detail_required,2026-07-30,Regulatory navigation only; confirm current official text and competent-authority requirements before filing.
ASI-012,Singapore,National Environment Agency (NEA),Hazardous substances,Management of Hazardous Substances under EPMA,Page updated 21 May 2026,A,https://www.nea.gov.sg/our-services/pollution-control/chemical-safety/hazardous-substances/management-of-hazardous-substances,ASI,['cross_cutting'],"['regulatory_navigator', 'source_provenance']","Register this official pathway for hazardous substances. Route users by product class and jurisdiction, preserve the source version/effective date, and require local verification where the compendium assigns Tier A.",official_source_registered_source_deep_read_pending,2026-07-30,Regulatory navigation only; confirm current official text and competent-authority requirements before filing.
ASI-013,Singapore,Singapore Food Agency / Health Sciences Authority,"Food, health products and poisons",Sector-specific safety and product-registration guidance,Verify product-specific guidance,B,https://www.sfa.gov.sg/food-information/risk-at-a-glance/chemical-hazards,ASI,['food_feed'],"['regulatory_navigator', 'source_provenance']","Register this official pathway for food, health products and poisons. Route users by product class and jurisdiction, preserve the source version/effective date, and require local verification where the compendium assigns Tier B.",official_framework_registered_local_detail_required,2026-07-30,Regulatory navigation only; confirm current official text and competent-authority requirements before filing.
ASI-014,Malaysia,Department of Occupational Safety and Health (DOSH),Occupational chemicals,A Manual of Recommended Practice on Assessment of the Health Risks Arising from the Use of Chemicals Hazardous to Health at the Workplace (SiRAC),3rd edition 2019,A,https://www.dosh.gov.my/index.php/chemical-management-v/chemical-health-risk-assessment-chra,ASI,['workplace'],"['coshh', 'regulatory_navigator', 'sds', 'source_provenance', 'task_risk_assessment']","Register this official pathway for occupational chemicals. Route users by product class and jurisdiction, preserve the source version/effective date, and require local verification where the compendium assigns Tier A.",official_source_registered_source_deep_read_pending,2026-07-30,Regulatory navigation only; confirm current official text and competent-authority requirements before filing.
ASI-015,Malaysia,DOSH,Classification and labelling,Industry Code of Practice on Chemicals Classification and Hazard Communication (CLASS ICOP),Verify current amendment/edition,A,https://www.dosh.gov.my/index.php/chemical-management-v/classification-record,ASI,['classification_labelling'],"['classification_labelling', 'regulatory_navigator', 'sds', 'source_provenance']","Register this official pathway for classification and labelling. Route users by product class and jurisdiction, preserve the source version/effective date, and require local verification where the compendium assigns Tier A.",official_source_registered_source_deep_read_pending,2026-07-30,Regulatory navigation only; confirm current official text and competent-authority requirements before filing.
ASI-016,Thailand,Department of Industrial Works / Food and Drug Administration / Department of Agriculture,Hazardous substances,Hazardous Substance Act implementation and sectoral registration guidance,Verify responsible agency by product/use,B,https://www.diw.go.th/webdiw/en/,ASI,['cross_cutting'],"['regulatory_navigator', 'source_provenance']","Register this official pathway for hazardous substances. Route users by product class and jurisdiction, preserve the source version/effective date, and require local verification where the compendium assigns Tier B.",official_framework_registered_local_detail_required,2026-07-30,Regulatory navigation only; confirm current official text and competent-authority requirements before filing.
ASI-017,Indonesia,Ministry of Environment and Forestry / Ministry of Agriculture / BPOM,Chemicals and pesticides,"Sectoral hazardous chemicals, pesticides and food/drug safety requirements",Country-specific verification required,C,https://www.menlhk.go.id/,ASI,"['pesticides', 'food_feed']","['application_scenario', 'ecotox', 'groundwater', 'model_orchestration', 'regulatory_navigator', 'sediment', 'source_provenance', 'surface_water']","Register this official pathway for chemicals and pesticides. Route users by product class and jurisdiction, preserve the source version/effective date, and require local verification where the compendium assigns Tier C.",international_or_sector_pathway_local_verification_required,2026-07-30,Regulatory navigation only; confirm current official text and competent-authority requirements before filing.
ASI-018,Philippines,Department of Environment and Natural Resources - Environmental Management Bureau,Industrial chemicals,Philippine Inventory of Chemicals and Chemical Substances / Chemical Control Orders,Verify current DENR administrative orders,B,https://chemical.emb.gov.ph/,ASI,['industrial_chemicals'],"['environmental_exposure', 'identity_resolution', 'property_evidence', 'regulatory_navigator', 'risk_report', 'source_provenance']","Register this official pathway for industrial chemicals. Route users by product class and jurisdiction, preserve the source version/effective date, and require local verification where the compendium assigns Tier B.",official_framework_registered_local_detail_required,2026-07-30,Regulatory navigation only; confirm current official text and competent-authority requirements before filing.
ASI-019,Vietnam,"Vietnam Chemicals Agency (Vinachemia), Ministry of Industry and Trade",Industrial chemicals,Law on Chemicals and implementing guidance,Verify current decrees and transition dates,B,https://vinachemia.gov.vn/en/,ASI,['industrial_chemicals'],"['environmental_exposure', 'identity_resolution', 'property_evidence', 'regulatory_navigator', 'risk_report', 'source_provenance']","Register this official pathway for industrial chemicals. Route users by product class and jurisdiction, preserve the source version/effective date, and require local verification where the compendium assigns Tier B.",official_framework_registered_local_detail_required,2026-07-30,Regulatory navigation only; confirm current official text and competent-authority requirements before filing.
ASI-020,Pakistan,Ministry of National Food Security / Department of Plant Protection; environmental authorities,Pesticides and hazardous chemicals,Agricultural pesticide registration and sectoral environmental controls,Country-specific verification required,C,https://plantprotection.gov.pk/,ASI,['pesticides'],"['application_scenario', 'ecotox', 'groundwater', 'model_orchestration', 'regulatory_navigator', 'sediment', 'source_provenance', 'surface_water']","Register this official pathway for pesticides and hazardous chemicals. Route users by product class and jurisdiction, preserve the source version/effective date, and require local verification where the compendium assigns Tier C.",international_or_sector_pathway_local_verification_required,2026-07-30,Regulatory navigation only; confirm current official text and competent-authority requirements before filing.
ASI-021,Bangladesh,Department of Agricultural Extension / Department of Environment,Pesticides and hazardous chemicals,Pesticide registration and environmental-clearance requirements,Country-specific verification required,C,https://dae.gov.bd/,ASI,['pesticides'],"['application_scenario', 'ecotox', 'groundwater', 'model_orchestration', 'regulatory_navigator', 'sediment', 'source_provenance', 'surface_water']","Register this official pathway for pesticides and hazardous chemicals. Route users by product class and jurisdiction, preserve the source version/effective date, and require local verification where the compendium assigns Tier C.",international_or_sector_pathway_local_verification_required,2026-07-30,Regulatory navigation only; confirm current official text and competent-authority requirements before filing.
ASI-022,Sri Lanka,Office of the Registrar of Pesticides / Central Environmental Authority,Pesticides and hazardous chemicals,Pesticide registration guidance and national environmental controls,Country-specific verification required,C,https://rop.gov.lk/,ASI,['pesticides'],"['application_scenario', 'ecotox', 'groundwater', 'model_orchestration', 'regulatory_navigator', 'sediment', 'source_provenance', 'surface_water']","Register this official pathway for pesticides and hazardous chemicals. Route users by product class and jurisdiction, preserve the source version/effective date, and require local verification where the compendium assigns Tier C.",international_or_sector_pathway_local_verification_required,2026-07-30,Regulatory navigation only; confirm current official text and competent-authority requirements before filing.
LAT-001,Brazil,ANVISA / IBAMA / Ministry of Agriculture,Pesticides,Tripartite pesticide risk-assessment and registration system,Product and active-ingredient requirements updated individually,A,https://www.gov.br/anvisa/en/regulation-of-products/pesticides,LAT,['pesticides'],"['application_scenario', 'ecotox', 'groundwater', 'model_orchestration', 'regulatory_navigator', 'sediment', 'source_provenance', 'surface_water']","Brazil pesticide assessment is tripartite across ANVISA, IBAMA and agriculture authorities. Split health, environmental and efficacy/registration workstreams and merge them in the dossier view.",implementation_note_curated_source_deep_read_pending,2026-07-30,Regulatory navigation only; confirm current official text and competent-authority requirements before filing.
LAT-002,Brazil,IBAMA,Pesticides,Environmental evaluation and classification of pesticides,Normative instructions and manuals updated individually,B,https://www.gov.br/ibama/pt-br/assuntos/quimicos-e-biologicos/agrotoxicos,LAT,"['pesticides', 'classification_labelling']","['application_scenario', 'classification_labelling', 'ecotox', 'groundwater', 'model_orchestration', 'regulatory_navigator', 'sds', 'sediment', 'source_provenance', 'surface_water']",IBAMA environmental classification requires Brazilian environmental evidence and decision criteria. Add country-specific classification and mitigation outputs.,implementation_note_curated_source_deep_read_pending,2026-07-30,Regulatory navigation only; confirm current official text and competent-authority requirements before filing.
LAT-003,Brazil,ANVISA,Food and consumer chemicals,ANVISA toxicological evaluation and sectoral product guidance,Living regulatory portal,B,https://www.gov.br/anvisa/pt-br/assuntos/regulamentacao,LAT,['food_feed'],"['regulatory_navigator', 'source_provenance']","Register this official pathway for food and consumer chemicals. Route users by product class and jurisdiction, preserve the source version/effective date, and require local verification where the compendium assigns Tier B.",official_framework_registered_local_detail_required,2026-07-30,Regulatory navigation only; confirm current official text and competent-authority requirements before filing.
LAT-004,Mexico,COFEPRIS / SEMARNAT / SENASICA,Pesticides and hazardous substances,Joint pesticide registration and sectoral chemical controls,"Verify NOMs, regulations and agency criteria for each product",B,https://www.gob.mx/cofepris/acciones-y-programas/plaguicidas,LAT,['pesticides'],"['application_scenario', 'ecotox', 'groundwater', 'model_orchestration', 'regulatory_navigator', 'sediment', 'source_provenance', 'surface_water']","Mexico pesticide registration is joint across COFEPRIS, SEMARNAT and SENASICA. Product/use routing must identify the responsible authority and current NOM/criteria.",implementation_note_curated_source_deep_read_pending,2026-07-30,Regulatory navigation only; confirm current official text and competent-authority requirements before filing.
LAT-005,Mexico,SEMARNAT,Environmental chemicals,"Environmental risk, hazardous materials and contaminated-site rules",Country-specific verification required,B,https://www.gob.mx/semarnat/acciones-y-programas/materiales-y-actividades-riesgosas,LAT,['contaminated_sites'],"['regulatory_navigator', 'source_provenance']","SEMARNAT covers environmental risk, hazardous materials and contaminated sites. Treat this as a portal-level pathway until the exact product/use instrument is selected.",implementation_note_curated_source_deep_read_pending,2026-07-30,Regulatory navigation only; confirm current official text and competent-authority requirements before filing.
LAT-006,Colombia,Ministry of Environment and Sustainable Development,Industrial chemicals,National chemicals-management and industrial-chemical inventory framework,Verify current decrees and deadlines,B,https://quimicos.minambiente.gov.co/,LAT,['industrial_chemicals'],"['environmental_exposure', 'identity_resolution', 'property_evidence', 'regulatory_navigator', 'risk_report', 'source_provenance']","Register this official pathway for industrial chemicals. Route users by product class and jurisdiction, preserve the source version/effective date, and require local verification where the compendium assigns Tier B.",official_framework_registered_local_detail_required,2026-07-30,Regulatory navigation only; confirm current official text and competent-authority requirements before filing.
LAT-007,Chile,Ministry of Environment / Ministry of Health,Industrial chemicals,Chemical substances notification and inventory system,Verify current inventory cycle and decrees,B,https://sqi.mma.gob.cl/,LAT,['industrial_chemicals'],"['environmental_exposure', 'identity_resolution', 'property_evidence', 'regulatory_navigator', 'risk_report', 'source_provenance']","Register this official pathway for industrial chemicals. Route users by product class and jurisdiction, preserve the source version/effective date, and require local verification where the compendium assigns Tier B.",official_framework_registered_local_detail_required,2026-07-30,Regulatory navigation only; confirm current official text and competent-authority requirements before filing.
LAT-008,Argentina,SENASA / ANMAT / environmental and labour authorities,"Pesticides, food, workplace and hazardous chemicals",Sectoral chemical risk-assessment and registration requirements,Country-specific verification required,C,https://www.argentina.gob.ar/senasa/programas-sanitarios/productos-veterinarios-fitosanitarios-y-fertilizantes,LAT,"['pesticides', 'food_feed']","['application_scenario', 'coshh', 'ecotox', 'groundwater', 'model_orchestration', 'regulatory_navigator', 'sds', 'sediment', 'source_provenance', 'surface_water', 'task_risk_assessment']","Register this official pathway for pesticides, food, workplace and hazardous chemicals. Route users by product class and jurisdiction, preserve the source version/effective date, and require local verification where the compendium assigns Tier C.",international_or_sector_pathway_local_verification_required,2026-07-30,Regulatory navigation only; confirm current official text and competent-authority requirements before filing.
LAT-009,Peru,SENASA / DIGESA / Ministry of Environment,Pesticides and hazardous substances,Andean pesticide registration and national sectoral chemical controls,Andean Manual applies to agricultural pesticides,B,https://www.gob.pe/senasa,LAT,['pesticides'],"['application_scenario', 'ecotox', 'groundwater', 'model_orchestration', 'regulatory_navigator', 'sediment', 'source_provenance', 'surface_water']","Register this official pathway for pesticides and hazardous substances. Route users by product class and jurisdiction, preserve the source version/effective date, and require local verification where the compendium assigns Tier B.",official_framework_registered_local_detail_required,2026-07-30,Regulatory navigation only; confirm current official text and competent-authority requirements before filing.
LAT-010,Andean Community,CAN member states,Agricultural pesticides,Andean Manual for Registration and Control of Chemical Pesticides for Agricultural Use,Verify current manual/resolutions,B,https://www.comunidadandina.org/temas/dg1/sanidad-agropecuaria/,LAT,['pesticides'],"['application_scenario', 'ecotox', 'groundwater', 'model_orchestration', 'regulatory_navigator', 'sediment', 'source_provenance', 'surface_water']","Register this official pathway for agricultural pesticides. Route users by product class and jurisdiction, preserve the source version/effective date, and require local verification where the compendium assigns Tier B.",official_framework_registered_local_detail_required,2026-07-30,Regulatory navigation only; confirm current official text and competent-authority requirements before filing.
LAT-011,Costa Rica,Ministry of Agriculture / Ministry of Health / Environment Ministry,Pesticides and hazardous chemicals,Pesticide registration and sectoral chemical controls,Country-specific verification required,C,https://www.sfe.go.cr/,LAT,['pesticides'],"['application_scenario', 'ecotox', 'groundwater', 'model_orchestration', 'regulatory_navigator', 'sediment', 'source_provenance', 'surface_water']","Register this official pathway for pesticides and hazardous chemicals. Route users by product class and jurisdiction, preserve the source version/effective date, and require local verification where the compendium assigns Tier C.",international_or_sector_pathway_local_verification_required,2026-07-30,Regulatory navigation only; confirm current official text and competent-authority requirements before filing.
AFR-001,South Africa,"Department of Forestry, Fisheries and the Environment (DFFE)",Chemicals management,Chemicals Management in the Environment sector portal,Living programme,A,https://www.dffe.gov.za/chemicals-management-environment-sector,AFR,['cross_cutting'],"['regulatory_navigator', 'source_provenance']","Register this official pathway for chemicals management. Route users by product class and jurisdiction, preserve the source version/effective date, and require local verification where the compendium assigns Tier A.",official_source_registered_source_deep_read_pending,2026-07-30,Regulatory navigation only; confirm current official text and competent-authority requirements before filing.
AFR-002,South Africa,Department of Employment and Labour,Occupational chemicals,"Hazardous Chemical Agents Regulations, 2021",2021,A,https://www.gov.za/documents/regulations/hazardous-chemical-agents-regulations-2021-29-mar-2021-0000,AFR,['workplace'],"['coshh', 'regulatory_navigator', 'sds', 'source_provenance', 'task_risk_assessment']","Register this official pathway for occupational chemicals. Route users by product class and jurisdiction, preserve the source version/effective date, and require local verification where the compendium assigns Tier A.",official_source_registered_source_deep_read_pending,2026-07-30,Regulatory navigation only; confirm current official text and competent-authority requirements before filing.
AFR-003,South Africa,Department of Agriculture,Pesticides,Agricultural remedies registration and risk requirements,Major legislative reform should be checked,B,https://www.nda.gov.za/,AFR,['pesticides'],"['application_scenario', 'ecotox', 'groundwater', 'model_orchestration', 'regulatory_navigator', 'sediment', 'source_provenance', 'surface_water']","Register this official pathway for pesticides. Route users by product class and jurisdiction, preserve the source version/effective date, and require local verification where the compendium assigns Tier B.",official_framework_registered_local_detail_required,2026-07-30,Regulatory navigation only; confirm current official text and competent-authority requirements before filing.
AFR-004,Nigeria,National Agency for Food and Drug Administration and Control (NAFDAC) / NESREA,"Pesticides, food, consumer and environmental chemicals",Sectoral chemical registration and environmental standards,Country-specific verification required,C,https://www.nafdac.gov.ng/,AFR,"['pesticides', 'food_feed']","['application_scenario', 'ecotox', 'groundwater', 'model_orchestration', 'regulatory_navigator', 'sediment', 'source_provenance', 'surface_water']","Register this official pathway for pesticides, food, consumer and environmental chemicals. Route users by product class and jurisdiction, preserve the source version/effective date, and require local verification where the compendium assigns Tier C.",international_or_sector_pathway_local_verification_required,2026-07-30,Regulatory navigation only; confirm current official text and competent-authority requirements before filing.
AFR-005,Kenya,Pest Control Products Board / NEMA,Pesticides and environmental chemicals,Pest control product registration and environmental assessment,Country-specific verification required,B,https://www.pcpb.go.ke/,AFR,['pesticides'],"['application_scenario', 'ecotox', 'groundwater', 'model_orchestration', 'regulatory_navigator', 'sediment', 'source_provenance', 'surface_water']","Register this official pathway for pesticides and environmental chemicals. Route users by product class and jurisdiction, preserve the source version/effective date, and require local verification where the compendium assigns Tier B.",official_framework_registered_local_detail_required,2026-07-30,Regulatory navigation only; confirm current official text and competent-authority requirements before filing.
AFR-006,Ghana,Environmental Protection Agency / Pesticides and Fertilizer Regulatory Division,Pesticides and hazardous chemicals,Pesticide registration and chemicals-management requirements,Country-specific verification required,B,https://www.epa.gov.gh/,AFR,['pesticides'],"['application_scenario', 'ecotox', 'groundwater', 'model_orchestration', 'regulatory_navigator', 'sediment', 'source_provenance', 'surface_water']","Register this official pathway for pesticides and hazardous chemicals. Route users by product class and jurisdiction, preserve the source version/effective date, and require local verification where the compendium assigns Tier B.",official_framework_registered_local_detail_required,2026-07-30,Regulatory navigation only; confirm current official text and competent-authority requirements before filing.
AFR-007,Morocco,ONSSA / Ministry of Energy Transition and Sustainable Development,Pesticides and chemicals,Pesticide authorisation and sectoral chemical controls,Country-specific verification required,C,https://www.onssa.gov.ma/,AFR,['pesticides'],"['application_scenario', 'ecotox', 'groundwater', 'model_orchestration', 'regulatory_navigator', 'sediment', 'source_provenance', 'surface_water']","Register this official pathway for pesticides and chemicals. Route users by product class and jurisdiction, preserve the source version/effective date, and require local verification where the compendium assigns Tier C.",international_or_sector_pathway_local_verification_required,2026-07-30,Regulatory navigation only; confirm current official text and competent-authority requirements before filing.
AFR-008,Egypt,Agricultural Pesticides Committee / Egyptian Environmental Affairs Agency,Pesticides and environmental chemicals,Pesticide registration and environmental controls,Country-specific verification required,C,https://www.apc.gov.eg/,AFR,['pesticides'],"['application_scenario', 'ecotox', 'groundwater', 'model_orchestration', 'regulatory_navigator', 'sediment', 'source_provenance', 'surface_water']","Register this official pathway for pesticides and environmental chemicals. Route users by product class and jurisdiction, preserve the source version/effective date, and require local verification where the compendium assigns Tier C.",international_or_sector_pathway_local_verification_required,2026-07-30,Regulatory navigation only; confirm current official text and competent-authority requirements before filing.
AFR-009,CILSS member states,Sahelian Pesticides Committee (CSP),Pesticides,Common pesticide registration system for CILSS member states,Verify membership and current decisions,B,https://insah.cilss.int/index.php/csp/,AFR,['pesticides'],"['application_scenario', 'ecotox', 'groundwater', 'model_orchestration', 'regulatory_navigator', 'sediment', 'source_provenance', 'surface_water']","Register this official pathway for pesticides. Route users by product class and jurisdiction, preserve the source version/effective date, and require local verification where the compendium assigns Tier B.",official_framework_registered_local_detail_required,2026-07-30,Regulatory navigation only; confirm current official text and competent-authority requirements before filing.
AFR-010,Central African Economic and Monetary Community,Interstate Committee of Pesticides of Central Africa (CPAC),Pesticides,Regional harmonised pesticide registration,Verify membership and national implementation,B,https://www.cpac-cemac.org/,AFR,['pesticides'],"['application_scenario', 'ecotox', 'groundwater', 'model_orchestration', 'regulatory_navigator', 'sediment', 'source_provenance', 'surface_water']","Register this official pathway for pesticides. Route users by product class and jurisdiction, preserve the source version/effective date, and require local verification where the compendium assigns Tier B.",official_framework_registered_local_detail_required,2026-07-30,Regulatory navigation only; confirm current official text and competent-authority requirements before filing.
MEA-001,Saudi Arabia,"Saudi Food and Drug Authority / Ministry of Environment, Water and Agriculture","Pesticides, food and health products",Sector-specific registration and safety-assessment guidance,Verify SFDA/MEWA product-specific guidance,B,https://www.sfda.gov.sa/en,MEA,"['pesticides', 'food_feed']","['application_scenario', 'ecotox', 'groundwater', 'model_orchestration', 'regulatory_navigator', 'sediment', 'source_provenance', 'surface_water']","Register this official pathway for pesticides, food and health products. Route users by product class and jurisdiction, preserve the source version/effective date, and require local verification where the compendium assigns Tier B.",official_framework_registered_local_detail_required,2026-07-30,Regulatory navigation only; confirm current official text and competent-authority requirements before filing.
MEA-002,United Arab Emirates,Ministry of Climate Change and Environment / Ministry of Health and Prevention,Pesticides and hazardous chemicals,Pesticide registration and hazardous-material controls,Emirate-level requirements may also apply,B,https://www.moccae.gov.ae/en/services/registration-of-pesticides,MEA,['pesticides'],"['application_scenario', 'ecotox', 'groundwater', 'model_orchestration', 'regulatory_navigator', 'sediment', 'source_provenance', 'surface_water']","Register this official pathway for pesticides and hazardous chemicals. Route users by product class and jurisdiction, preserve the source version/effective date, and require local verification where the compendium assigns Tier B.",official_framework_registered_local_detail_required,2026-07-30,Regulatory navigation only; confirm current official text and competent-authority requirements before filing.
MEA-003,Israel,Ministry of Environmental Protection / Ministry of Health / Ministry of Agriculture,"Industrial chemicals, pesticides, food and workplace",Sectoral chemical risk-assessment and registration systems,Country-specific verification required,B,https://www.gov.il/en/departments/topics/hazardous_materials/govil-landing-page,MEA,"['industrial_chemicals', 'pesticides', 'food_feed']","['application_scenario', 'coshh', 'ecotox', 'environmental_exposure', 'groundwater', 'identity_resolution', 'model_orchestration', 'property_evidence', 'regulatory_navigator', 'risk_report', 'sds', 'sediment', 'source_provenance', 'surface_water', 'task_risk_assessment']","Register this official pathway for industrial chemicals, pesticides, food and workplace. Route users by product class and jurisdiction, preserve the source version/effective date, and require local verification where the compendium assigns Tier B.",official_framework_registered_local_detail_required,2026-07-30,Regulatory navigation only; confirm current official text and competent-authority requirements before filing.
MEA-004,Gulf Cooperation Council,GCC Standardization Organization and national authorities,"Classification, consumer and sector chemicals",GCC/GSO standards and national product-registration systems,Verify national implementation,C,https://www.gso.org.sa/en/,MEA,['classification_labelling'],"['classification_labelling', 'regulatory_navigator', 'sds', 'source_provenance']","Register this official pathway for classification, consumer and sector chemicals. Route users by product class and jurisdiction, preserve the source version/effective date, and require local verification where the compendium assigns Tier C.",international_or_sector_pathway_local_verification_required,2026-07-30,Regulatory navigation only; confirm current official text and competent-authority requirements before filing.
XCT-001,European Union,ECHA,Environmental exposure,ECHA IR&CSA Chapter R.16 - Environmental exposure assessment,Check ECHA chapter version,A,https://echa.europa.eu/guidance-documents/guidance-on-information-requirements-and-chemical-safety-assessment,XCT,['environmental_exposure'],"['model_orchestration', 'regulatory_navigator', 'scenario_registry', 'source_provenance', 'tier_comparison']","ECHA R.16 is the core EU environmental-exposure source. Map releases, local/regional scales, STP, air, water, sediment, soil and secondary-poisoning calculations to explicit equations and defaults.",implementation_note_curated_source_deep_read_pending,2026-07-30,Regulatory navigation only; confirm current official text and competent-authority requirements before filing.
XCT-002,European Union,ECHA,PBT/vPvB/PMT/vPvM,ECHA IR&CSA Chapter R.11 and EU hazard guidance,Check current chapter and CLP criteria,A,https://echa.europa.eu/guidance-documents/guidance-on-information-requirements-and-chemical-safety-assessment,XCT,['cross_cutting'],"['bioaccumulation', 'mobility', 'pbt_pmt_screen', 'persistence', 'regulatory_navigator', 'source_provenance']",PBT/vPvB and PMT/vPvM screening must use current EU criteria and versioned guidance. Keep screening flags distinct from final regulatory conclusions.,implementation_note_curated_source_deep_read_pending,2026-07-30,Regulatory navigation only; confirm current official text and competent-authority requirements before filing.
XCT-003,OECD,OECD,Endocrine disruption,OECD Conceptual Framework and endocrine-disruptor test guidance,Use current TG/GD versions,A,https://www.oecd.org/en/topics/sub-issues/testing-of-chemicals/endocrine-disrupter-testing-and-assessment.html,XCT,['endocrine_disruption'],"['regulatory_navigator', 'source_provenance']",Endocrine-disruption assessment is a testing and weight-of-evidence framework. Trigger specialist review rather than output a simplistic score.,implementation_note_curated_source_deep_read_pending,2026-07-30,Regulatory navigation only; confirm current official text and competent-authority requirements before filing.
XCT-004,OECD,OECD,Nanomaterials,OECD work on safety of manufactured nanomaterials,Use latest nano-specific guidance,A,https://www.oecd.org/en/topics/sub-issues/safety-of-manufactured-nanomaterials.html,XCT,['nanomaterials'],"['applicability_warnings', 'nano_ruleset', 'particle_properties', 'regulatory_navigator', 'source_provenance']","Nanomaterials need nanoform-specific identity, particle-size, surface and transformation data. Standard dissolved-organic models should raise applicability warnings.",implementation_note_curated_source_deep_read_pending,2026-07-30,Regulatory navigation only; confirm current official text and competent-authority requirements before filing.
XCT-005,US EPA,US EPA,Ecological risk,Guidelines for Ecological Risk Assessment,1998 plus programme-specific updates,A,https://www.epa.gov/risk/guidelines-ecological-risk-assessment,XCT,['ecological_risk'],"['regulatory_navigator', 'source_provenance']","EPA ecological risk guidance supports problem formulation, analysis and risk characterisation. Store assessment endpoints, conceptual model and lines of evidence.",official_source_reviewed,2026-07-30,Regulatory navigation only; confirm current official text and competent-authority requirements before filing.
XCT-006,US EPA,US EPA,Carcinogenicity,Guidelines for Carcinogen Risk Assessment,2005; use current supplements/policies,A,https://www.epa.gov/risk/guidelines-carcinogen-risk-assessment,XCT,['cross_cutting'],"['regulatory_navigator', 'source_provenance']","Register this official pathway for carcinogenicity. Route users by product class and jurisdiction, preserve the source version/effective date, and require local verification where the compendium assigns Tier A.",official_source_registered_source_deep_read_pending,2026-07-30,Regulatory navigation only; confirm current official text and competent-authority requirements before filing.
XCT-007,US EPA,US EPA,Exposure,Exposure Factors Handbook and exposure tools,2011 edition with updates; online chapters updated,A,https://www.epa.gov/expobox/about-exposure-factors-handbook,XCT,['cross_cutting'],"['regulatory_navigator', 'source_provenance']",EPA Exposure Factors Handbook supports scenario inputs and distributions. Store chapter/version and distinguish default from site-specific factors.,implementation_note_curated_source_deep_read_pending,2026-07-30,Regulatory navigation only; confirm current official text and competent-authority requirements before filing.
XCT-008,European Union,European Commission / ECHA / EFSA,Alternatives to animal testing,EU and OECD approaches to new approach methodologies (NAMs),Verify acceptance by endpoint and sector,A,https://echa.europa.eu/support/registration/how-to-avoid-unnecessary-testing-on-animals,XCT,['cross_cutting'],"['applicability_domain', 'predicted_data', 'read_across', 'regulatory_navigator', 'source_provenance']",NAM acceptance is endpoint- and sector-specific. The platform may organise evidence but must not state regulatory acceptance without the receiving framework.,implementation_note_curated_source_deep_read_pending,2026-07-30,Regulatory navigation only; confirm current official text and competent-authority requirements before filing.
XCT-009,Global,OECD,Data quality,OECD Principles of GLP and compliance monitoring,Revised documents in OECD GLP series,A,https://www.oecd.org/en/topics/sub-issues/good-laboratory-practice-and-compliance-monitoring.html,XCT,['cross_cutting'],"['evidence_engine', 'glp_status', 'regulatory_navigator', 'source_provenance', 'study_reliability']","GLP status is evidence metadata, not a universal quality score. Non-GLP studies may still be scientifically useful; preserve reliability and purpose separately.",implementation_note_curated_source_deep_read_pending,2026-07-30,Regulatory navigation only; confirm current official text and competent-authority requirements before filing.
XCT-010,Global,OECD,Reliability and weight of evidence,"OECD guidance on data quality, reporting and integrated approaches",Use relevant GD/IATA case studies,A,https://www.oecd.org/en/topics/sub-issues/assessment-of-chemicals.html,XCT,['cross_cutting'],"['regulatory_navigator', 'source_provenance']","Weight of evidence must be transparent. Store each line of evidence, reliability, relevance, consistency, uncertainty and decision rationale.",implementation_note_curated_source_deep_read_pending,2026-07-30,Regulatory navigation only; confirm current official text and competent-authority requirements before filing.
