rep,i,mu,sd,y,ysd,err,abserr,nn
0,1,1.1119184164481517,0.7208702573616604,1.32,0.14,-0.20808158355184836,0.20808158355184836,0.5454545454545454
0,5,2.1701556811648586,0.6286651074131953,2.37,0.12,-0.19984431883514153,0.19984431883514153,0.7547169811320755
0,8,1.784290608829001,0.4417668136096345,1.57,0.32,0.21429060882900086,0.21429060882900086,0.75
0,14,1.402367394460816,0.621007956212988,2.07,0.11,-0.6676326055391839,0.6676326055391839,0.6888888888888889
0,18,1.665946575974368,0.5642941339678207,1.46,0.12,0.20594657597436794,0.20594657597436794,0.8076923076923077
0,27,0.9127784494414506,0.7287917812480178,0.84,0.18,0.07277844944145062,0.07277844944145062,0.375
0,31,1.6732388053215401,0.6764896626234779,1.72,0.24,-0.04676119467845985,0.04676119467845985,0.5490196078431373
0,39,0.319573997425428,0.6250627560635197,-0.27,0.37,0.589573997425428,0.589573997425428,0.7368421052631579
0,40,1.7590372168922148,0.6277210314288857,2.48,0.17,-0.7209627831077852,0.7209627831077852,0.8125
0,45,1.092821242824946,0.5504272832354854,1.14,0.11,-0.04717875717505393,0.04717875717505393,0.6333333333333333
0,55,1.4095593199465337,0.7540404643055414,0.28,0.21,1.1295593199465337,1.1295593199465337,0.5
0,60,0.704625186595383,0.7385798753151159,0.08,0.12,0.624625186595383,0.624625186595383,0.4166666666666667
0,62,1.3906880620373747,0.7601738827667007,1.33,0.13,0.060688062037374646,0.060688062037374646,0.7121212121212122
0,75,1.2238104862845638,0.728286885991758,1.39,0.08,-0.1661895137154361,0.1661895137154361,0.7142857142857143
0,77,1.1744292035035966,0.5635323822260614,1.49,0.11,-0.3155707964964034,0.3155707964964034,0.6666666666666666
0,79,0.9446106361021466,0.7287702509750256,0.3,0.15,0.6446106361021466,0.6446106361021466,0.2982456140350877
0,85,1.6419403839804125,0.7689614776012064,2.35,0.13,-0.7080596160195876,0.7080596160195876,0.47619047619047616
0,97,0.8942561735174799,0.6088902324102813,1.81,0.07,-0.9157438264825202,0.9157438264825202,0.75
0,101,1.4169610334478655,0.679882391788738,1.78,0.15,-0.3630389665521345,0.3630389665521345,0.5
0,103,1.258658847205944,0.7049946242888767,0.8,0.16,0.45865884720594385,0.45865884720594385,0.42424242424242425
0,113,1.591841783353311,0.6959975179345679,1.2,0.1,0.391841783353311,0.391841783353311,0.4666666666666667
0,140,0.901461499870081,0.740667966540881,0.09,0.16,0.811461499870081,0.811461499870081,0.2903225806451613
0,141,0.6970723943861271,0.6389649700990774,0.52,0.15,0.1770723943861271,0.1770723943861271,0.6896551724137931
0,142,1.3020794464854772,0.7018856186967332,0.24,0.24,1.0620794464854773,1.0620794464854773,0.6086956521739131
0,144,0.9455587555023468,0.7138760683663959,1.34,0.3,-0.3944412444976533,0.3944412444976533,0.5142857142857142
0,145,1.0983164238760004,0.6399486304520035,2.52,0.11,-1.4216835761239996,1.4216835761239996,0.6410256410256411
0,150,1.3920242584150948,0.6828108652659226,1.5,0.19,-0.1079757415849052,0.1079757415849052,0.8205128205128205
0,158,1.537237377562145,0.6549844737853892,1.99,0.1,-0.4527626224378549,0.4527626224378549,0.6666666666666666
0,162,1.158391858662133,0.6530754995858471,0.7,0.13,0.45839185866213294,0.45839185866213294,0.5172413793103449
0,172,0.893785371499282,0.6164248376741556,1.39,0.13,-0.49621462850071785,0.49621462850071785,0.6666666666666666
0,175,1.2702464751709843,0.6430261098997999,0.71,0.3,0.5602464751709844,0.5602464751709844,0.6046511627906976
0,181,1.231749424084723,0.6476859415886894,1.67,0.32,-0.43825057591527683,0.43825057591527683,0.5918367346938775
0,193,1.4983955188337708,0.5856427417324426,1.55,0.22,-0.05160448116622929,0.05160448116622929,0.6808510638297872
0,196,0.4811572062402908,0.7272397358682963,0.79,0.17,-0.30884279375970924,0.30884279375970924,0.2777777777777778
0,200,1.1652914126649307,0.6189461920416647,2.08,0.35,-0.9147085873350693,0.9147085873350693,0.5531914893617021
0,202,1.3436984165293622,0.6570187809966802,1.38,0.1,-0.03630158347063772,0.03630158347063772,0.6037735849056604
0,214,1.6100557359452805,0.6638767536692997,1.36,0.08,0.2500557359452804,0.2500557359452804,0.5
0,230,0.3701197755759469,0.8022642584994026,-0.63,0.2,1.0001197755759468,1.0001197755759468,0.5
0,231,1.4887401547305632,0.7464023457516337,1.75,0.26,-0.2612598452694368,0.2612598452694368,0.8070175438596491
0,236,1.7199326226198262,0.5376921955637362,1.88,0.23,-0.16006737738017374,0.16006737738017374,0.8369565217391305
0,239,1.38737381173859,0.6933454220997372,2.18,0.08,-0.7926261882614101,0.7926261882614101,0.5151515151515151
0,249,1.1435944226270167,0.6108878684829692,0.76,0.25,0.3835944226270167,0.3835944226270167,0.6410256410256411
0,251,1.034654199444918,0.6092243100622773,1.39,0.11,-0.3553458005550818,0.3553458005550818,0.6153846153846154
0,252,1.196257737551037,0.5379444825605024,0.87,0.19,0.32625773755103704,0.32625773755103704,0.7692307692307693
0,253,0.9613933766033393,0.6358722409083373,-0.42,0.26,1.3813933766033393,1.3813933766033393,0.6727272727272727
0,262,0.9768879962900747,0.5776940304253881,-1.31,0.3,2.2868879962900746,2.2868879962900746,0.6727272727272727
0,263,0.9958274343814546,0.6132902855163311,1.29,0.26,-0.29417256561854543,0.29417256561854543,0.5333333333333333
0,266,1.530171509606142,0.6781848547480724,3.29,0.39,-1.7598284903938581,1.7598284903938581,0.5116279069767442
0,267,1.0198976205819315,0.623231266938297,1.0,0.08,0.019897620581931452,0.019897620581931452,0.6491228070175439
0,270,1.9695656785432112,0.7341824655863893,1.99,0.57,-0.020434321456788807,0.020434321456788807,0.803921568627451
0,271,1.6334500800399574,0.5710473902323957,1.29,0.1,0.34345008003995736,0.34345008003995736,0.8148148148148148
0,272,1.868304039801136,0.7432318044001276,1.86,0.16,0.00830403980113581,0.00830403980113581,0.32142857142857145
0,278,1.0195974570632984,0.6386135088665179,1.85,0.16,-0.8304025429367017,0.8304025429367017,0.4444444444444444
0,293,1.0959196132506763,0.5965097799478913,0.95,0.12,0.14591961325067637,0.14591961325067637,0.8604651162790697
0,301,1.456518895233085,0.6855061374868164,0.85,0.24,0.606518895233085,0.606518895233085,0.6086956521739131
0,304,0.323674158694781,0.6808837534656129,1.31,0.32,-0.986325841305219,0.986325841305219,0.41379310344827586
0,306,1.1845042659295741,0.6765676323851736,1.0,0.17,0.18450426592957414,0.18450426592957414,0.5263157894736842
0,310,1.1051883842645085,0.7114902982386734,0.27,0.15,0.8351883842645085,0.8351883842645085,0.6222222222222222
0,312,1.274189889581959,0.744723261270192,2.24,0.13,-0.9658101104180412,0.9658101104180412,0.37142857142857144
0,316,1.5626045544559626,0.5317468309334265,1.61,0.22,-0.04739544554403752,0.04739544554403752,0.7959183673469388
0,317,1.5388974825810853,0.6024212350205855,1.7,0.11,-0.16110251741891468,0.16110251741891468,0.7857142857142857
0,318,0.765290339287813,0.7372834763879541,0.61,0.12,0.155290339287813,0.155290339287813,0.8181818181818182
0,333,1.6725271718703543,0.6872844431149789,2.27,0.14,-0.5974728281296457,0.5974728281296457,0.5
0,338,0.3108436455557061,0.6316344020516661,-0.33,0.16,0.640843645555706,0.640843645555706,0.625
0,345,1.6410432084810176,0.6200391772316659,2.27,0.23,-0.6289567915189824,0.6289567915189824,0.7333333333333333
0,350,0.855362671405208,0.8571248903026745,-0.14,0.22,0.9953626714052081,0.9953626714052081,0.3829787234042553
0,351,0.627303734119165,0.8825785985144557,-2.21,0.83,2.837303734119165,2.837303734119165,0.5
0,362,1.1489808599578792,0.4446300865374501,1.16,0.11,-0.011019140042120679,0.011019140042120679,0.7906976744186046
0,366,2.005684056593053,0.7084986733948186,1.9,0.2,0.10568405659305302,0.10568405659305302,0.4666666666666667
0,367,1.7674317504585995,0.6157686038842118,1.69,0.21,0.07743175045859951,0.07743175045859951,0.8387096774193549
0,375,1.2770621965699538,0.6809026440095981,2.62,0.16,-1.3429378034300463,1.3429378034300463,0.6097560975609756
0,382,0.6115218116873042,0.8061621885661684,0.19,0.55,0.42152181168730424,0.42152181168730424,0.25
0,389,1.0920324853468264,0.6423090988330961,1.15,0.18,-0.05796751465317351,0.05796751465317351,0.7045454545454546
0,391,1.6037454747833004,0.7632334236971322,1.42,0.34,0.1837454747833005,0.1837454747833005,0.3333333333333333
0,395,1.0408371800877918,0.704041959792344,1.7,0.19,-0.6591628199122082,0.6591628199122082,0.4146341463414634
0,402,1.3527703925823478,0.6688374445424435,1.51,0.14,-0.15722960741765224,0.15722960741765224,0.8412698412698413
0,408,1.0289110033356617,0.7074554646585537,2.0,0.19,-0.9710889966643383,0.9710889966643383,0.3939393939393939
0,409,1.3541763751912272,0.49121016582771687,1.4,0.16,-0.04582362480877267,0.04582362480877267,0.8541666666666666
0,413,0.9713857554692324,0.7044437229615452,-1.5,0.94,2.4713857554692327,2.4713857554692327,0.5121951219512195
0,416,1.0938806915729975,0.6756932598156634,1.78,0.08,-0.6861193084270025,0.6861193084270025,0.6666666666666666
0,434,1.567787820167597,0.6923852373660354,0.52,0.3,1.047787820167597,1.047787820167597,0.6071428571428571
0,440,2.4318072758252285,0.6430995956125181,2.29,0.16,0.14180727582522845,0.14180727582522845,0.7377049180327869
0,441,1.542804304503333,0.749473885051282,1.47,0.21,0.07280430450333308,0.07280430450333308,0.6037735849056604
0,443,1.1455978227405654,0.6884429357812136,-1.99,0.84,3.135597822740565,3.135597822740565,0.2926829268292683
0,457,1.8183704704863901,0.617025068600285,0.23,0.27,1.5883704704863901,1.5883704704863901,0.7096774193548387
0,458,1.5373961966073726,0.714260450170924,1.8,0.28,-0.26260380339262746,0.26260380339262746,0.5789473684210527
0,462,0.8559985158181924,0.7292671470102867,0.98,0.11,-0.12400148418180756,0.12400148418180756,0.7671232876712328
0,467,0.5861372640163864,0.5664490995369657,-0.35,0.1,0.9361372640163864,0.9361372640163864,0.7647058823529411
0,474,2.4459331140487395,0.6809803229576131,1.96,0.26,0.4859331140487395,0.4859331140487395,0.8524590163934426
0,482,1.0263048352243735,0.7005670789041463,1.43,0.33,-0.4036951647756264,0.4036951647756264,0.75
0,484,1.855075029240607,0.7085400664514426,2.18,0.14,-0.3249249707593931,0.3249249707593931,0.5853658536585366
0,492,1.164340643002621,0.696648905647675,2.16,0.26,-0.9956593569973791,0.9956593569973791,0.66
0,495,1.3631448712652459,0.681035805254241,1.12,0.26,0.24314487126524575,0.24314487126524575,0.6470588235294118
0,496,1.2358992642014826,0.7262325396729179,2.05,0.25,-0.8141007357985173,0.8141007357985173,0.7659574468085106
0,499,0.7023220200060749,0.7216984915296213,2.18,0.15,-1.4776779799939253,1.4776779799939253,0.2962962962962963
0,502,1.2930552119927727,0.6961665170123442,1.63,0.58,-0.33694478800722716,0.33694478800722716,0.42857142857142855
0,503,1.2125356135192715,0.6415500201919446,1.43,0.1,-0.2174643864807284,0.2174643864807284,0.5588235294117647
0,505,0.5805351049020371,0.7415007124498317,0.5,0.15,0.08053510490203708,0.08053510490203708,0.4
0,518,1.1310358278770383,0.6886852172736454,2.14,0.18,-1.0089641721229619,1.0089641721229619,0.5142857142857142
0,522,0.9944486372119737,0.6302334503533173,1.3,0.16,-0.3055513627880263,0.3055513627880263,0.5
0,526,1.5678655972506892,0.6992782764452595,2.47,0.26,-0.902134402749311,0.902134402749311,0.3333333333333333
0,530,2.635901439708533,0.624108862096318,2.55,0.25,0.08590143970853337,0.08590143970853337,0.8524590163934426
0,532,0.9567284781155967,0.6882359295718276,1.64,0.18,-0.6832715218844032,0.6832715218844032,0.47368421052631576
0,533,1.968131962756709,0.6628759221064149,0.69,0.13,1.2781319627567092,1.2781319627567092,0.6530612244897959
0,545,0.6755501493146937,0.685390296226085,1.1,0.18,-0.4244498506853064,0.4244498506853064,0.6415094339622641
0,563,0.6743945487030361,0.6625069566267194,1.01,0.59,-0.33560545129696395,0.33560545129696395,0.2682926829268293
0,568,1.6006842635372955,0.5404609020624015,2.13,0.21,-0.5293157364627044,0.5293157364627044,0.8333333333333334
0,570,1.1291974635456317,0.5482792526210112,1.44,0.11,-0.3108025364543683,0.3108025364543683,0.7843137254901961
0,578,1.8414390024172023,0.6454118849602544,1.94,0.1,-0.09856099758279768,0.09856099758279768,0.52
0,592,1.7988425838267936,0.6337915582153635,1.13,0.23,0.6688425838267937,0.6688425838267937,0.6666666666666666
0,597,1.855510640339663,0.7432383682706902,1.78,0.1,0.07551064033966304,0.07551064033966304,0.6071428571428571
0,602,2.024310440574554,0.5198968421345356,2.07,0.26,-0.045689559425445836,0.045689559425445836,0.8222222222222222
0,614,1.3922294611395165,0.681795712956866,1.87,0.12,-0.4777705388604836,0.4777705388604836,0.7659574468085106
0,615,1.3682502761774895,0.63998044214919,1.54,0.26,-0.17174972382251052,0.17174972382251052,0.4482758620689655
0,618,0.367927332933604,0.6992477228067828,-0.57,0.31,0.937927332933604,0.937927332933604,0.7692307692307693
0,626,1.2895639149759588,0.6238658931759891,0.97,0.1,0.3195639149759588,0.3195639149759588,0.6545454545454545
0,630,1.4822622409497666,0.5841716388386877,1.46,0.1,0.022262240949766587,0.022262240949766587,0.8636363636363636
0,641,1.0394329025997733,0.7375882076426572,0.24,0.23,0.7994329025997733,0.7994329025997733,0.4117647058823529
0,643,1.4934766578206164,0.6521040497288385,1.67,0.23,-0.17652334217938348,0.17652334217938348,0.6410256410256411
0,647,1.901084547842471,0.6535577258032874,1.78,0.06,0.12108454784247091,0.12108454784247091,0.6
0,654,1.933206244113474,0.7081846023991653,0.97,0.13,0.9632062441134741,0.9632062441134741,0.4666666666666667
0,656,1.594207482494024,0.45553359459041853,1.95,0.25,-0.35579251750597596,0.35579251750597596,0.9117647058823529
0,661,1.3362350543505375,0.6904350111927191,-0.74,0.19,2.0762350543505375,2.0762350543505375,0.5641025641025641
0,664,1.1973496081261055,0.6120873345727422,2.87,0.24,-1.6726503918738946,1.6726503918738946,0.52
0,666,0.7202464162846769,0.618836321816747,-0.75,0.35,1.470246416284677,1.470246416284677,0.7560975609756098
0,670,0.6624155393570132,0.5996784564221188,0.19,0.39,0.47241553935701325,0.47241553935701325,0.6153846153846154
0,676,1.804056386909104,0.6264559003000348,2.38,0.24,-0.5759436130908959,0.5759436130908959,0.6666666666666666
0,678,1.4748897997352177,0.6971647644502277,-0.0,0.47,1.4748897997352177,1.4748897997352177,0.5714285714285714
0,680,1.4561557887731436,0.6967487854313813,1.94,0.12,-0.4838442112268564,0.4838442112268564,0.6326530612244898
0,681,1.3487562465406855,0.6603050141056369,0.9,0.1,0.44875624654068547,0.44875624654068547,0.8205128205128205
0,683,1.0544354894735508,0.687173044173045,0.25,0.28,0.8044354894735508,0.8044354894735508,0.5142857142857142
0,688,1.1953250451129716,0.650743854550941,1.14,0.17,0.05532504511297165,0.05532504511297165,0.7857142857142857
0,692,1.37697997118414,0.6923039629026746,0.45,0.19,0.92697997118414,0.92697997118414,0.71875
0,693,1.449559866335633,0.6126012080082505,1.73,0.12,-0.28044013366436693,0.28044013366436693,0.6333333333333333
0,694,1.7210287205461898,0.6791420381741029,2.39,0.22,-0.6689712794538103,0.6689712794538103,0.5625
0,695,1.4816754863712458,0.7547350320304069,1.49,0.14,-0.008324513628754193,0.008324513628754193,0.6428571428571429
0,704,0.304173563485718,0.7280702358289366,0.36,0.18,-0.055826436514281985,0.055826436514281985,0.20689655172413793
0,706,1.750809868453937,0.7655334949914576,1.92,0.1,-0.16919013154606288,0.16919013154606288,0.6190476190476191
0,710,0.7440758052773349,0.6646087731865223,0.94,0.14,-0.1959241947226651,0.1959241947226651,0.7083333333333334
0,713,2.2390909023373897,0.5459162309033004,2.42,0.14,-0.1809090976626102,0.1809090976626102,0.6140350877192983
0,721,0.8256494864796529,0.6623705100356455,-0.87,1.02,1.695649486479653,1.695649486479653,0.5909090909090909
0,729,0.7391964196944167,0.7658486293348367,0.45,0.19,0.28919641969441673,0.28919641969441673,0.5909090909090909
0,741,1.4804177000531458,0.7480729181044992,1.7,0.27,-0.2195822999468542,0.2195822999468542,0.8070175438596491
0,742,0.3875760121142475,0.6495008082616924,-2.29,0.79,2.6775760121142476,2.6775760121142476,0.6444444444444445
0,744,1.8172400531641308,0.7241226946730338,2.05,0.25,-0.23275994683586898,0.23275994683586898,0.6274509803921569
0,746,0.8683570134516669,0.6846516087098693,0.28,0.25,0.5883570134516669,0.5883570134516669,0.4782608695652174
0,749,2.1714924069228956,0.7239873726121876,2.37,0.18,-0.19850759307710453,0.19850759307710453,0.5737704918032787
0,750,1.1566889865038512,0.6351320769290839,1.64,0.14,-0.4833110134961487,0.4833110134961487,0.6938775510204082
0,762,1.3506371253103053,0.6267789553318942,1.74,0.12,-0.38936287468969466,0.38936287468969466,0.8947368421052632
0,772,0.3382012256041188,0.7354201218996953,-1.2,0.95,1.5382012256041189,1.5382012256041189,0.37037037037037035
0,773,1.4456959367392603,0.5319028999901566,1.65,0.21,-0.20430406326073958,0.20430406326073958,0.5208333333333334
0,780,1.7643772853903537,0.61346158199721,2.73,0.27,-0.9656227146096463,0.9656227146096463,0.4864864864864865
0,785,0.9024733386124628,0.7544896449016026,0.9,0.05,0.0024733386124627943,0.0024733386124627943,0.20833333333333334
0,792,1.0932721758282438,0.6959807765587005,-1.26,0.42,2.353272175828244,2.353272175828244,0.4827586206896552
0,794,1.275390100049758,0.6068401528032341,1.92,0.22,-0.6446098999502419,0.6446098999502419,0.7727272727272727
0,798,0.7470255669029517,0.6281518669933481,1.56,0.35,-0.8129744330970483,0.8129744330970483,0.7083333333333334
0,799,1.1635266577568102,0.6097343087128706,-0.19,0.49,1.3535266577568101,1.3535266577568101,0.5294117647058824
0,808,2.2359034718121924,0.7200440676602056,2.56,0.19,-0.32409652818780765,0.32409652818780765,0.4827586206896552
0,810,1.0253617270031152,0.5891945477811069,2.43,0.57,-1.404638272996885,1.404638272996885,0.6530612244897959
0,812,1.4649794662884081,0.676356541766492,1.76,0.24,-0.29502053371159187,0.29502053371159187,0.5862068965517241
0,814,1.4053588904682268,0.6584208755702528,1.95,0.15,-0.5446411095317731,0.5446411095317731,0.5
0,818,1.2909156591642204,0.6416098081869792,1.36,0.12,-0.06908434083577975,0.06908434083577975,0.5
0,820,1.4588517590628192,0.6446259484432308,2.08,0.16,-0.6211482409371809,0.6211482409371809,0.75
0,827,0.7265756435025351,0.5867586139876233,0.87,0.22,-0.14342435649746488,0.14342435649746488,0.696969696969697
0,838,1.2497687428266968,0.6902544919408256,1.07,0.21,0.17976874282669675,0.17976874282669675,0.4838709677419355
0,843,1.4916637287531616,0.6088306440043262,1.8,0.27,-0.3083362712468385,0.3083362712468385,0.6808510638297872
0,850,1.353656885713587,0.675305807311843,0.54,0.1,0.8136568857135871,0.8136568857135871,0.5806451612903226
0,851,1.601946735106653,0.6695499430397337,2.0,0.11,-0.398053264893347,0.398053264893347,0.7073170731707317
0,853,1.155593525632577,0.7074626151533527,0.91,0.27,0.24559352563257686,0.24559352563257686,0.5116279069767442
0,856,0.8718097526162726,0.7339636815502129,-1.24,0.97,2.1118097526162725,2.1118097526162725,0.3333333333333333
0,858,0.7930310167181047,0.6390534436870324,-0.44,0.17,1.2330310167181047,1.2330310167181047,0.6307692307692307
0,860,2.0694818004359554,0.70177694915569,2.66,0.08,-0.5905181995640447,0.5905181995640447,0.36065573770491804
0,863,1.387230942213256,0.7035431598216494,1.04,0.21,0.347230942213256,0.347230942213256,0.868421052631579
0,2,2.0652436815486177,0.5862646526669922,1.59,0.21,0.4752436815486176,0.4752436815486176,0.7435897435897436
0,10,1.0555600210424325,0.6401233739288225,1.01,0.24,0.04556002104243251,0.04556002104243251,0.6470588235294118
0,12,1.621622769620068,0.5400461347875409,1.79,0.26,-0.16837723037993202,0.16837723037993202,0.8725490196078431
0,15,1.3049194481991033,0.6443240438248016,2.34,0.26,-1.0350805518008965,1.0350805518008965,0.8125
0,17,1.4224402363387845,0.6542748983824775,-0.22,0.24,1.6424402363387844,1.6424402363387844,0.725
0,21,0.5701699949277572,0.6449279083631826,-2.1,0.84,2.6701699949277575,2.6701699949277575,0.5454545454545454
0,34,0.7000111902028657,0.5745447826041463,1.22,0.08,-0.5199888097971342,0.5199888097971342,0.5869565217391305
0,35,1.4752323419179985,0.8093626456368866,2.28,0.13,-0.8047676580820013,0.8047676580820013,0.42105263157894735
0,37,1.647235438412169,0.6680535192680561,1.74,0.26,-0.09276456158783097,0.09276456158783097,0.6666666666666666
0,48,1.3931694822758878,0.6125318428161626,2.75,0.3,-1.3568305177241122,1.3568305177241122,0.7954545454545454
0,49,1.7242183438971816,0.7141740239775762,2.3,0.16,-0.5757816561028182,0.5757816561028182,0.19230769230769232
0,50,1.1159247471727431,0.785275396596907,0.1,0.11,1.015924747172743,1.015924747172743,0.8181818181818182
0,52,1.7419176852640796,0.6737637179145919,2.26,0.37,-0.5180823147359201,0.5180823147359201,0.6
0,64,1.2187061041237046,0.6669045759914307,-0.41,0.25,1.6287061041237045,1.6287061041237045,0.24489795918367346
0,66,0.6182245706116779,0.6484035548163655,-1.9,0.94,2.518224570611678,2.518224570611678,0.45901639344262296
0,68,1.8998097630035546,0.6400942340533436,2.04,0.11,-0.1401902369964454,0.1401902369964454,0.7297297297297297
0,71,1.1262572382173897,0.6662997897462817,1.17,0.41,-0.04374276178261027,0.04374276178261027,0.5294117647058824
0,76,1.5935103737399632,0.6693153793151618,2.23,0.11,-0.6364896262600368,0.6364896262600368,0.6
0,78,1.7672497390354502,0.6253081392886943,1.3,0.15,0.4672497390354502,0.4672497390354502,0.8738738738738738
0,81,1.7873543433744064,0.5394776162831083,2.53,0.1,-0.7426456566255935,0.7426456566255935,0.7592592592592593
0,92,1.5370852569655709,0.6960846920432582,1.99,0.18,-0.45291474303442913,0.45291474303442913,0.2391304347826087
0,100,1.0338491933418876,0.6771293846048442,1.13,0.1,-0.09615080665811226,0.09615080665811226,0.6101694915254238
0,109,0.7366105386962861,0.6937755921285306,-0.24,0.2,0.9766105386962861,0.9766105386962861,0.8085106382978723
0,116,1.4439645128068388,0.699522381101776,1.15,0.18,0.2939645128068389,0.2939645128068389,0.6818181818181818
0,118,1.4949449464796467,0.6541487452801605,0.81,0.18,0.6849449464796467,0.6849449464796467,0.8
0,122,1.2496772606270559,0.772677619938279,1.96,0.27,-0.7103227393729441,0.7103227393729441,0.6521739130434783
0,124,1.5137741587178335,0.5930851884980892,1.72,0.13,-0.20622584128216648,0.20622584128216648,0.8928571428571429
0,127,1.2628233469103278,0.6145310709735402,-0.11,0.2,1.372823346910328,1.372823346910328,0.6458333333333334
0,154,1.687284675062236,0.651813700713331,1.77,0.66,-0.08271532493776412,0.08271532493776412,0.7941176470588235
0,155,1.1556484880162,0.6940235725581849,1.26,0.23,-0.1043515119838001,0.1043515119838001,0.4489795918367347
0,156,1.3811438675735563,0.6976346220955282,1.34,0.26,0.04114386757355626,0.04114386757355626,0.7222222222222222
0,157,0.9066270925684515,0.685252516417838,-1.36,0.93,2.2666270925684517,2.2666270925684517,0.45161290322580644
0,159,1.8009352047479683,0.41393021257939006,1.82,0.57,-0.019064795252031752,0.019064795252031752,0.9117647058823529
0,161,1.2804229230999127,0.6710771322701549,1.92,0.11,-0.6395770769000872,0.6395770769000872,0.4117647058823529
0,165,1.3705484261220635,0.6329169568534073,2.16,0.14,-0.7894515738779366,0.7894515738779366,0.725
0,167,0.7567713667954805,0.7289585267891862,1.46,0.16,-0.7032286332045194,0.7032286332045194,0.5277777777777778
0,170,1.0536570412845392,0.6840765361668043,1.17,0.28,-0.11634295871546074,0.11634295871546074,0.5555555555555556
0,187,0.6455572783862981,0.6305253331471385,1.3,0.12,-0.654442721613702,0.654442721613702,0.7258064516129032
0,188,0.7798264159672215,0.7913721788494344,1.45,0.1,-0.6701735840327785,0.6701735840327785,0.18181818181818182
0,198,1.5132364202810322,0.6838330153931845,2.8,0.18,-1.2867635797189676,1.2867635797189676,0.30158730158730157
0,204,1.3543773802069796,0.5773933281721942,1.5,0.11,-0.14562261979302038,0.14562261979302038,0.5945945945945946
0,210,1.2196419485363643,0.712499982396441,2.1,0.26,-0.8803580514636358,0.8803580514636358,0.2537313432835821
0,211,1.3116073769275889,0.5541490699476023,1.45,0.1,-0.13839262307241107,0.13839262307241107,0.6538461538461539
0,215,0.8101293439705968,0.7535810692273062,1.28,0.18,-0.46987065602940326,0.46987065602940326,0.3076923076923077
0,220,1.5795338001904629,0.6968391549023427,1.62,0.11,-0.04046619980953725,0.04046619980953725,0.2602739726027397
0,222,0.7215669868943678,0.7510312436671243,1.73,0.15,-1.0084330131056323,1.0084330131056323,0.28125
0,229,0.6542121111228714,0.7894921504035789,-0.93,0.43,1.5842121111228713,1.5842121111228713,0.22857142857142856
0,235,1.3694762462899992,0.6941366232179481,0.1,0.19,1.269476246289999,1.269476246289999,0.8085106382978723
0,238,1.1932068969747769,0.6398010457271663,1.04,0.07,0.15320689697477685,0.15320689697477685,0.6382978723404256
0,240,1.2935615365191875,0.7194813636847256,1.58,0.17,-0.2864384634808126,0.2864384634808126,0.7857142857142857
0,241,2.269450984142951,0.6544964948586213,2.04,0.06,0.22945098414295106,0.22945098414295106,0.6774193548387096
0,242,0.3446462688957962,0.626163359696127,0.45,0.28,-0.10535373110420382,0.10535373110420382,0.5526315789473685
0,243,0.9437183087284656,0.7180448732438663,1.38,0.36,-0.43628169127153427,0.43628169127153427,0.5
0,247,0.351357539943996,0.6919930304274317,1.21,0.34,-0.858642460056004,0.858642460056004,0.40540540540540543
0,250,0.9644827486722656,0.7831711731901514,0.89,0.2,0.07448274867226556,0.07448274867226556,0.37037037037037035
0,255,0.9170676916889688,0.6917551286089549,0.93,0.14,-0.012932308311031204,0.012932308311031204,0.4375
0,258,2.0102866780298876,0.5011689810405128,3.72,1.03,-1.7097133219701126,1.7097133219701126,0.5471698113207547
0,261,0.6351844339135936,0.5984135622977419,0.85,0.35,-0.2148155660864064,0.2148155660864064,0.7931034482758621
0,264,0.6983162073443195,0.657939613686673,0.2,0.25,0.49831620734431953,0.49831620734431953,0.7241379310344828
0,268,1.3677105984737326,0.7168108037142076,1.21,0.2,0.1577105984737326,0.1577105984737326,0.3888888888888889
0,279,1.3350366177494708,0.6992199433342157,2.44,0.14,-1.1049633822505291,1.1049633822505291,0.8461538461538461
0,283,1.1195321648145056,0.6579002554964553,1.25,0.3,-0.13046783518549443,0.13046783518549443,0.5454545454545454
0,285,1.0346157815609365,0.6862162286389122,1.9,0.25,-0.8653842184390634,0.8653842184390634,0.525
0,294,1.7171527483399833,0.7028815936402097,0.99,0.23,0.7271527483399833,0.7271527483399833,0.7272727272727273
0,299,0.5208493564910249,0.685859028613766,0.09,0.25,0.43084935649102496,0.43084935649102496,0.4782608695652174
0,308,1.6023627188998821,0.7536558281332326,1.99,0.19,-0.38763728110011786,0.38763728110011786,0.6
0,311,0.6490413569273465,0.682392331836408,-1.06,0.36,1.7090413569273466,1.7090413569273466,0.5
0,319,1.0653198651242226,0.861930189503544,-0.22,0.48,1.2853198651242226,1.2853198651242226,0.125
0,320,1.6557303137671489,0.7563881204215551,1.86,0.24,-0.20426968623285124,0.20426968623285124,0.45121951219512196
0,331,0.33482305024055337,0.7338354524329482,0.79,0.26,-0.45517694975944667,0.45517694975944667,0.5
0,334,0.9771299005092291,0.6509017762574598,1.82,0.27,-0.842870099490771,0.842870099490771,0.7021276595744681
0,337,1.3464399261868907,0.5017475393790405,1.16,0.18,0.18643992618689076,0.18643992618689076,0.8775510204081632
0,344,1.750609223652616,0.7380726097047726,1.27,0.25,0.48060922365261605,0.48060922365261605,0.46296296296296297
0,346,0.7011182346528417,0.6367335810119685,0.98,0.17,-0.27888176534715825,0.27888176534715825,0.52
0,352,2.0588138267618747,0.6840718220966707,1.29,0.27,0.7688138267618747,0.7688138267618747,0.7708333333333334
0,356,1.6627137904780227,0.4566563244309605,1.48,0.08,0.18271379047802272,0.18271379047802272,0.8846153846153846
0,358,0.6354039174927525,0.6253156191215549,0.09,0.2,0.5454039174927525,0.5454039174927525,0.4107142857142857
0,363,1.8926380029775116,0.6388397518878315,2.23,0.1,-0.33736199702248837,0.33736199702248837,0.8372093023255814
0,364,2.4651514467715527,0.679045999811439,2.11,0.16,0.35515144677155286,0.35515144677155286,0.7966101694915254
0,372,0.7854787822712272,0.6543773026119039,0.03,0.34,0.7554787822712272,0.7554787822712272,0.5789473684210527
0,374,1.5924852866799497,0.6211510666057122,1.18,0.04,0.41248528667994977,0.41248528667994977,0.717391304347826
0,378,1.4391827395328438,0.5863445089706375,2.44,0.12,-1.0008172604671561,1.0008172604671561,0.8076923076923077
0,380,1.2228007457281946,0.7270809850239511,1.56,0.26,-0.3371992542718054,0.3371992542718054,0.39344262295081966
0,386,0.9327537150638314,0.6856470310498176,0.4,0.13,0.5327537150638314,0.5327537150638314,0.46153846153846156
0,397,1.0505371311725389,0.7026339955785754,1.78,0.18,-0.7294628688274611,0.7294628688274611,0.5151515151515151
0,399,2.0191687674815357,0.6509621024376335,2.28,0.09,-0.2608312325184641,0.2608312325184641,0.48484848484848486
0,403,-0.017216019209552513,0.7181520200245147,-0.09,0.23,0.07278398079044748,0.07278398079044748,0.3333333333333333
0,406,1.7873205731555801,0.6540976491010639,2.4,0.18,-0.6126794268444198,0.6126794268444198,0.5909090909090909
0,412,0.8849080470828707,0.6199267252212939,0.99,0.11,-0.10509195291712925,0.10509195291712925,0.6129032258064516
0,422,1.6489844900593633,0.6494250646071911,1.75,0.16,-0.10101550994063668,0.10101550994063668,0.5111111111111111
0,424,0.5677211477057776,0.6136339987391467,0.81,0.17,-0.2422788522942224,0.2422788522942224,0.8448275862068966
0,425,0.6776178095215272,0.6754575201057225,-1.1,0.28,1.7776178095215274,1.7776178095215274,0.3877551020408163
0,428,0.7482484774464427,0.669956667876165,-0.82,0.25,1.5682484774464427,1.5682484774464427,0.8085106382978723
0,432,1.6109035386677368,0.6460391810599827,1.36,0.14,0.25090353866773674,0.25090353866773674,0.5588235294117647
0,439,0.6269982767231137,0.7210281578401239,1.02,0.22,-0.3930017232768863,0.3930017232768863,0.32608695652173914
0,447,1.2379021114633708,0.5163385323599969,1.0,0.25,0.2379021114633708,0.2379021114633708,0.5555555555555556
0,451,1.7280928021936455,0.6165611582030072,1.72,0.36,0.008092802193645499,0.008092802193645499,0.8738738738738738
0,453,1.2976118822570801,0.6856702718062364,1.95,0.13,-0.6523881177429198,0.6523881177429198,0.5849056603773585
0,460,1.3273542497171955,0.5324801828643078,1.55,0.59,-0.22264575028280453,0.22264575028280453,0.6060606060606061
0,466,1.044446385951037,0.6492292431675817,1.24,0.3,-0.1955536140489631,0.1955536140489631,0.7105263157894737
0,475,1.8185747934854408,0.8825835884383539,1.93,0.25,-0.11142520651455912,0.11142520651455912,0.5652173913043478
0,476,1.1435218076687583,0.6293262815546258,1.44,0.11,-0.2964781923312416,0.2964781923312416,0.7435897435897436
0,479,2.256326711530172,0.6098278474344307,2.34,0.06,-0.08367328846982769,0.08367328846982769,0.819672131147541
0,481,1.5071584079647395,0.6493905940252812,2.29,0.36,-0.7828415920352605,0.7828415920352605,0.6296296296296297
0,483,2.1425190592321055,0.672581346681335,1.58,0.13,0.5625190592321054,0.5625190592321054,0.8064516129032258
0,485,1.7906533091591919,0.7467838867903963,2.09,0.38,-0.299346690840808,0.299346690840808,0.49122807017543857
0,487,1.6763183603519498,0.679503533582497,2.12,0.19,-0.4436816396480503,0.4436816396480503,0.5882352941176471
0,491,1.0562122635941638,0.690487549738602,1.09,0.24,-0.03378773640583632,0.03378773640583632,0.5806451612903226
0,493,0.9353448044925976,0.6345329369677978,0.77,0.18,0.16534480449259759,0.16534480449259759,0.54
0,497,2.1540543486091166,0.506331836311845,2.11,0.17,0.04405434860911672,0.04405434860911672,0.6865671641791045
0,501,1.1690732840161004,0.7292515315487466,1.3,0.3,-0.1309267159838996,0.1309267159838996,0.4594594594594595
0,516,0.8937085144484387,0.6142812567843976,2.07,0.14,-1.1762914855515612,1.1762914855515612,0.7906976744186046
0,519,0.790380987586297,0.6457440068689941,1.28,0.08,-0.489619012413703,0.489619012413703,0.6444444444444445
0,523,1.2946488986693623,0.8226854069987402,0.79,0.33,0.5046488986693622,0.5046488986693622,0.6428571428571429
0,527,1.620667963709741,0.7017922937147829,0.62,0.1,1.0006679637097409,1.0006679637097409,0.38
0,531,1.5892342682016447,0.7033613738466238,1.31,0.32,0.27923426820164465,0.27923426820164465,0.7272727272727273
0,535,1.3206676709225944,0.63170584655888,0.4,0.23,0.9206676709225944,0.9206676709225944,0.34146341463414637
0,538,0.49793315505843705,0.7323938434217694,1.02,0.12,-0.522066844941563,0.522066844941563,0.5882352941176471
0,549,1.0256902057919188,0.670972114216781,0.5,0.22,0.5256902057919188,0.5256902057919188,0.5714285714285714
0,557,1.2549768618565549,0.6791300297343511,1.43,0.24,-0.17502313814344506,0.17502313814344506,0.4418604651162791
0,558,1.575266596191915,0.6833638585552795,1.7,0.14,-0.12473340380808495,0.12473340380808495,0.6785714285714286
0,561,1.1138362571597311,0.736514316576053,2.43,0.14,-1.316163742840269,1.316163742840269,0.2826086956521739
0,564,1.1629482868698198,0.6550302344928465,-0.46,0.1,1.6229482868698197,1.6229482868698197,0.8363636363636363
0,571,1.578867101774406,0.6526032417296628,2.1,0.09,-0.521132898225594,0.521132898225594,0.8490566037735849
0,580,0.3154141047453184,0.6405619424745008,-0.24,0.34,0.5554141047453184,0.5554141047453184,0.7894736842105263
0,583,0.6942737636968966,0.7183186619704743,0.98,0.07,-0.28572623630310334,0.28572623630310334,0.391304347826087
0,590,0.1764414150614011,0.604074762966184,-0.2,0.35,0.3764414150614011,0.3764414150614011,0.7368421052631579
0,601,1.2236232053212026,1.0593584255140147,1.95,0.45,-0.7263767946787973,0.7263767946787973,0.574468085106383
0,603,1.0222176306573973,0.6494048253527815,0.97,0.21,0.052217630657397374,0.052217630657397374,0.6170212765957447
0,604,1.1445962541954435,0.6659024148920144,1.85,0.12,-0.7054037458045566,0.7054037458045566,0.5581395348837209
0,620,0.7704295796662186,0.6596378512508025,0.49,0.15,0.2804295796662186,0.2804295796662186,0.46153846153846156
0,622,1.0819009619936621,0.6595881438032254,1.64,0.16,-0.5580990380063378,0.5580990380063378,0.4482758620689655
0,627,0.5585461572882322,0.6706898879877863,0.01,0.59,0.5485461572882322,0.5485461572882322,0.3103448275862069
0,628,1.2784013318800986,0.6661831687396711,1.5,0.15,-0.22159866811990137,0.22159866811990137,0.8412698412698413
0,634,1.7723460323203741,0.6331602118517844,3.29,0.43,-1.517653967679626,1.517653967679626,0.7
0,635,1.619975070950563,0.6697695107121722,2.02,0.32,-0.4000249290494371,0.4000249290494371,0.5918367346938775
0,638,1.4932736083970755,0.6894725161762558,-1.12,0.33,2.6132736083970753,2.6132736083970753,0.675
0,640,1.2280149660692516,0.6804840568392976,2.26,0.19,-1.0319850339307481,1.0319850339307481,0.6818181818181818
0,642,1.7564008231577317,0.6891673612588511,1.54,0.14,0.21640082315773168,0.21640082315773168,0.723404255319149
0,649,1.8417190083104442,0.7185770650339579,4.37,0.95,-2.528280991689556,2.528280991689556,0.6274509803921569
0,651,0.6435268878134974,0.7492254923980685,-0.02,0.22,0.6635268878134974,0.6635268878134974,0.19047619047619047
0,663,1.9768543339182392,0.6431304308662151,2.17,0.14,-0.19314566608176076,0.19314566608176076,0.6153846153846154
0,668,1.6255763375025705,0.6686668081582365,1.86,0.16,-0.23442366249742963,0.23442366249742963,0.5490196078431373
0,686,1.5157038203162243,0.5973626938571294,0.68,0.23,0.8357038203162243,0.8357038203162243,0.7592592592592593
0,689,0.5035779179758315,0.7093130898502582,0.5,0.16,0.0035779179758315127,0.0035779179758315127,0.36585365853658536
0,701,1.5110419215514046,0.7492670413372828,1.98,0.18,-0.4689580784485954,0.4689580784485954,0.6071428571428571
0,717,1.7364142784926804,0.7350906851677383,1.21,0.13,0.5264142784926804,0.5264142784926804,0.5
0,731,0.9995144315498092,0.7014605193310982,0.75,0.14,0.24951443154980923,0.24951443154980923,0.7241379310344828
0,732,1.2560856535262686,0.6094898461314631,1.94,0.06,-0.6839143464737314,0.6839143464737314,0.7843137254901961
0,738,0.9033334968354467,0.6314916868573985,1.37,0.16,-0.4666665031645534,0.4666665031645534,0.65625
0,745,1.8033536793700715,0.7231934935504779,2.36,0.2,-0.5566463206299284,0.5566463206299284,0.5
0,747,0.10921803602488023,0.6808122066098279,0.52,0.22,-0.4107819639751198,0.4107819639751198,0.6857142857142857
0,760,0.7400240954625394,0.7076228127006533,1.81,0.08,-1.0699759045374606,1.0699759045374606,0.35185185185185186
0,764,1.2475140790551824,0.6893004480942754,1.97,0.11,-0.7224859209448176,0.7224859209448176,0.8269230769230769
0,765,1.1840512361725999,0.6288682772740435,1.37,0.12,-0.18594876382740022,0.18594876382740022,0.8846153846153846
0,781,1.7382775294788757,0.6865114196946125,3.48,0.31,-1.7417224705211243,1.7417224705211243,0.3728813559322034
0,787,1.408731420347907,0.5690073629105146,1.14,0.25,0.2687314203479072,0.2687314203479072,0.6041666666666666
0,793,1.412904576534542,0.6213485288771845,1.91,0.21,-0.4970954234654579,0.4970954234654579,0.4883720930232558
0,796,1.5438952183245531,0.684488504082629,1.04,0.25,0.5038952183245531,0.5038952183245531,0.8085106382978723
0,800,1.4503402363205544,0.6892121671674091,-0.09,0.26,1.5403402363205545,1.5403402363205545,0.875
0,809,1.8709817198586962,0.6390289915920582,1.51,0.2,0.3609817198586962,0.3609817198586962,0.6444444444444445
0,815,1.313526250164083,0.5671955229864776,1.35,0.11,-0.03647374983591711,0.03647374983591711,0.7843137254901961
0,816,1.503412211865974,0.6812199747204312,2.16,0.11,-0.6565877881340261,0.6565877881340261,0.6296296296296297
0,822,0.8618598943337463,0.7326291623242106,0.57,0.57,0.2918598943337464,0.2918598943337464,0.2777777777777778
0,826,1.7819212717908934,0.6715112401246001,2.06,0.22,-0.2780787282091066,0.2780787282091066,0.6744186046511628
0,828,1.3525886065287769,0.69281548694077,-0.6,0.2,1.952588606528777,1.952588606528777,0.4444444444444444
0,829,0.9245121070329784,0.6425233338971492,0.8,0.22,0.12451210703297833,0.12451210703297833,0.5384615384615384
0,848,1.40220234208315,0.6847149231770299,1.23,0.28,0.17220234208315,0.17220234208315,0.5
0,849,0.45481628287783005,0.7710483585778507,0.68,0.13,-0.22518371712217,0.22518371712217,0.6666666666666666
0,855,0.7268461784048543,0.6933717426977888,-1.57,1.02,2.2968461784048544,2.2968461784048544,0.4444444444444444
0,857,1.6957597089056182,0.6679201667459663,2.13,0.15,-0.43424029109438167,0.43424029109438167,0.7708333333333334
0,859,2.4872670138482054,0.6481175176621891,3.95,1.06,-1.4627329861517948,1.4627329861517948,0.5737704918032787
0,861,1.3437440773680258,0.6502318120724339,1.08,0.19,0.26374407736802574,0.26374407736802574,0.71875
0,0,1.233231420811273,0.745684917575089,2.51,0.12,-1.2767685791887269,1.2767685791887269,0.4222222222222222
0,3,1.7724968515474369,0.6967828114796282,-0.16,0.26,1.9324968515474368,1.9324968515474368,0.71875
0,6,1.3815999964946517,0.702805327307003,0.88,0.1,0.5015999964946517,0.5015999964946517,0.4794520547945205
0,7,1.5140259605611588,0.6541832521758154,-2.0,0.85,3.514025960561159,3.514025960561159,0.725
0,20,0.9430406246836694,0.5851665241889437,0.58,0.13,0.3630406246836695,0.3630406246836695,0.5652173913043478
0,22,1.3102471539350709,0.5877062989943771,1.07,0.08,0.2402471539350708,0.2402471539350708,0.7631578947368421
0,26,1.955426221700061,0.6005187478604529,1.64,0.06,0.3154262217000612,0.3154262217000612,0.7027027027027027
0,30,1.0168984784116704,0.6225207603314584,0.52,0.18,0.49689847841167034,0.49689847841167034,0.4634146341463415
0,38,1.5932747542833972,0.6307004232430905,2.12,0.21,-0.526725245716603,0.526725245716603,0.5833333333333334
0,46,1.1807989400925658,0.6287102649650791,0.7,0.14,0.48079894009256585,0.48079894009256585,0.782608695652174
0,51,2.0334795414492834,0.47109871703067424,2.37,0.36,-0.33652045855071666,0.33652045855071666,0.6617647058823529
0,54,1.6516345806208528,0.6561489403145389,1.41,0.25,0.24163458062085286,0.24163458062085286,0.47058823529411764
0,56,0.9328306272622825,0.6385766089378123,0.68,0.16,0.25283062726228245,0.25283062726228245,0.41935483870967744
0,63,2.022159533283677,0.6544571665887992,1.35,0.13,0.672159533283677,0.672159533283677,0.6190476190476191
0,65,1.566580724249279,0.5285923831427362,1.32,0.2,0.24658072424927902,0.24658072424927902,0.5208333333333334
0,74,1.4118456784419458,0.6350868765249735,0.31,0.2,1.1018456784419457,1.1018456784419457,0.8113207547169812
0,89,2.1394588656293774,0.6260601204244011,1.77,0.16,0.36945886562937735,0.36945886562937735,0.8163265306122449
0,90,0.7902183226741206,0.6120130024273553,0.45,0.37,0.3402183226741206,0.3402183226741206,0.71875
0,96,1.4201341797526936,0.6434319043183506,1.07,0.37,0.35013417975269356,0.35013417975269356,0.6666666666666666
0,102,1.2646375047505114,0.6041794351844122,1.55,0.13,-0.28536249524948865,0.28536249524948865,0.5333333333333333
0,104,0.30424829547880483,0.669479671594597,0.99,0.07,-0.6857517045211952,0.6857517045211952,0.5454545454545454
0,105,1.780419209922067,0.6169453564126286,1.17,0.35,0.6104192099220671,0.6104192099220671,0.6216216216216216
0,107,1.7192496091581764,0.7400261322122554,2.01,0.16,-0.2907503908418234,0.2907503908418234,0.5681818181818182
0,108,1.9944943535830535,0.7486087294615587,1.54,0.14,0.45449435358305346,0.45449435358305346,0.8311688311688312
0,112,2.257152751141243,0.6595659244134735,1.6,0.21,0.6571527511412429,0.6571527511412429,0.6666666666666666
0,125,1.4018690972187517,0.6738584575488894,1.99,0.36,-0.5881309027812482,0.5881309027812482,0.5714285714285714
0,126,1.2717766969122077,0.6487429561671122,1.57,0.1,-0.2982233030877923,0.2982233030877923,0.8833333333333333
0,132,1.3568206370581677,0.5738450936428466,1.84,0.09,-0.4831793629418324,0.4831793629418324,0.8775510204081632
0,133,1.4576063359527949,0.5966274141428206,-0.62,0.2,2.0776063359527948,2.0776063359527948,0.75
0,134,0.6173266133853449,0.6561048022891003,-1.17,0.44,1.787326613385345,1.787326613385345,0.5714285714285714
0,135,1.2724214039654043,0.5824158765613953,1.58,0.1,-0.3075785960345958,0.3075785960345958,0.7555555555555555
0,137,1.2594414605184312,0.5967621915988558,1.59,0.18,-0.3305585394815689,0.3305585394815689,0.6296296296296297
0,153,1.4778835716360965,0.6673541911936527,0.2,0.28,1.2778835716360966,1.2778835716360966,0.24444444444444444
0,171,1.791592615466493,0.5528849175162466,1.41,0.18,0.38159261546649303,0.38159261546649303,0.6666666666666666
0,173,1.5383349555784254,0.6765786498425909,1.27,0.31,0.26833495557842535,0.26833495557842535,0.7073170731707317
0,178,1.4530223818982977,0.695470963680969,2.0,0.13,-0.5469776181017023,0.5469776181017023,0.5925925925925926
0,179,2.0550903249137695,0.6875454817471771,2.87,0.1,-0.8149096750862306,0.8149096750862306,0.5471698113207547
0,185,1.6410901482530957,0.6631700569434921,1.63,0.56,0.011090148253095844,0.011090148253095844,0.7297297297297297
0,186,0.4894585960747405,0.6484205286668832,0.37,0.33,0.11945859607474052,0.11945859607474052,0.46153846153846156
0,190,1.4400785349127174,0.6723585555753995,1.6,0.35,-0.15992146508728267,0.15992146508728267,0.8421052631578947
0,194,2.1294141847967762,0.5738946042863045,2.11,0.17,0.019414184796776368,0.019414184796776368,0.6170212765957447
0,205,1.6332106020372383,0.6916185373825593,1.57,0.31,0.06321060203723827,0.06321060203723827,0.46808510638297873
0,206,1.2550123574078924,0.5610501224817557,2.16,0.25,-0.9049876425921077,0.9049876425921077,0.78
0,208,1.300033368040048,0.7463021349860524,1.24,0.26,0.060033368040047996,0.060033368040047996,0.2916666666666667
0,213,0.14459433214622575,0.6740239565249713,-1.03,1.06,1.1745943321462258,1.1745943321462258,0.5333333333333333
0,218,1.2971428178354278,0.6883586918165872,1.07,0.11,0.22714281783542778,0.22714281783542778,0.4444444444444444
0,223,0.8599966406705415,0.6121434040487947,-0.42,0.16,1.2799966406705414,1.2799966406705414,0.5333333333333333
0,224,1.4593265639904933,0.7227289849396739,1.61,0.18,-0.15067343600950678,0.15067343600950678,0.3
0,225,0.6475113853308112,0.6234151797025944,1.25,0.22,-0.6024886146691888,0.6024886146691888,0.7241379310344828
0,233,1.022549597382661,0.7027050087562902,0.41,0.15,0.6125495973826611,0.6125495973826611,0.4827586206896552
0,237,0.9594564053553787,0.6193834232029817,1.5,0.32,-0.5405435946446213,0.5405435946446213,0.6333333333333333
0,245,0.9531332283425697,0.6382176165721242,0.42,0.23,0.5331332283425698,0.5331332283425698,0.4230769230769231
0,246,0.9711405653440561,0.6223286922657806,-0.3,0.2,1.2711405653440562,1.2711405653440562,0.7096774193548387
0,259,0.4139208851147186,0.6131328744635451,-1.49,0.9,1.9039208851147187,1.9039208851147187,0.5869565217391305
0,295,0.9417540203630693,0.6728846095951135,1.44,0.21,-0.4982459796369306,0.4982459796369306,0.5333333333333333
0,298,1.4771298103618047,0.6880927545030072,2.09,0.19,-0.6128701896381952,0.6128701896381952,0.5454545454545454
0,302,1.1834382939127523,0.7022935306773052,2.4,0.53,-1.2165617060872476,1.2165617060872476,0.86
0,303,1.3904911311313182,0.5375312785848818,-0.47,0.25,1.8604911311313181,1.8604911311313181,0.7272727272727273
0,309,0.4506418464589612,0.6972915734287282,0.18,0.84,0.2706418464589612,0.2706418464589612,0.41379310344827586
0,313,0.7149929180733424,0.719489056644196,1.17,0.15,-0.4550070819266575,0.4550070819266575,0.48214285714285715
0,315,1.2382988312899885,0.7196961011246533,0.43,0.26,0.8082988312899886,0.8082988312899886,0.6666666666666666
0,325,1.2041536553595817,0.745831195326201,1.79,0.13,-0.5858463446404183,0.5858463446404183,0.6724137931034483
0,327,2.1101296319512284,0.6840285046015104,1.85,0.24,0.2601296319512283,0.2601296319512283,0.8297872340425532
0,330,0.6220623926135617,0.7925696649499504,0.18,0.58,0.44206239261356167,0.44206239261356167,0.16666666666666666
0,332,1.2720316973041703,0.5848408636559795,-0.27,0.2,1.5420316973041703,1.5420316973041703,0.6060606060606061
0,339,1.6691544684882051,0.6241188345312614,2.48,0.14,-0.8108455315117948,0.8108455315117948,0.52
0,342,0.36076837050487764,0.6121907085870159,-0.56,0.16,0.9207683705048777,0.9207683705048777,0.625
0,343,0.47885387797373025,0.6753068604451595,-0.31,0.23,0.7888538779737302,0.7888538779737302,0.7692307692307693
0,353,1.7259217485110232,0.7725143873036903,1.56,0.26,0.16592174851102315,0.16592174851102315,0.4375
0,354,0.9084153172369883,0.6669272568748812,0.19,0.48,0.7184153172369883,0.7184153172369883,0.34375
0,355,1.3165064864828855,0.6787671890794957,-0.19,0.31,1.5065064864828854,1.5065064864828854,0.543859649122807
0,360,0.6224453320438875,0.6337369606846628,0.14,0.18,0.4824453320438875,0.4824453320438875,0.4032258064516129
0,361,1.1458253163259362,0.8076031442697212,2.4,0.16,-1.2541746836740637,1.2541746836740637,0.3548387096774194
0,365,1.5887205320756026,0.6782851398907114,2.51,0.13,-0.9212794679243972,0.9212794679243972,0.6538461538461539
0,369,1.072076251260994,0.6470103784269595,-0.4,0.19,1.4720762512609942,1.4720762512609942,0.8448275862068966
0,379,0.8417241525773379,0.7509089467587982,1.44,0.18,-0.598275847422662,0.598275847422662,0.8
0,384,0.6642988597178551,0.7065176996433907,1.08,0.18,-0.415701140282145,0.415701140282145,0.8
0,385,1.889822705652802,0.6869981299734533,1.82,0.61,0.06982270565280202,0.06982270565280202,0.4489795918367347
0,390,1.282220508973476,0.4240040116129874,0.97,0.05,0.312220508973476,0.312220508973476,0.75
0,392,0.5293090877329694,0.7239775122543012,-2.09,0.9,2.619309087732969,2.619309087732969,0.3333333333333333
0,400,0.9939221739123816,0.6152583503864028,0.12,0.22,0.8739221739123816,0.8739221739123816,0.5294117647058824
0,401,1.5542409112961004,0.20903228320366213,1.86,0.24,-0.3057590887038997,0.3057590887038997,0.6727272727272727
0,404,1.3042816592321373,0.5698378651350287,1.3,0.12,0.004281659232137303,0.004281659232137303,0.8333333333333334
0,407,1.245411828384686,0.5115368112258756,1.13,0.07,0.11541182838468611,0.11541182838468611,0.7959183673469388
0,415,1.7197350641527334,0.6412294940770873,1.0,0.09,0.7197350641527334,0.7197350641527334,0.75
0,417,1.7462063018257663,0.6466922919960387,2.43,0.15,-0.6837936981742339,0.6837936981742339,0.723404255319149
0,418,0.9843774863288317,0.6580947360966101,0.66,0.2,0.3243774863288317,0.3243774863288317,0.5833333333333334
0,419,1.2918025623593468,0.5856087565847328,0.39,0.18,0.9018025623593467,0.9018025623593467,0.5531914893617021
0,420,1.081473184566801,0.7009237056716723,1.4,0.06,-0.31852681543319883,0.31852681543319883,0.8421052631578947
0,427,0.6745902040202102,0.7612941470070538,1.23,0.14,-0.5554097959797898,0.5554097959797898,0.4375
0,435,1.872416091236716,0.6585266374418024,1.41,0.21,0.4624160912367161,0.4624160912367161,0.6410256410256411
0,436,2.059907081376262,0.7057565618472008,2.75,0.14,-0.6900929186237379,0.6900929186237379,0.48484848484848486
0,452,1.2066897620973764,0.6893476796312228,1.48,0.16,-0.27331023790262354,0.27331023790262354,0.24489795918367346
0,454,1.2692477538317422,0.7324221978339175,2.4,0.23,-1.1307522461682578,1.1307522461682578,0.3888888888888889
0,456,1.5617704438714186,0.7036413457134469,0.54,0.12,1.0217704438714186,1.0217704438714186,0.7142857142857143
0,465,1.239448949454106,0.7195976900933331,0.34,0.08,0.899448949454106,0.899448949454106,0.6956521739130435
0,468,1.2957536699062615,0.7049008293438359,0.73,0.29,0.5657536699062615,0.5657536699062615,0.868421052631579
0,471,1.2121361656252574,0.6837284779853806,0.78,0.18,0.43213616562525736,0.43213616562525736,0.7948717948717948
0,473,1.3428353595330114,0.6992957096060622,1.0,0.23,0.34283535953301136,0.34283535953301136,0.3
0,477,1.0255195149564613,0.617686355280986,1.71,0.08,-0.6844804850435386,0.6844804850435386,0.7674418604651163
0,478,1.6726712885555646,0.7094249845119738,1.77,0.08,-0.09732871144443545,0.09732871144443545,0.8490566037735849
0,489,1.1347313187593744,0.6381228913209893,0.49,0.28,0.6447313187593744,0.6447313187593744,0.65625
0,494,1.2234442336046465,0.6245139362293478,2.48,0.37,-1.2565557663953535,1.2565557663953535,0.6486486486486487
0,500,1.6928355449350896,0.7221289295801353,2.18,0.16,-0.4871644550649106,0.4871644550649106,0.6538461538461539
0,506,1.183479454024389,0.6815910986457818,1.48,0.13,-0.29652054597561106,0.29652054597561106,0.5925925925925926
0,511,1.2671487719569186,0.6576147434124303,0.88,0.27,0.38714877195691855,0.38714877195691855,0.41935483870967744
0,513,1.576421640609095,0.6171081251547916,1.18,0.24,0.396421640609095,0.396421640609095,0.6666666666666666
0,520,1.6046059897487495,0.6122672481211564,1.45,0.12,0.1546059897487495,0.1546059897487495,0.8461538461538461
0,521,1.1309142344270542,0.6092232762104383,0.43,0.13,0.7009142344270543,0.7009142344270543,0.5
0,524,1.4038610086812349,0.5598347843264081,1.51,0.13,-0.10613899131876514,0.10613899131876514,0.7924528301886793
0,529,2.23532072226682,0.49356151905299434,2.39,0.14,-0.15467927773318024,0.15467927773318024,0.6140350877192983
0,542,1.6240697238341935,0.6155696244018547,2.12,0.17,-0.49593027616580665,0.49593027616580665,0.6888888888888889
0,546,1.638952125831021,0.6938299328050528,1.62,0.16,0.018952125831020794,0.018952125831020794,0.8947368421052632
0,548,1.6772767332140566,0.6373887358504599,2.14,0.24,-0.46272326678594355,0.46272326678594355,0.5925925925925926
0,553,1.0717503169173996,0.6473909437521432,0.54,0.13,0.5317503169173996,0.5317503169173996,0.8448275862068966
0,566,1.257406123599473,0.6858774957559428,0.84,0.24,0.41740612359947293,0.41740612359947293,0.3333333333333333
0,569,1.8419969572688477,0.6457353676423592,2.04,0.14,-0.19800304273115232,0.19800304273115232,0.7
0,572,1.2641861364818503,0.6892999790612113,1.53,0.16,-0.26581386351814973,0.26581386351814973,0.3333333333333333
0,577,1.4566167109126154,0.6429206060083529,1.71,0.27,-0.2533832890873846,0.2533832890873846,0.6041666666666666
0,582,1.591887146251581,0.6792611321466453,1.55,0.17,0.041887146251580853,0.041887146251580853,0.6976744186046512
0,586,1.4627860345328445,0.7778280639693613,1.72,0.45,-0.25721396546715547,0.25721396546715547,0.5263157894736842
0,587,1.84709771409657,0.645024659837814,1.55,0.13,0.29709771409657004,0.29709771409657004,0.6666666666666666
0,588,1.6506091761104489,0.6751663551738637,1.69,0.17,-0.03939082388955106,0.03939082388955106,0.8269230769230769
0,593,1.5510897485609156,0.5737178931854288,1.37,0.16,0.18108974856091553,0.18108974856091553,0.6785714285714286
0,596,1.3441018809622327,0.7585154047038261,1.66,0.6,-0.3158981190377672,0.3158981190377672,0.5238095238095238
0,605,1.620628993935179,0.74110576646142,1.46,0.13,0.16062899393517904,0.16062899393517904,0.2962962962962963
0,608,2.5588368725955823,0.6460434464011713,3.36,0.44,-0.8011631274044175,0.8011631274044175,0.7903225806451613
0,609,0.7212867372500926,0.707369837124492,-0.19,0.68,0.9112867372500926,0.9112867372500926,0.3939393939393939
0,612,1.2010440309187351,0.6957816778473151,0.98,0.16,0.22104403091873515,0.22104403091873515,0.8833333333333333
0,613,1.78972895708385,0.6931445644069205,3.44,0.44,-1.65027104291615,1.65027104291615,0.4426229508196721
0,625,1.5453190918426762,0.7549367785144788,1.64,0.35,-0.09468090815732366,0.09468090815732366,0.375
0,632,0.8123825510040084,0.6953919534440015,0.72,0.55,0.09238255100400838,0.09238255100400838,0.25
0,636,1.4350557385054366,0.5215722947853547,0.86,0.09,0.5750557385054366,0.5750557385054366,0.6666666666666666
0,644,1.1433437155714978,0.6215872794305022,1.02,0.23,0.12334371557149781,0.12334371557149781,0.45
0,650,1.7978590911495005,0.6438527525248774,1.4,0.09,0.3978590911495006,0.3978590911495006,0.8269230769230769
0,652,0.8829075477324384,0.7187183182314175,1.69,0.11,-0.8070924522675615,0.8070924522675615,0.30952380952380953
0,653,2.2225569077006697,0.6937276974536424,2.5,0.13,-0.2774430922993303,0.2774430922993303,0.4827586206896552
0,657,1.3822903346401758,0.6461577026923778,0.59,0.06,0.7922903346401758,0.7922903346401758,0.8135593220338984
0,658,1.6742189390858253,0.6849170190121568,1.6,0.4,0.07421893908582522,0.07421893908582522,0.6041666666666666
0,662,0.7009825027969817,0.6833523037480471,0.73,0.17,-0.029017497203018272,0.029017497203018272,0.56
0,667,1.42947681490019,0.6177729811579753,-0.1,0.27,1.52947681490019,1.52947681490019,0.5862068965517241
0,671,1.4405267065058598,0.5933446909906347,1.01,0.21,0.4305267065058598,0.4305267065058598,0.7948717948717948
0,682,1.2201786604032323,0.6763599405125377,0.34,0.26,0.8801786604032322,0.8801786604032322,0.6938775510204082
0,685,1.0345339732334422,0.6928622543951164,1.42,0.12,-0.3854660267665577,0.3854660267665577,0.3125
0,687,1.4801377890599834,0.5854569464573564,0.62,0.34,0.8601377890599834,0.8601377890599834,0.6727272727272727
0,700,1.124049605461172,0.6527320243467347,1.98,0.29,-0.855950394538828,0.855950394538828,0.8461538461538461
0,702,1.0644950291770812,0.5971264183355649,0.54,0.2,0.5244950291770811,0.5244950291770811,0.5357142857142857
0,708,1.4852470569788698,0.6792597662205808,1.74,0.2,-0.25475294302113016,0.25475294302113016,0.7608695652173914
0,712,1.2885521418789907,0.6358744466016047,0.57,0.12,0.7185521418789907,0.7185521418789907,0.6170212765957447
0,716,0.8548932045326999,0.6307351867276276,1.18,0.29,-0.32510679546730004,0.32510679546730004,0.6666666666666666
0,718,1.873011721969566,0.6922816499665245,2.52,0.15,-0.6469882780304341,0.6469882780304341,0.6865671641791045
0,722,0.10842259431242485,0.6168276348580706,1.2,0.2,-1.091577405687575,1.091577405687575,0.7288135593220338
0,739,0.6174754365120618,0.7708054436196353,-0.62,0.62,1.237475436512062,1.237475436512062,0.2903225806451613
0,740,1.5779699311297737,0.7511675142429795,0.59,0.26,0.9879699311297737,0.9879699311297737,0.7301587301587301
0,743,1.0973158851486267,0.786884782570458,0.33,0.37,0.7673158851486266,0.7673158851486266,0.2112676056338028
0,757,1.4050883274007282,0.7664783109402824,0.9,0.16,0.5050883274007282,0.5050883274007282,0.23076923076923078
0,758,1.6582934521535206,0.4743122216703052,1.63,0.13,0.02829345215352075,0.02829345215352075,0.85
0,767,1.5135638432103296,0.7102993765465526,1.74,0.1,-0.22643615678967044,0.22643615678967044,0.7027027027027027
0,770,1.7628336320893627,0.7239746075550858,1.73,0.42,0.03283363208936274,0.03283363208936274,0.4107142857142857
0,775,1.0443905428910385,0.6009470130543894,4.29,0.95,-3.2456094571089613,3.2456094571089613,0.71875
0,776,1.6167212116163652,0.5875469441935262,1.43,0.22,0.18672121161636523,0.18672121161636523,0.7410714285714286
0,784,1.1546456486582288,0.7175255869355148,0.0,0.24,1.1546456486582288,1.1546456486582288,0.532258064516129
0,788,0.30628368136655326,0.727558219115614,-0.55,0.14,0.8562836813665533,0.8562836813665533,0.4375
0,790,1.431429528023306,0.7196222292189306,-1.41,0.9,2.8414295280233057,2.8414295280233057,0.6666666666666666
0,795,0.8168031917984673,0.5657517507962161,1.72,0.07,-0.9031968082015327,0.9031968082015327,0.8360655737704918
0,821,1.6090174807291353,0.6946009474876678,0.84,0.28,0.7690174807291353,0.7690174807291353,0.71875
0,831,1.987060817242602,0.43356990254033373,1.89,0.29,0.09706081724260218,0.09706081724260218,0.7608695652173914
0,834,1.7237719299483008,0.6319977786235682,2.07,0.06,-0.3462280700516991,0.3462280700516991,0.5
0,836,1.8592098885605048,0.6967254033510859,2.96,0.09,-1.1007901114394951,1.1007901114394951,0.6338028169014085
0,839,0.9150084957350572,0.7459148494525017,-0.37,0.28,1.2850084957350572,1.2850084957350572,0.20689655172413793
0,846,1.4538616369731086,0.6460856977254918,0.89,0.57,0.5638616369731085,0.5638616369731085,0.5714285714285714
0,854,2.038307242148288,0.5962974493798797,3.78,1.1,-1.7416927578517116,1.7416927578517116,0.425531914893617
0,862,1.524675476297384,0.6897669395078131,2.2,0.1,-0.6753245237026162,0.6753245237026162,0.5757575757575758
0,4,1.1983525415660794,0.7047490508164067,0.92,0.13,0.27835254156607936,0.27835254156607936,0.4634146341463415
0,13,0.8471684489939135,0.7528028824653267,1.79,0.24,-0.9428315510060865,0.9428315510060865,0.3333333333333333
0,16,1.7222860451962096,0.6413259012812537,2.19,0.13,-0.4677139548037903,0.4677139548037903,0.6530612244897959
0,24,1.5225844798352322,0.6658091705239192,1.86,0.19,-0.33741552016476795,0.33741552016476795,0.7567567567567568
0,25,1.3573912913949076,0.7239318377455268,1.53,0.16,-0.17260870860509248,0.17260870860509248,0.6382978723404256
0,29,0.5898673897568217,0.5682619873741676,0.2,0.2,0.3898673897568217,0.3898673897568217,0.65
0,33,1.3946210417083174,0.6687284873884576,1.59,0.15,-0.19537895829168272,0.19537895829168272,0.26666666666666666
0,44,0.9634851946329048,0.7010012092686678,-0.21,0.17,1.1734851946329048,1.1734851946329048,0.4897959183673469
0,59,0.703309305227801,0.6760141164264593,-0.17,0.38,0.873309305227801,0.873309305227801,0.46774193548387094
0,61,0.35691539962489405,0.7255247510795809,0.04,0.36,0.31691539962489407,0.31691539962489407,0.4864864864864865
0,67,1.1507677635635873,0.7300982768684599,-0.1,0.6,1.2507677635635874,1.2507677635635874,0.5
0,69,0.5525132100147819,0.6800528505713123,-0.48,0.25,1.0325132100147818,1.0325132100147818,0.8
0,73,1.7098203132195622,0.644043317574691,0.97,0.16,0.7398203132195622,0.7398203132195622,0.6296296296296297
0,83,1.6751411921656096,0.7813904919079283,2.51,0.15,-0.8348588078343901,0.8348588078343901,0.3888888888888889
0,88,0.8497367264607798,0.6283901653181785,0.7,0.34,0.14973672646077985,0.14973672646077985,0.5111111111111111
0,93,1.4155576324244272,0.6996554933621643,1.97,0.24,-0.5544423675755727,0.5544423675755727,0.7567567567567568
0,106,1.4449894870437507,0.6143608569629897,1.9,0.19,-0.45501051295624917,0.45501051295624917,0.7058823529411765
0,110,1.4362161848388966,0.6954198478740748,1.32,0.06,0.11621618483889651,0.11621618483889651,0.4594594594594595
0,111,0.7317595974189388,0.6714209636020586,1.34,0.19,-0.6082404025810613,0.6082404025810613,0.75
0,114,1.490350159809518,0.6885315346841391,1.35,0.57,0.14035015980951782,0.14035015980951782,0.525
0,117,0.8310199410386245,0.6392148636978641,1.13,0.19,-0.29898005896137536,0.29898005896137536,0.7560975609756098
0,120,1.2012903219798003,0.6609777865863281,0.99,0.22,0.21129032197980036,0.21129032197980036,0.8113207547169812
0,121,1.262878411585239,0.7346271503714927,1.97,0.13,-0.707121588414761,0.707121588414761,0.86
0,129,1.4469180182464263,0.6257926593024233,1.69,0.1,-0.24308198175357365,0.24308198175357365,0.7954545454545454
0,136,1.7387119285261146,0.7015854744209238,1.32,0.25,0.4187119285261145,0.4187119285261145,0.6388888888888888
0,138,0.6411298956156175,0.6772554270575045,0.43,0.75,0.2111298956156175,0.2111298956156175,0.3939393939393939
0,146,1.0991662851195783,0.7075406983122123,1.2,0.35,-0.1008337148804217,0.1008337148804217,0.8727272727272727
0,149,1.3188056800949532,0.7069520530006969,0.72,0.3,0.5988056800949533,0.5988056800949533,0.6415094339622641
0,152,0.115456083606015,0.6661641399634045,-0.42,0.28,0.5354560836060149,0.5354560836060149,0.5555555555555556
0,160,1.0172042641116352,0.6673584581981709,1.49,0.13,-0.47279573588836477,0.47279573588836477,0.4482758620689655
0,163,1.256749456138868,0.6037246991432607,1.3,0.25,-0.04325054386113214,0.04325054386113214,0.6041666666666666
0,164,0.47532245632539416,0.7411871373487573,1.36,0.22,-0.8846775436746059,0.8846775436746059,0.2903225806451613
0,166,1.885488364570811,0.7217190645076927,2.25,0.17,-0.3645116354291891,0.3645116354291891,0.8333333333333334
0,168,0.7409891066232921,0.7017668745353763,-0.53,0.15,1.2709891066232921,1.2709891066232921,0.6428571428571429
0,176,1.5425426267017386,0.5496624890241849,1.06,0.13,0.48254262670173853,0.48254262670173853,0.845360824742268
0,189,1.1836866567057287,0.7386009533273593,1.02,0.25,0.16368665670572868,0.16368665670572868,0.38461538461538464
0,191,1.8924775490822103,0.7278271069521726,2.59,0.11,-0.6975224509177895,0.6975224509177895,0.5740740740740741
0,195,1.3780061016997776,0.5994552987720084,1.55,0.18,-0.1719938983002225,0.1719938983002225,0.7954545454545454
0,199,0.9865857459100531,0.7264496560120272,1.57,0.23,-0.583414254089947,0.583414254089947,0.27906976744186046
0,207,1.1770407483280365,0.6845694275065866,0.83,0.54,0.34704074832803655,0.34704074832803655,0.5476190476190477
0,212,0.837452701666848,0.722347393863722,-0.11,0.19,0.947452701666848,0.947452701666848,0.4857142857142857
0,216,1.4926551186947143,0.7293040037824672,2.12,0.15,-0.6273448813052858,0.6273448813052858,0.3235294117647059
0,217,1.0096820039408312,0.6859832880593615,1.35,0.25,-0.3403179960591689,0.3403179960591689,0.6153846153846154
0,219,0.6884602342653501,0.7559464607438481,-0.5,0.21,1.18846023426535,1.18846023426535,0.8
0,221,1.8059658822396623,0.5676020328684694,2.32,0.26,-0.5140341177603376,0.5140341177603376,0.8222222222222222
0,228,1.0084806410176306,0.6040352666968202,1.24,0.31,-0.23151935898236942,0.23151935898236942,0.7954545454545454
0,232,0.668458776818148,0.5725527800988909,0.81,0.25,-0.14154122318185203,0.14154122318185203,0.6041666666666666
0,234,1.339757684984736,0.6724739132817251,2.28,0.17,-0.9402423150152639,0.9402423150152639,0.45
0,254,1.7134906515993145,0.6846598815719976,1.31,0.32,0.4034906515993144,0.4034906515993144,0.8163265306122449
0,274,1.6541030485273152,0.7572308957153988,1.57,0.29,0.0841030485273151,0.0841030485273151,0.6052631578947368
0,276,0.999304935678132,0.6346300399868989,1.22,0.31,-0.22069506432186803,0.22069506432186803,0.6470588235294118
0,281,1.2874092710974334,0.6933281579153673,2.32,0.2,-1.0325907289025664,1.0325907289025664,0.35714285714285715
0,282,-0.07947008206199424,0.7325455015053934,0.74,0.12,-0.8194700820619942,0.8194700820619942,0.11764705882352941
0,284,1.1114839362333415,0.7231543897841016,0.65,0.27,0.4614839362333415,0.4614839362333415,0.6764705882352942
0,287,0.6860537193869354,0.7365944362910719,0.5,0.36,0.18605371938693538,0.18605371938693538,0.5909090909090909
0,289,1.6407493110579563,0.5521065015412138,1.88,0.32,-0.2392506889420436,0.2392506889420436,0.8725490196078431
0,290,1.7374090135698934,0.6794412268095389,1.57,0.18,0.16740901356989335,0.16740901356989335,0.7708333333333334
0,297,1.1693228406927234,0.5741420642304885,1.63,0.25,-0.4606771593072765,0.4606771593072765,0.75
0,300,0.836687988609688,0.735996550757949,0.51,0.37,0.32668798860968795,0.32668798860968795,0.5121951219512195
0,322,2.014085257043896,0.6768880482728293,2.77,0.36,-0.755914742956104,0.755914742956104,0.717391304347826
0,326,0.9101627263547502,0.8113676029370723,1.34,0.13,-0.42983727364524993,0.42983727364524993,0.15789473684210525
0,329,1.5306982337853252,0.682687301263684,1.54,0.1,-0.009301766214674823,0.009301766214674823,0.4594594594594595
0,336,1.7464954343192707,0.7542532414892383,1.94,0.23,-0.19350456568072927,0.19350456568072927,0.8297872340425532
0,340,1.2426931185336016,0.6894904131692614,1.5,0.13,-0.25730688146639835,0.25730688146639835,0.6530612244897959
0,341,2.0070516413185984,0.6833497420828542,0.95,0.15,1.0570516413185984,1.0570516413185984,0.7333333333333333
0,347,1.2886558229403386,0.7459066014703111,1.09,0.29,0.19865582294033857,0.19865582294033857,0.8333333333333334
0,348,1.564063758405369,0.6510269212496089,1.5,0.17,0.06406375840536893,0.06406375840536893,0.6052631578947368
0,349,1.1573420245752364,0.6699559235400593,1.74,0.15,-0.5826579754247636,0.5826579754247636,0.45
0,357,1.6139014614737386,0.49266404861559315,1.54,0.14,0.07390146147373855,0.07390146147373855,0.85
0,376,0.9110053998972738,0.684909861903407,-0.42,0.22,1.3310053998972737,1.3310053998972737,0.6896551724137931
0,381,1.71164711122231,0.6693245343884909,2.05,0.23,-0.3383528887776899,0.3383528887776899,0.6071428571428571
0,393,1.774340681261157,0.5353800311023781,2.22,0.36,-0.4456593187388431,0.4456593187388431,0.8333333333333334
0,394,0.7564458261409254,0.7071225150973781,-0.91,0.12,1.6664458261409254,1.6664458261409254,0.5882352941176471
0,405,1.9193259321678555,0.6597282039898434,0.86,0.18,1.0593259321678556,1.0593259321678556,0.8548387096774194
0,414,0.533228232510749,0.5639228647218686,0.39,0.23,0.143228232510749,0.143228232510749,0.55
0,421,0.6817697716249428,0.8544147400608798,2.15,0.23,-1.4682302283750572,1.4682302283750572,0.07142857142857142
0,426,1.531697758605167,0.6513715278506852,2.03,0.25,-0.4983022413948328,0.4983022413948328,0.5576923076923077
0,429,1.9238876396540563,0.7236610011537733,1.89,0.19,0.03388763965405639,0.03388763965405639,0.6774193548387096
0,433,0.8104886569206456,0.7656191053627609,-1.08,1.04,1.8904886569206458,1.8904886569206458,0.4117647058823529
0,437,0.8104016731576791,0.7537499117943355,1.54,0.24,-0.729598326842321,0.729598326842321,0.3333333333333333
0,438,1.8586557875214251,0.6745559678113972,2.15,0.17,-0.2913442124785748,0.2913442124785748,0.7547169811320755
0,445,1.869796184326451,0.667003798053406,0.84,0.25,1.0297961843264511,1.0297961843264511,0.7346938775510204
0,446,0.9686625001936521,0.6558261017719731,1.35,0.26,-0.381337499806348,0.381337499806348,0.7435897435897436
0,449,1.4492521776246243,0.7751090172921276,1.19,0.14,0.2592521776246244,0.2592521776246244,0.2857142857142857
0,455,1.1788792442768132,0.6711354839225928,0.67,0.16,0.5088792442768132,0.5088792442768132,0.6530612244897959
0,463,0.5881018372251543,0.6850560207724397,1.1,0.15,-0.5118981627748458,0.5118981627748458,0.47058823529411764
0,464,1.1363784671803132,0.7451221045180811,2.06,0.38,-0.9236215328196868,0.9236215328196868,0.6851851851851852
0,469,1.3677530016475692,0.6634451018365058,1.54,0.24,-0.17224699835243085,0.17224699835243085,0.68
0,470,0.886246019015018,0.7306048155219402,-0.35,0.22,1.236246019015018,1.236246019015018,0.3333333333333333
0,480,0.150176833909333,0.7194141436095698,0.74,0.24,-0.589823166090667,0.589823166090667,0.2608695652173913
0,490,1.6055825623665547,0.7859883185805427,0.96,0.22,0.6455825623665548,0.6455825623665548,0.47619047619047616
0,498,1.4571075449713933,0.6740258415122846,0.59,0.23,0.8671075449713933,0.8671075449713933,0.6086956521739131
0,504,0.6712188074880273,0.5746640945318193,1.09,0.57,-0.41878119251197277,0.41878119251197277,0.5357142857142857
0,507,0.9631642585591007,0.7288058524054948,-0.45,0.43,1.4131642585591007,1.4131642585591007,0.6774193548387096
0,508,0.5563535265190828,0.7153021438662782,0.31,0.12,0.24635352651908277,0.24635352651908277,0.625
0,509,1.3007499339968436,0.632726916614967,-0.08,0.13,1.3807499339968436,1.3807499339968436,0.7241379310344828
0,514,1.5931395477716088,0.6398677444882678,2.32,0.11,-0.726860452228391,0.726860452228391,0.6
0,517,1.9211661762060257,0.5354471393586002,1.6,0.2,0.3211661762060256,0.3211661762060256,0.8369565217391305
0,525,1.54173925690465,0.6717255086190937,1.03,0.14,0.5117392569046499,0.5117392569046499,0.6428571428571429
0,534,1.3874766722312388,0.6802449433375839,1.41,0.15,-0.022523327768761092,0.022523327768761092,0.7719298245614035
0,536,1.6447982007895465,0.7788936226091049,1.92,0.56,-0.2752017992104534,0.2752017992104534,0.5263157894736842
0,539,1.2811885321032563,0.9573659930366678,1.38,0.36,-0.09881146789674355,0.09881146789674355,0.15833333333333333
0,540,1.1423438406780249,0.7960164275411793,1.44,0.13,-0.2976561593219751,0.2976561593219751,0.5932203389830508
0,541,1.818599722708075,0.7133735668406506,1.99,0.16,-0.17140027729192497,0.17140027729192497,0.6521739130434783
0,547,1.187854450751624,0.7025160234477205,1.27,0.2,-0.08214554924837603,0.08214554924837603,0.35714285714285715
0,552,1.7231722826224267,0.5817711651311034,1.32,0.29,0.40317228262242666,0.40317228262242666,0.8333333333333334
0,556,1.4283736351172727,0.6833150743628746,1.79,0.24,-0.36162636488272737,0.36162636488272737,0.8
0,567,0.3168164183694706,0.7288961544226183,-0.1,0.61,0.4168164183694706,0.4168164183694706,0.3870967741935484
0,573,0.9764199600349834,0.7071241209835453,1.6,0.12,-0.6235800399650167,0.6235800399650167,0.5932203389830508
0,575,1.630304269097088,0.6867160629035769,1.96,0.21,-0.32969573090291204,0.32969573090291204,0.5151515151515151
0,576,1.5706300470669843,0.6950773541841685,1.71,0.24,-0.13936995293301568,0.13936995293301568,0.5142857142857142
0,579,1.5222203417104536,0.48559814804570317,2.03,0.14,-0.5077796582895462,0.5077796582895462,0.7272727272727273
0,584,0.685205020018295,0.7364633417695057,-0.09,0.36,0.7752050200182949,0.7752050200182949,0.40625
0,585,0.5541230067290516,0.714498760266991,1.1,0.1,-0.5458769932709485,0.5458769932709485,0.5454545454545454
0,591,1.2771043633451968,0.7076374046464934,1.2,0.23,0.07710436334519688,0.07710436334519688,0.46296296296296297
0,595,0.5560373318969636,0.6676373591217548,0.43,0.26,0.1260373318969636,0.1260373318969636,0.696969696969697
0,616,1.5489832462481865,0.7049683664557583,0.91,0.19,0.6389832462481865,0.6389832462481865,0.5
0,619,0.7868051178168353,0.7395915072840986,0.72,0.26,0.06680511781683529,0.06680511781683529,0.2692307692307692
0,623,0.3212919508059896,0.6236277366989438,0.03,0.2,0.2912919508059896,0.2912919508059896,0.38461538461538464
0,624,1.6368736269990931,0.7478654803113282,1.34,0.18,0.29687362699909303,0.29687362699909303,0.6724137931034483
0,631,1.3256772875638279,0.6745426869711165,2.37,0.14,-1.0443227124361723,1.0443227124361723,0.4186046511627907
0,645,-0.16231694152618958,0.6859168660334534,0.12,0.24,-0.2823169415261896,0.2823169415261896,0.46153846153846156
0,646,1.0812127883558138,0.6199635984681723,0.51,0.21,0.5712127883558138,0.5712127883558138,0.38095238095238093
0,648,1.7979364361975962,0.48119695979666793,2.09,0.2,-0.2920635638024036,0.2920635638024036,0.7608695652173914
0,655,0.6885467869749676,0.7073829028978177,0.3,0.27,0.38854678697496764,0.38854678697496764,0.4909090909090909
0,665,1.89277576554079,0.7446231516384398,2.33,0.12,-0.4372242344592101,0.4372242344592101,0.7
0,669,0.889813927039158,0.6673976818334558,1.26,0.58,-0.37018607296084205,0.37018607296084205,0.7105263157894737
0,672,1.9865984753368542,0.7625678795225783,2.4,0.45,-0.4134015246631457,0.4134015246631457,0.803921568627451
0,673,1.3175932041450924,0.8664427363018505,1.15,0.18,0.1675932041450925,0.1675932041450925,0.24242424242424243
0,674,1.3530622865432198,0.6677728639812919,0.97,0.13,0.38306228654321983,0.38306228654321983,0.5581395348837209
0,679,1.3024017774426355,0.7271975781143092,1.21,0.17,0.09240177744263556,0.09240177744263556,0.4
0,691,1.4333166706057385,0.6606704553125674,1.93,0.16,-0.4966833293942614,0.4966833293942614,0.5862068965517241
0,696,2.086310707865785,0.6691753680591651,2.84,0.14,-0.7536892921342147,0.7536892921342147,0.6774193548387096
0,698,0.30904378995300397,0.6379355779673251,-0.5,0.13,0.809043789953004,0.809043789953004,0.7894736842105263
0,703,0.6696434795541414,0.7148575415849088,-0.7,0.41,1.3696434795541412,1.3696434795541412,0.7058823529411765
0,711,1.23850110396986,0.665627680943625,1.9,0.24,-0.66149889603014,0.66149889603014,0.631578947368421
0,715,1.4262340362980426,0.7514926195380653,1.87,0.09,-0.44376596370195753,0.44376596370195753,0.13114754098360656
0,720,1.6022726633555981,0.7470462159195796,1.25,0.16,0.35227266335559815,0.35227266335559815,0.4
0,724,1.8296074570847438,0.7261010662491186,2.18,0.1,-0.35039254291525634,0.35039254291525634,0.36764705882352944
0,725,0.7355718330983663,0.776539454218588,-0.05,0.17,0.7855718330983663,0.7855718330983663,0.5161290322580645
0,726,0.7150892895387214,0.6266247382497965,-1.03,0.61,1.7450892895387216,1.7450892895387216,0.6825396825396826
0,727,1.7541134693665568,0.7688318571173895,2.0,0.41,-0.24588653063344323,0.24588653063344323,0.5
0,728,1.1038884824161987,0.6899185639241162,2.0,0.1,-0.8961115175838013,0.8961115175838013,0.8727272727272727
0,730,1.4074646425280717,0.6463955408277762,2.13,0.26,-0.7225353574719282,0.7225353574719282,0.631578947368421
0,733,1.5430895184815563,0.7240783914822497,1.35,0.42,0.1930895184815562,0.1930895184815562,0.8947368421052632
0,735,1.61131634484643,0.7854733654783942,0.98,0.14,0.6313163448464301,0.6313163448464301,0.6415094339622641
0,736,1.0947489398054808,0.662193220403829,0.79,0.2,0.3047489398054808,0.3047489398054808,0.40384615384615385
0,737,0.8996185883192452,0.7183274702426251,-0.81,0.11,1.7096185883192452,1.7096185883192452,0.6571428571428571
0,748,1.348785147149516,0.5747434183689512,2.04,0.33,-0.691214852850484,0.691214852850484,0.7272727272727273
0,752,1.3695069741714956,0.7061550378820808,1.5,0.09,-0.13049302582850442,0.13049302582850442,0.47368421052631576
0,753,1.724615057457593,0.5819753265673813,2.26,0.16,-0.5353849425424069,0.5353849425424069,0.7435897435897436
0,759,1.3480218381594609,0.6080462200442662,1.73,0.06,-0.3819781618405391,0.3819781618405391,0.7058823529411765
0,761,1.4983978247138028,0.7042151614882938,0.66,0.12,0.8383978247138028,0.8383978247138028,0.525
0,766,0.830539777355626,0.6473404297162141,0.96,0.36,-0.12946022264437396,0.12946022264437396,0.5111111111111111
0,768,0.38850703099385075,0.7471546207965225,0.41,0.23,-0.02149296900614922,0.02149296900614922,0.37037037037037035
0,769,1.5773486351577573,0.6331617093379077,0.99,0.06,0.5873486351577573,0.5873486351577573,0.8636363636363636
0,771,0.9852390345597386,0.7672774627213789,2.39,0.19,-1.4047609654402615,1.4047609654402615,0.3
0,782,1.8849378281603784,0.6898323465785121,1.23,0.28,0.6549378281603784,0.6549378281603784,0.7708333333333334
0,783,0.8444724605075817,0.6588289384067291,0.7,0.18,0.14447246050758178,0.14447246050758178,0.5588235294117647
0,786,1.1677074222601922,0.7077905734610681,1.12,0.1,0.04770742226019209,0.04770742226019209,0.5
0,789,1.3404360624093112,0.7615073033242779,0.11,0.2,1.2304360624093111,1.2304360624093111,0.34146341463414637
0,791,1.0817220649148875,0.7687517921525374,0.88,0.27,0.20172206491488753,0.20172206491488753,0.5714285714285714
0,801,1.4766748412944013,0.548580564053075,1.48,0.06,-0.0033251587055986853,0.0033251587055986853,0.8367346938775511
0,805,0.6635139072070013,0.7514388945998712,0.6,0.58,0.06351390720700134,0.06351390720700134,0.4666666666666667
0,811,0.4881331449357017,0.6481754876246533,1.07,0.21,-0.5818668550642984,0.5818668550642984,0.631578947368421
0,823,1.2910161191771237,0.593322476841613,1.07,0.07,0.2210161191771236,0.2210161191771236,0.71875
0,824,1.726457742571931,0.631994101320273,1.22,0.25,0.506457742571931,0.506457742571931,0.6181818181818182
0,825,0.7851978193458051,0.7445727323277859,1.32,0.17,-0.5348021806541949,0.5348021806541949,0.14285714285714285
0,832,0.9195719229658073,0.6491441830755137,1.51,0.13,-0.5904280770341928,0.5904280770341928,0.6458333333333334
0,837,1.4044471557014413,0.7354290183226736,1.92,0.3,-0.5155528442985586,0.5155528442985586,0.39473684210526316
0,841,1.4927760025247592,0.6194033679838095,3.32,0.5,-1.8272239974752407,1.8272239974752407,0.5227272727272727
0,842,1.6256532354991364,0.7340014964406771,2.32,0.17,-0.6943467645008634,0.6943467645008634,0.6585365853658537
0,845,0.894471825004118,0.7448633442556257,-0.38,0.49,1.274471825004118,1.274471825004118,0.32
0,9,1.8424955705371544,0.7159352799074588,2.31,0.09,-0.46750442946284565,0.46750442946284565,0.5862068965517241
0,11,1.4816445196039059,0.6479533500717399,1.61,0.17,-0.12835548039609423,0.12835548039609423,0.8888888888888888
0,19,1.9876458365347052,0.6352558466118279,1.41,0.17,0.5776458365347052,0.5776458365347052,0.7954545454545454
0,23,2.3511476074022224,0.7195206430046687,2.31,0.19,0.04114760740222234,0.04114760740222234,0.6774193548387096
0,28,1.07033384962909,0.6762948895924135,1.01,0.24,0.06033384962908994,0.06033384962908994,0.8888888888888888
0,32,0.2001534876020421,0.6012975206991272,-0.33,0.14,0.5301534876020422,0.5301534876020422,0.7647058823529411
0,36,1.5470179076137631,0.6824470845103446,1.14,0.26,0.4070179076137632,0.4070179076137632,0.7906976744186046
0,41,1.2612401007576235,0.6703869709453605,2.0,0.19,-0.7387598992423765,0.7387598992423765,0.5263157894736842
0,42,1.3924792857085568,0.8266192462439893,2.79,0.56,-1.3975207142914432,1.3975207142914432,0.8421052631578947
0,43,1.80084429404599,0.6721681989317182,1.17,0.14,0.63084429404599,0.63084429404599,0.8461538461538461
0,47,1.096878247948878,0.6046101807925187,0.6,0.1,0.4968782479488779,0.4968782479488779,0.6129032258064516
0,53,0.7379154582552149,0.725765269669081,0.9,0.08,-0.16208454174478515,0.16208454174478515,0.34210526315789475
0,57,1.6947406229707371,0.6872859618893424,1.89,0.13,-0.19525937702926277,0.19525937702926277,0.6792452830188679
0,58,0.6976855279513405,0.6604382494434663,3.23,0.35,-2.5323144720486592,2.5323144720486592,0.4473684210526316
0,70,1.2911329764359523,0.6937629769430897,1.52,0.21,-0.22886702356404776,0.22886702356404776,0.8947368421052632
0,72,1.4445074438989458,0.6389087524822217,1.57,0.13,-0.12549255610105425,0.12549255610105425,0.7608695652173914
0,80,0.36655834112341845,0.6892941496552534,0.68,0.06,-0.3134416588765816,0.3134416588765816,0.5
0,82,1.1534865060652946,0.7181724379587282,1.31,0.15,-0.15651349393470548,0.15651349393470548,0.7894736842105263
0,84,0.9502325633807815,0.6546879260213454,0.63,0.24,0.32023256338078154,0.32023256338078154,0.8846153846153846
0,86,0.9615061656811698,0.7203385173502712,1.54,0.13,-0.5784938343188303,0.5784938343188303,0.5588235294117647
0,87,1.1798985695796793,0.6506947447326116,1.1,0.17,0.07989856957967922,0.07989856957967922,0.7647058823529411
0,91,1.042385392716891,0.6542259866738105,2.34,0.2,-1.297614607283109,1.297614607283109,0.875
0,94,1.127941124786799,0.7814348439234342,1.65,0.31,-0.5220588752132009,0.5220588752132009,0.7727272727272727
0,95,1.195927262176009,0.7591242953292984,2.34,0.55,-1.1440727378239908,1.1440727378239908,0.4375
0,98,0.402592126411925,0.7500613623870778,-0.39,0.25,0.792592126411925,0.792592126411925,0.3333333333333333
0,99,1.5096258646976066,0.6038696456907836,1.5,0.27,0.009625864697606623,0.009625864697606623,0.6530612244897959
0,115,0.7814556597273085,0.6614390258138105,1.0,0.11,-0.21854434027269154,0.21854434027269154,0.6491228070175439
0,119,1.0894274325636677,0.6570512474010651,0.09,0.2,0.9994274325636677,0.9994274325636677,0.6086956521739131
0,123,1.5336267669175365,0.7281123167588506,0.79,0.17,0.7436267669175365,0.7436267669175365,0.8571428571428571
0,128,1.1156406431430537,0.590295909912152,1.28,0.22,-0.16435935685694636,0.16435935685694636,0.6181818181818182
0,130,2.0073584071551487,0.7241579924345801,-0.5,0.1,2.5073584071551487,2.5073584071551487,0.4107142857142857
0,131,1.9338213854459867,0.7612539647103264,0.71,0.23,1.2238213854459867,1.2238213854459867,0.6851851851851852
0,139,0.8397277136473518,0.62914554214195,1.7,0.08,-0.8602722863526482,0.8602722863526482,0.6458333333333334
0,143,1.517086066586688,0.7145180088919788,1.67,0.35,-0.15291393341331183,0.15291393341331183,0.4489795918367347
0,147,1.5546454905552152,0.6858143369236102,0.96,0.11,0.5946454905552152,0.5946454905552152,0.6333333333333333
0,148,0.8388387827716531,0.7934156405937147,0.93,0.22,-0.09116121722834691,0.09116121722834691,0.2903225806451613
0,151,1.2230855190487924,0.6593439699569467,1.72,0.26,-0.4969144809512076,0.4969144809512076,0.46938775510204084
0,169,0.761191775847997,0.5342341799469245,0.88,0.2,-0.11880822415200298,0.11880822415200298,0.5483870967741935
0,174,1.5434044989513007,0.7082108492104991,2.01,0.12,-0.46659550104869907,0.46659550104869907,0.6274509803921569
0,177,1.6943365828962114,0.7546611427423868,2.02,0.11,-0.32566341710378865,0.32566341710378865,0.6785714285714286
0,180,1.0183143968634365,0.6286040362992709,1.43,0.34,-0.41168560313656344,0.41168560313656344,0.38095238095238093
0,182,1.3349907749061454,0.7025769208755472,0.27,1.28,1.0649907749061454,1.0649907749061454,0.32608695652173914
0,183,0.8619022924009161,0.7490207874302599,0.94,0.56,-0.07809770759908385,0.07809770759908385,0.5
0,184,0.9406670628983458,0.670028375269907,0.8,0.28,0.14066706289834574,0.14066706289834574,0.6764705882352942
0,192,0.9174138725507708,0.6252626859728588,1.7,0.24,-0.7825861274492292,0.7825861274492292,0.34285714285714286
0,197,0.43152179775363764,0.7555276065529102,0.28,0.59,0.1515217977536376,0.1515217977536376,0.4857142857142857
0,201,1.8170096346328946,0.5865770941037555,1.48,0.07,0.3370096346328946,0.3370096346328946,0.7450980392156863
0,203,0.5097985299334404,0.6897313169878719,1.29,0.11,-0.7802014700665596,0.7802014700665596,0.6774193548387096
0,209,0.972481291949193,0.7297959172328035,1.49,0.16,-0.517518708050807,0.517518708050807,0.5555555555555556
0,226,1.3379995565944283,0.7828985998562975,1.13,0.16,0.20799955659442837,0.20799955659442837,0.29411764705882354
0,227,1.0255505854676679,0.6308275664503838,0.5,0.14,0.5255505854676679,0.5255505854676679,0.8604651162790697
0,244,1.282027166792356,0.6631045355315881,1.45,0.25,-0.167972833207644,0.167972833207644,0.7045454545454546
0,248,0.4677426792741699,0.6769813424858045,1.07,0.28,-0.6022573207258302,0.6022573207258302,0.5454545454545454
0,256,1.6968798139151755,0.722182402795136,2.33,0.41,-0.6331201860848246,0.6331201860848246,0.5862068965517241
0,257,1.6861028075683537,0.723696351409501,2.4,0.3,-0.7138971924316462,0.7138971924316462,0.53125
0,260,0.7966326512318517,0.643808614575904,0.36,0.38,0.4366326512318517,0.4366326512318517,0.6307692307692307
0,265,0.8653756463325145,0.6832982627595651,1.33,0.11,-0.46462435366748556,0.46462435366748556,0.6571428571428571
0,269,2.0824530970662796,0.5963942202368829,1.0,0.23,1.0824530970662796,1.0824530970662796,0.5909090909090909
0,273,0.7503062741899986,0.6456253250907545,0.6,0.18,0.15030627418999865,0.15030627418999865,0.696969696969697
0,275,0.4984251866784616,0.7243808941443619,0.08,0.17,0.41842518667846157,0.41842518667846157,0.6666666666666666
0,277,1.9201587137531104,0.6540800815189177,2.24,0.1,-0.3198412862468898,0.3198412862468898,0.7272727272727273
0,280,0.8539886789045459,0.6284465288057864,-1.04,0.26,1.893988678904546,1.893988678904546,0.8148148148148148
0,286,1.2558665627415226,0.7269044913672636,1.62,0.2,-0.36413343725847747,0.36413343725847747,0.723404255319149
0,288,1.004899860832729,0.719713154607272,1.48,0.08,-0.4751001391672709,0.4751001391672709,0.5306122448979592
0,291,1.520483692267307,0.7899109963106604,2.07,0.57,-0.5495163077326928,0.5495163077326928,0.48148148148148145
0,292,1.392836283153908,0.7036282324305889,1.15,0.11,0.24283628315390815,0.24283628315390815,0.3333333333333333
0,296,1.493328380878281,0.6568478802964183,0.87,0.25,0.6233283808782809,0.6233283808782809,0.6153846153846154
0,305,0.838415128436683,0.6816868129976648,0.67,0.15,0.16841512843668294,0.16841512843668294,0.7619047619047619
0,307,1.2792755752727045,0.6462435256990566,1.53,0.2,-0.2507244247272955,0.2507244247272955,0.6521739130434783
0,314,1.1398183141911027,0.6727492906493737,0.81,0.2,0.32981831419110264,0.32981831419110264,0.71875
0,321,0.7570432609806614,0.8073537335891047,1.08,0.25,-0.32295673901933863,0.32295673901933863,0.4489795918367347
0,323,0.43221971096652656,0.6477396600765581,-0.78,0.28,1.2122197109665267,1.2122197109665267,0.46153846153846156
0,324,1.451956607860245,0.6663311086452791,2.45,0.45,-0.9980433921397551,0.9980433921397551,0.5416666666666666
0,328,1.2957613033351658,0.6041155444806876,1.33,0.25,-0.034238696664834256,0.034238696664834256,0.8360655737704918
0,335,1.988016350269758,0.7429173178782583,2.06,0.33,-0.07198364973024196,0.07198364973024196,0.5882352941176471
0,359,0.7195456900798993,0.6474790529632616,0.8,0.23,-0.08045430992010072,0.08045430992010072,0.7241379310344828
0,368,0.789884654915187,0.5954241195894762,0.56,0.22,0.22988465491518695,0.22988465491518695,0.5714285714285714
0,370,0.46043304187797274,0.6844979213396042,0.61,0.18,-0.14956695812202725,0.14956695812202725,0.40425531914893614
0,371,1.2942670122789506,0.768462400316227,3.33,0.45,-2.0357329877210493,2.0357329877210493,0.2
0,373,1.6001196948110428,0.8460379898836363,2.36,0.16,-0.7598803051889571,0.7598803051889571,0.3
0,377,1.4436509908653932,0.6911815359067723,2.25,0.17,-0.8063490091346068,0.8063490091346068,0.7755102040816326
0,383,1.2984309211376104,0.6707304644087875,1.63,0.16,-0.3315690788623895,0.3315690788623895,0.8928571428571429
0,387,1.5089665750145822,0.6503233511765737,1.94,0.17,-0.43103342498541775,0.43103342498541775,0.8928571428571429
0,388,0.6691279514808262,0.6287202366825666,1.5,0.08,-0.8308720485191738,0.8308720485191738,0.39473684210526316
0,396,1.6603670656759162,0.7379557309305103,1.53,0.25,0.13036706567591616,0.13036706567591616,0.6078431372549019
0,398,2.0389745684414806,0.6934296127831109,2.44,0.2,-0.40102543155851933,0.40102543155851933,0.7
0,410,1.0266371524277864,0.6937899142446212,1.39,0.2,-0.3633628475722135,0.3633628475722135,0.62
0,411,1.8692737850220158,0.6913840019003874,2.05,0.26,-0.18072621497798402,0.18072621497798402,0.8372093023255814
0,423,0.4431159173546476,0.7216593870507606,0.95,0.3,-0.5068840826453523,0.5068840826453523,0.3548387096774194
0,430,0.048020685743118685,0.5890036026235705,0.69,0.16,-0.6419793142568813,0.6419793142568813,0.5272727272727272
0,431,1.257733730032766,0.8472770149885451,4.31,1.0,-3.052266269967234,3.052266269967234,0.3076923076923077
0,442,1.8506050056959236,0.6433385935419895,2.16,0.3,-0.3093949943040766,0.3093949943040766,0.6666666666666666
0,444,1.616003178029651,0.7510436903947579,1.88,0.1,-0.2639968219703488,0.2639968219703488,0.8311688311688312
0,448,1.3923497657149981,0.7078036306281622,0.09,0.24,1.302349765714998,1.302349765714998,0.47058823529411764
0,450,1.3854235506811627,0.6538885937849752,1.96,0.2,-0.5745764493188372,0.5745764493188372,0.6486486486486487
0,459,1.8085349668956425,0.645996758782562,2.77,0.24,-0.9614650331043575,0.9614650331043575,0.6774193548387096
0,461,0.17849885430173562,0.7203613350192537,-1.53,1.11,1.7084988543017356,1.7084988543017356,0.3870967741935484
0,472,1.0390052226629183,0.6548158969937435,1.37,0.06,-0.3309947773370818,0.3309947773370818,0.8269230769230769
0,486,1.3216031728207198,0.6774136780548445,1.74,0.12,-0.4183968271792802,0.4183968271792802,0.5428571428571428
0,488,1.847760154928666,0.21730399263619563,1.5,0.24,0.34776015492866597,0.34776015492866597,0.6727272727272727
0,510,0.8911353219634683,0.6545461466494841,0.27,0.22,0.6211353219634683,0.6211353219634683,0.5833333333333334
0,512,1.287807455564988,0.5941978916215465,1.6,0.1,-0.312192544435012,0.312192544435012,0.4838709677419355
0,515,1.501470042822133,0.7480727712596125,2.04,0.19,-0.538529957177867,0.538529957177867,0.7530864197530864
0,528,-0.11151109087209266,0.6614562589233076,-0.06,0.12,-0.05151109087209266,0.05151109087209266,1.0
0,537,1.6499215355145789,0.5915709206953567,1.41,0.36,0.23992153551457895,0.23992153551457895,0.8928571428571429
0,543,0.9605614798742457,0.6260575428162779,0.97,0.15,-0.009438520125754302,0.009438520125754302,0.7058823529411765
0,544,1.7251918345976147,0.7004385408514503,-0.08,0.4,1.8051918345976148,1.8051918345976148,0.6222222222222222
0,550,1.4137385540210803,0.7063570332832925,1.88,0.09,-0.4662614459789196,0.4662614459789196,0.40425531914893614
0,551,1.99489685653041,0.6535435123639236,2.28,0.21,-0.28510314346958987,0.28510314346958987,0.7377049180327869
0,554,0.7912335464801927,0.6843860096204911,1.76,0.23,-0.9687664535198073,0.9687664535198073,0.4
0,555,1.4181764634740597,0.6837429371837868,1.94,0.24,-0.5218235365259403,0.5218235365259403,0.7755102040816326
0,559,0.7491600079541416,0.633864695280368,1.2,0.18,-0.45083999204585834,0.45083999204585834,0.7297297297297297
0,560,0.9197844367368148,0.721000695340225,1.02,0.19,-0.10021556326318526,0.10021556326318526,0.26666666666666666
0,562,1.4280253340105964,0.6904743398159081,0.62,0.23,0.8080253340105964,0.8080253340105964,0.5789473684210527
0,565,0.44591507502952676,0.6382166899934216,-0.1,0.2,0.5459150750295267,0.5459150750295267,0.38461538461538464
0,574,1.1591455998932045,0.7682458578320819,1.41,0.25,-0.2508544001067954,0.2508544001067954,0.42857142857142855
0,581,1.1435587028199115,0.5968068210331438,0.73,0.15,0.4135587028199115,0.4135587028199115,0.5172413793103449
0,589,2.565969778309287,0.673003055977758,2.83,0.15,-0.2640302216907129,0.2640302216907129,0.7966101694915254
0,594,0.5567674138527635,0.6896025069112803,2.1,0.34,-1.5432325861472367,1.5432325861472367,0.5806451612903226
0,598,1.0652216545646112,0.632636915521869,1.35,0.24,-0.28477834543538894,0.28477834543538894,0.7358490566037735
0,599,1.7102855033131519,0.6791863414132241,1.78,0.08,-0.06971449668684815,0.06971449668684815,0.3090909090909091
0,600,1.11912133277178,0.6285726888407691,1.67,0.3,-0.55087866722822,0.55087866722822,0.75
0,606,1.141498580815717,0.6912216731951287,0.91,0.4,0.23149858081571695,0.23149858081571695,0.5294117647058824
0,607,0.9753611976891163,0.6921824834208811,1.12,0.27,-0.14463880231088377,0.14463880231088377,0.4838709677419355
0,610,1.1513602376229235,0.6824227349531414,2.06,0.22,-0.9086397623770766,0.9086397623770766,0.7941176470588235
0,611,0.8734774647663217,0.6003277958528808,1.7,0.14,-0.8265225352336782,0.8265225352336782,0.6
0,617,1.3604982506176104,0.5448081874350895,1.48,0.09,-0.11950174938238955,0.11950174938238955,0.7647058823529411
0,621,1.6333593532360637,0.6065184863167643,2.37,0.2,-0.7366406467639364,0.7366406467639364,0.8548387096774194
0,629,1.2825306121220286,0.5576548963441798,2.0,0.15,-0.7174693878779714,0.7174693878779714,0.8301886792452831
0,633,2.351152145584707,0.633017698915199,2.94,0.25,-0.5888478544152931,0.5888478544152931,0.7903225806451613
0,637,1.3641440215517555,0.5734765993730131,1.01,0.2,0.3541440215517555,0.3541440215517555,0.45
0,639,0.25668740272719026,0.6389840621569536,0.95,0.2,-0.6933125972728097,0.6933125972728097,0.3958333333333333
0,659,1.6989728572440053,0.7893792305952982,1.87,0.22,-0.17102714275599484,0.17102714275599484,0.5714285714285714
0,660,-0.13198662876881784,0.6400863452051603,-0.05,0.58,-0.08198662876881783,0.08198662876881783,1.0
0,675,1.4850999016591497,0.6515909914927619,1.9,0.29,-0.4149000983408502,0.4149000983408502,0.7222222222222222
0,677,1.5763038637446267,0.7226649366762579,2.51,0.09,-0.9336961362553731,0.9336961362553731,0.5740740740740741
0,684,0.7091244309642067,0.676693746004392,-0.5,0.24,1.2091244309642066,1.2091244309642066,0.7931034482758621
0,690,1.3781684568683727,0.5504148456955926,1.29,0.14,0.08816845686837271,0.08816845686837271,0.8421052631578947
0,697,1.623996310716696,0.703502065721459,1.48,0.27,0.14399631071669594,0.14399631071669594,0.7906976744186046
0,699,1.7215917527806903,0.6344554690448942,2.49,0.16,-0.7684082472193099,0.7684082472193099,0.4827586206896552
0,705,1.357536317003694,0.8257449710106337,2.12,0.56,-0.7624636829963061,0.7624636829963061,0.845360824742268
0,707,1.2148414347858012,0.6946784275114963,0.97,0.16,0.24484143478580123,0.24484143478580123,0.782608695652174
0,709,1.2397769591021828,0.6984673105240091,1.18,0.11,0.059776959102182836,0.059776959102182836,0.59375
0,714,1.7345966077258161,0.7350705342769042,1.56,0.28,0.1745966077258161,0.1745966077258161,0.4576271186440678
0,719,2.2945439271092933,0.7123909421085421,2.35,0.1,-0.055456072890706753,0.055456072890706753,0.2786885245901639
0,723,1.2907067190807207,0.7178969677839719,1.77,0.34,-0.47929328091927936,0.47929328091927936,0.3829787234042553
0,734,1.5949221861981657,0.7194210152995557,1.24,0.09,0.35492218619816573,0.35492218619816573,0.8571428571428571
0,751,0.7278893633869079,0.7718731515294855,1.83,0.16,-1.1021106366130922,1.1021106366130922,0.4897959183673469
0,754,1.6499161494901176,0.6523624056533648,1.07,0.07,0.5799161494901175,0.5799161494901175,0.6666666666666666
0,755,1.3333302721061309,0.6628144650799608,1.03,0.28,0.30333027210613084,0.30333027210613084,0.75
0,756,0.3747973466583865,0.7088589043487562,0.95,0.23,-0.5752026533416135,0.5752026533416135,0.625
0,763,0.9050702324901956,0.6516272005787872,1.61,0.09,-0.7049297675098045,0.7049297675098045,0.725
0,774,1.2147757925863236,0.5306262897080943,1.51,0.04,-0.2952242074136764,0.2952242074136764,0.8367346938775511
0,777,0.9237420314067288,0.8055017005058326,0.41,0.24,0.5137420314067289,0.5137420314067289,0.7857142857142857
0,778,1.2125690805073892,0.7998220131117354,2.52,0.47,-1.3074309194926108,1.3074309194926108,0.43478260869565216
0,779,1.6549409413305636,0.7031052693653771,1.3,0.11,0.35494094133056353,0.35494094133056353,0.45161290322580644
0,797,1.2784530397834957,0.6191797765600137,1.9,0.18,-0.6215469602165042,0.6215469602165042,0.7407407407407407
0,802,1.3995583066527262,0.7200085626794621,1.12,0.28,0.2795583066527261,0.2795583066527261,0.48484848484848486
0,803,0.8869431299139108,0.6897529356165192,0.55,0.19,0.33694312991391073,0.33694312991391073,0.7727272727272727
0,804,1.9102942499540922,0.7064027159229139,0.54,0.2,1.3702942499540922,1.3702942499540922,0.5681818181818182
0,806,0.7406204245771122,0.5302521077132382,1.4,0.2,-0.6593795754228877,0.6593795754228877,0.5357142857142857
0,807,0.8111382118459802,0.7284247166723362,1.58,0.22,-0.7688617881540198,0.7688617881540198,0.391304347826087
0,813,1.9484197662888634,0.6982257339139006,0.21,0.14,1.7384197662888634,1.7384197662888634,0.5416666666666666
0,817,1.3262361353455896,0.5847906857156021,1.89,0.08,-0.5637638646544103,0.5637638646544103,0.6808510638297872
0,819,0.9998378016245174,0.6746575188508808,1.15,0.19,-0.1501621983754825,0.1501621983754825,0.62
0,830,0.050422703312074324,0.7478864957155761,0.44,0.2,-0.3895772966879257,0.3895772966879257,0.3684210526315789
0,833,1.7778870952007342,0.6217819534515487,1.07,0.1,0.7078870952007341,0.7078870952007341,0.6052631578947368
0,835,1.155179543130985,0.5752874976110177,1.54,0.11,-0.384820456869015,0.384820456869015,0.8301886792452831
0,840,1.29533018867857,0.6211760927757544,2.09,0.34,-0.7946698113214299,0.7946698113214299,0.6052631578947368
0,844,1.1939898738200698,0.6869672038232033,2.25,0.4,-1.0560101261799302,1.0560101261799302,0.6388888888888888
0,847,0.9138424363061721,0.8103452601962523,0.78,0.1,0.1338424363061721,0.1338424363061721,0.6666666666666666
0,852,1.7709436993000596,0.5738965069537055,2.11,0.1,-0.3390563006999403,0.3390563006999403,0.48148148148148145
1,3,1.3798773719811963,0.6763343024002955,-0.16,0.26,1.5398773719811962,1.5398773719811962,0.71875
1,8,1.7883636715923672,0.4313371946194336,1.57,0.32,0.21836367159236714,0.21836367159236714,0.75
1,16,1.5811696327574523,0.6190889948406115,2.19,0.13,-0.6088303672425477,0.6088303672425477,0.6530612244897959
1,17,1.4990238952337747,0.6614264154083056,-0.22,0.24,1.7190238952337746,1.7190238952337746,0.725
1,19,1.9974883147320022,0.634699701564598,1.41,0.17,0.5874883147320022,0.5874883147320022,0.7954545454545454
1,23,2.2192733953611583,0.7179315949646004,2.31,0.19,-0.09072660463884175,0.09072660463884175,0.6774193548387096
1,34,0.5306713472109121,0.5866077014834588,1.22,0.08,-0.6893286527890878,0.6893286527890878,0.5869565217391305
1,47,1.084905248552041,0.590817452293243,0.6,0.1,0.484905248552041,0.484905248552041,0.6129032258064516
1,49,1.6930802808712713,0.7104449732688424,2.3,0.16,-0.6069197191287286,0.6069197191287286,0.19230769230769232
1,50,1.1430175953843675,0.8301303398998862,0.1,0.11,1.0430175953843674,1.0430175953843674,0.8181818181818182
1,56,0.9813274085355929,0.6530751374578724,0.68,0.16,0.3013274085355928,0.3013274085355928,0.41935483870967744
1,59,0.5267489446579421,0.6460417563756837,-0.17,0.38,0.6967489446579421,0.6967489446579421,0.46774193548387094
1,60,0.5407851226263258,0.7519688935256096,0.08,0.12,0.4607851226263258,0.4607851226263258,0.4166666666666667
1,65,1.5485154408311153,0.5364975284921687,1.32,0.2,0.2285154408311152,0.2285154408311152,0.5208333333333334
1,69,-0.003660706263369784,0.7135375765684138,-0.48,0.25,0.4763392937366302,0.4763392937366302,0.8
1,73,1.66712225129583,0.6275777542931209,0.97,0.16,0.6971222512958299,0.6971222512958299,0.6296296296296297
1,81,1.6291606383544686,0.5036693546232516,2.53,0.1,-0.9008393616455312,0.9008393616455312,0.7592592592592593
1,84,0.9666118491534403,0.6489978637460488,0.63,0.24,0.33661184915344033,0.33661184915344033,0.8846153846153846
1,85,1.5777940830356814,0.7797882502524296,2.35,0.13,-0.7722059169643187,0.7722059169643187,0.47619047619047616
1,90,0.6951475726865778,0.6209856223766202,0.45,0.37,0.24514757268657777,0.24514757268657777,0.71875
1,94,1.1013305018710589,0.7666217941779943,1.65,0.31,-0.5486694981289411,0.5486694981289411,0.7727272727272727
1,101,1.3894591294222798,0.6414810009642782,1.78,0.15,-0.39054087057772024,0.39054087057772024,0.5
1,106,1.5371138489161045,0.5736202647525658,1.9,0.19,-0.36288615108389544,0.36288615108389544,0.7058823529411765
1,107,2.080127506641118,0.7698452765103707,2.01,0.16,0.07012750664111822,0.07012750664111822,0.5681818181818182
1,111,0.4579850996847624,0.6528432756254052,1.34,0.19,-0.8820149003152377,0.8820149003152377,0.75
1,117,0.8209374327206844,0.6382683342322151,1.13,0.19,-0.30906256727931547,0.30906256727931547,0.7560975609756098
1,119,1.188038636473452,0.6596805693569832,0.09,0.2,1.098038636473452,1.098038636473452,0.6086956521739131
1,120,1.2135049357579093,0.6323071324782583,0.99,0.22,0.2235049357579093,0.2235049357579093,0.8113207547169812
1,121,1.3211787418747833,0.7152150653031837,1.97,0.13,-0.6488212581252166,0.6488212581252166,0.86
1,148,0.9358923622732181,0.7930422397947995,0.93,0.22,0.005892362273218099,0.005892362273218099,0.2903225806451613
1,154,1.0328174414842448,0.6486555200575265,1.77,0.66,-0.7371825585157552,0.7371825585157552,0.7941176470588235
1,175,1.3768260745746568,0.6496271628821324,0.71,0.3,0.6668260745746568,0.6668260745746568,0.6046511627906976
1,180,1.1975574634213841,0.6389731749880677,1.43,0.34,-0.2324425365786158,0.2324425365786158,0.38095238095238093
1,181,1.179781962256018,0.6430506418914395,1.67,0.32,-0.490218037743982,0.490218037743982,0.5918367346938775
1,185,1.4312779879980446,0.6710161582951764,1.63,0.56,-0.19872201200195527,0.19872201200195527,0.7297297297297297
1,187,0.8149820660551828,0.5374501080709809,1.3,0.12,-0.4850179339448173,0.4850179339448173,0.7258064516129032
1,189,1.2860761842150603,0.740446100455425,1.02,0.25,0.2660761842150603,0.2660761842150603,0.38461538461538464
1,194,2.0009117824151375,0.5906608340760291,2.11,0.17,-0.10908821758486242,0.10908821758486242,0.6170212765957447
1,195,1.4708456441320261,0.5799599797757635,1.55,0.18,-0.07915435586797392,0.07915435586797392,0.7954545454545454
1,201,1.8468195590298246,0.5810200771038904,1.48,0.07,0.36681955902982466,0.36681955902982466,0.7450980392156863
1,202,1.3979019743857872,0.6701815685979965,1.38,0.1,0.017901974385787334,0.017901974385787334,0.6037735849056604
1,205,1.768380055855915,0.7090093453466313,1.57,0.31,0.198380055855915,0.198380055855915,0.46808510638297873
1,216,1.5057525571402541,0.7291580832034651,2.12,0.15,-0.614247442859746,0.614247442859746,0.3235294117647059
1,218,1.3327938323662383,0.7130562496157649,1.07,0.11,0.2627938323662382,0.2627938323662382,0.4444444444444444
1,223,0.7949126564142037,0.5975505701292217,-0.42,0.16,1.2149126564142037,1.2149126564142037,0.5333333333333333
1,228,1.1170750284885653,0.575682957040671,1.24,0.31,-0.12292497151143467,0.12292497151143467,0.7954545454545454
1,238,0.980112985975157,0.6661671382288131,1.04,0.07,-0.05988701402484309,0.05988701402484309,0.6382978723404256
1,241,2.3281428088952136,0.6636462586042519,2.04,0.06,0.2881428088952136,0.2881428088952136,0.6774193548387096
1,244,1.2523328664026958,0.6517909197623475,1.45,0.25,-0.19766713359730415,0.19766713359730415,0.7045454545454546
1,248,0.47383354630929475,0.6763828812319979,1.07,0.28,-0.5961664536907053,0.5961664536907053,0.5454545454545454
1,255,1.1784521923613804,0.6970525730982795,0.93,0.14,0.2484521923613804,0.2484521923613804,0.4375
1,257,1.5772997495422172,0.7345834734810172,2.4,0.3,-0.8227002504577827,0.8227002504577827,0.53125
1,258,1.9881016150885018,0.5630013491207067,3.72,1.03,-1.7318983849114984,1.7318983849114984,0.5471698113207547
1,265,1.0975879869318224,0.6674493299867168,1.33,0.11,-0.23241201306817771,0.23241201306817771,0.6571428571428571
1,277,1.996237581872633,0.6467252421489688,2.24,0.1,-0.2437624181273672,0.2437624181273672,0.7272727272727273
1,286,1.259565466377513,0.7212354455469873,1.62,0.2,-0.360434533622487,0.360434533622487,0.723404255319149
1,289,1.6650378777128967,0.522620686900041,1.88,0.32,-0.2149621222871032,0.2149621222871032,0.8725490196078431
1,294,1.4896954681170536,0.6388173804133638,0.99,0.23,0.49969546811705357,0.49969546811705357,0.7272727272727273
1,298,1.3655821611758636,0.7089333313753551,2.09,0.19,-0.7244178388241362,0.7244178388241362,0.5454545454545454
1,301,1.190430304374987,0.6827225655057829,0.85,0.24,0.3404303043749871,0.3404303043749871,0.6086956521739131
1,307,1.2275080847559954,0.6432491462367117,1.53,0.2,-0.30249191524400465,0.30249191524400465,0.6521739130434783
1,309,0.5461108676487471,0.7236207105485201,0.18,0.84,0.36611086764874706,0.36611086764874706,0.41379310344827586
1,311,0.5445831068455943,0.7043330954737679,-1.06,0.36,1.6045831068455945,1.6045831068455945,0.5
1,314,1.1556856443595716,0.669016811825954,0.81,0.2,0.3456856443595715,0.3456856443595715,0.71875
1,318,1.0941143499593593,0.6740279717811251,0.61,0.12,0.4841143499593593,0.4841143499593593,0.8181818181818182
1,320,1.4106065357584208,0.7525450703447571,1.86,0.24,-0.44939346424157933,0.44939346424157933,0.45121951219512196
1,329,1.453958396767773,0.6510422676565092,1.54,0.1,-0.08604160323222709,0.08604160323222709,0.4594594594594595
1,341,2.096178017661889,0.6637158050397562,0.95,0.15,1.146178017661889,1.146178017661889,0.7333333333333333
1,349,0.9501505251672163,0.6334510003064344,1.74,0.15,-0.7898494748327837,0.7898494748327837,0.45
1,353,1.850874957310638,0.7833494052283525,1.56,0.26,0.29087495731063795,0.29087495731063795,0.4375
1,354,1.2817939964677587,0.6951092637686787,0.19,0.48,1.0917939964677588,1.0917939964677588,0.34375
1,361,1.0975130434204843,0.8217715423046296,2.4,0.16,-1.3024869565795156,1.3024869565795156,0.3548387096774194
1,364,1.986423316347471,0.7217781213118726,2.11,0.16,-0.12357668365252894,0.12357668365252894,0.7966101694915254
1,366,1.9021608717844725,0.710771574392818,1.9,0.2,0.002160871784472551,0.002160871784472551,0.4666666666666667
1,382,0.5381649777884653,0.8267794107108782,0.19,0.55,0.3481649777884653,0.3481649777884653,0.25
1,386,0.7466039019982053,0.670405029078096,0.4,0.13,0.34660390199820523,0.34660390199820523,0.46153846153846156
1,392,0.34690368101870506,0.7313022348943353,-2.09,0.9,2.436903681018705,2.436903681018705,0.3333333333333333
1,408,1.2582360445660485,0.7215888695964492,2.0,0.19,-0.7417639554339515,0.7417639554339515,0.3939393939393939
1,412,0.6990622827239127,0.6148607202130073,0.99,0.11,-0.2909377172760873,0.2909377172760873,0.6129032258064516
1,421,0.7452729703701673,0.9025216259397614,2.15,0.23,-1.4047270296298326,1.4047270296298326,0.07142857142857142
1,426,1.5887243642001736,0.6380047833861667,2.03,0.25,-0.4412756357998262,0.4412756357998262,0.5576923076923077
1,427,0.6432284156427674,0.7722308288273528,1.23,0.14,-0.5867715843572325,0.5867715843572325,0.4375
1,428,0.5880336194193124,0.6496519330212505,-0.82,0.25,1.4080336194193124,1.4080336194193124,0.8085106382978723
1,435,1.981605154586523,0.6757941283208836,1.41,0.21,0.5716051545865231,0.5716051545865231,0.6410256410256411
1,439,0.5863144758698253,0.745049668196648,1.02,0.22,-0.4336855241301747,0.4336855241301747,0.32608695652173914
1,443,1.3661687356668992,0.6970567721829525,-1.99,0.84,3.356168735666899,3.356168735666899,0.2926829268292683
1,447,1.2198617873835331,0.5247130832627915,1.0,0.25,0.21986178738353312,0.21986178738353312,0.5555555555555556
1,472,0.9035420371550352,0.6524577397110121,1.37,0.06,-0.4664579628449649,0.4664579628449649,0.8269230769230769
1,481,1.6389820787769998,0.6675232478941429,2.29,0.36,-0.6510179212230003,0.6510179212230003,0.6296296296296297
1,482,0.6489739054560594,0.7113152091953872,1.43,0.33,-0.7810260945439406,0.7810260945439406,0.75
1,484,1.9593389623773076,0.7278064425472734,2.18,0.14,-0.2206610376226925,0.2206610376226925,0.5853658536585366
1,491,0.7640577712327314,0.7213192755828581,1.09,0.24,-0.32594222876726864,0.32594222876726864,0.5806451612903226
1,493,0.9935208312978534,0.6339172076478863,0.77,0.18,0.22352083129785338,0.22352083129785338,0.54
1,496,1.3625750846751918,0.7331440065738674,2.05,0.25,-0.687424915324808,0.687424915324808,0.7659574468085106
1,502,1.315329654827561,0.7076324055538248,1.63,0.58,-0.31467034517243886,0.31467034517243886,0.42857142857142855
1,504,0.5849028676504975,0.5518624511789971,1.09,0.57,-0.5050971323495026,0.5050971323495026,0.5357142857142857
1,507,0.7633128099360471,0.7294611603895601,-0.45,0.43,1.213312809936047,1.213312809936047,0.6774193548387096
1,509,1.4164257577484154,0.6282147916260743,-0.08,0.13,1.4964257577484155,1.4964257577484155,0.7241379310344828
1,517,1.826970375552409,0.5109124768350016,1.6,0.2,0.22697037555240884,0.22697037555240884,0.8369565217391305
1,518,1.5889449659863963,0.708572506460726,2.14,0.18,-0.5510550340136038,0.5510550340136038,0.5142857142857142
1,519,0.4196623456558435,0.6331614252394947,1.28,0.08,-0.8603376543441565,0.8603376543441565,0.6444444444444445
1,535,1.162626922713141,0.6466360511073175,0.4,0.23,0.7626269227131409,0.7626269227131409,0.34146341463414637
1,543,0.939389043713526,0.6402116352264358,0.97,0.15,-0.030610956286473923,0.030610956286473923,0.7058823529411765
1,550,1.2670361746232157,0.6850387310304692,1.88,0.09,-0.6129638253767842,0.6129638253767842,0.40425531914893614
1,551,2.007022462026704,0.6467739459404425,2.28,0.21,-0.2729775379732957,0.2729775379732957,0.7377049180327869
1,553,0.38461994692806256,0.6299236803616307,0.54,0.13,-0.15538005307193747,0.15538005307193747,0.8448275862068966
1,559,0.7811961586761491,0.6032277664755007,1.2,0.18,-0.41880384132385085,0.41880384132385085,0.7297297297297297
1,560,0.9551928013740046,0.7269697725160686,1.02,0.19,-0.06480719862599538,0.06480719862599538,0.26666666666666666
1,570,1.0873372166276705,0.5497941453989783,1.44,0.11,-0.3526627833723295,0.3526627833723295,0.7843137254901961
1,578,1.8061730075174562,0.6437989859415999,1.94,0.1,-0.1338269924825437,0.1338269924825437,0.52
1,582,1.5856933691785753,0.7040555187557896,1.55,0.17,0.03569336917857524,0.03569336917857524,0.6976744186046512
1,585,0.5001209124588948,0.70033789159117,1.1,0.1,-0.5998790875411053,0.5998790875411053,0.5454545454545454
1,587,1.7288488740012702,0.6578081504772074,1.55,0.13,0.17884887400127014,0.17884887400127014,0.6666666666666666
1,589,2.2485083191360906,0.6920490112166945,2.83,0.15,-0.5814916808639095,0.5814916808639095,0.7966101694915254
1,594,0.49374592576735166,0.7046054607714092,2.1,0.34,-1.6062540742326483,1.6062540742326483,0.5806451612903226
1,598,1.3343641584540962,0.6143394062706723,1.35,0.24,-0.015635841545903917,0.015635841545903917,0.7358490566037735
1,599,1.6186067240516495,0.6601434781738321,1.78,0.08,-0.1613932759483505,0.1613932759483505,0.3090909090909091
1,600,1.081124196856563,0.6296322292408154,1.67,0.3,-0.5888758031434369,0.5888758031434369,0.75
1,602,2.126148279498612,0.5294041778028112,2.07,0.26,0.05614827949861212,0.05614827949861212,0.8222222222222222
1,608,2.4155266424650836,0.6747491259261531,3.36,0.44,-0.9444733575349162,0.9444733575349162,0.7903225806451613
1,613,1.699386394259729,0.7108172443756221,3.44,0.44,-1.740613605740271,1.740613605740271,0.4426229508196721
1,623,0.43655703853130956,0.6159673086945304,0.03,0.2,0.40655703853130953,0.40655703853130953,0.38461538461538464
1,629,1.3913182056923166,0.5489857987546586,2.0,0.15,-0.6086817943076834,0.6086817943076834,0.8301886792452831
1,636,1.2082653019548752,0.4894661862368961,0.86,0.09,0.34826530195487526,0.34826530195487526,0.6666666666666666
1,641,0.9384071484425288,0.7516527768054468,0.24,0.23,0.6984071484425288,0.6984071484425288,0.4117647058823529
1,654,2.0089539837897545,0.7210296290820272,0.97,0.13,1.0389539837897546,1.0389539837897546,0.4666666666666667
1,662,0.47601562290779464,0.6921066779237306,0.73,0.17,-0.25398437709220534,0.25398437709220534,0.56
1,666,0.5934763679194401,0.6219169725391052,-0.75,0.35,1.3434763679194401,1.3434763679194401,0.7560975609756098
1,670,0.6995519145773392,0.6030794907725403,0.19,0.39,0.5095519145773393,0.5095519145773393,0.6153846153846154
1,672,2.0408678690292814,0.7520246546356346,2.4,0.45,-0.3591321309707185,0.3591321309707185,0.803921568627451
1,677,1.3763434485833814,0.7264766707942235,2.51,0.09,-1.1336565514166184,1.1336565514166184,0.5740740740740741
1,678,1.50978115261156,0.7073268506122429,-0.0,0.47,1.50978115261156,1.50978115261156,0.5714285714285714
1,687,1.5138254941559524,0.6121138693891867,0.62,0.34,0.8938254941559524,0.8938254941559524,0.6727272727272727
1,690,1.4583784649420706,0.5616549017123376,1.29,0.14,0.16837846494207054,0.16837846494207054,0.8421052631578947
1,699,1.6289661504987993,0.6392381261012817,2.49,0.16,-0.8610338495012009,0.8610338495012009,0.4827586206896552
1,704,0.6359310769993494,0.7344352363208043,0.36,0.18,0.2759310769993494,0.2759310769993494,0.20689655172413793
1,705,2.154081939068725,0.6302470588090903,2.12,0.56,0.03408193906872503,0.03408193906872503,0.845360824742268
1,708,1.4504172057793565,0.6861594123758669,1.74,0.2,-0.2895827942206435,0.2895827942206435,0.7608695652173914
1,710,1.1537032477883329,0.6026167246181812,0.94,0.14,0.21370324778833294,0.21370324778833294,0.7083333333333334
1,713,2.177089543760027,0.5371111121765462,2.42,0.14,-0.2429104562399731,0.2429104562399731,0.6140350877192983
1,718,2.074723840178544,0.6952383553003175,2.52,0.15,-0.44527615982145585,0.44527615982145585,0.6865671641791045
1,719,2.251898313600445,0.7043642951517559,2.35,0.1,-0.09810168639955519,0.09810168639955519,0.2786885245901639
1,721,0.8211063671580354,0.6469870990366978,-0.87,1.02,1.6911063671580355,1.6911063671580355,0.5909090909090909
1,722,0.10081837120988246,0.6177778751828868,1.2,0.2,-1.0991816287901175,1.0991816287901175,0.7288135593220338
1,731,1.3494272571937824,0.7207719899081647,0.75,0.14,0.5994272571937824,0.5994272571937824,0.7241379310344828
1,740,1.4926954391695424,0.7498383604667955,0.59,0.26,0.9026954391695424,0.9026954391695424,0.7301587301587301
1,745,1.680393484112785,0.7270193118400275,2.36,0.2,-0.6796065158872149,0.6796065158872149,0.5
1,747,0.19805965102208445,0.757735939720648,0.52,0.22,-0.32194034897791557,0.32194034897791557,0.6857142857142857
1,750,1.0695672656115245,0.6326542313673167,1.64,0.14,-0.5704327343884754,0.5704327343884754,0.6938775510204082
1,757,1.01232948614236,0.8090420056176733,0.9,0.16,0.11232948614235994,0.11232948614235994,0.23076923076923078
1,766,0.7354526013998713,0.55352277160484,0.96,0.36,-0.22454739860012862,0.22454739860012862,0.5111111111111111
1,769,1.673408170279832,0.6154623725264964,0.99,0.06,0.683408170279832,0.683408170279832,0.8636363636363636
1,771,0.9497639496029251,0.7661128671296081,2.39,0.19,-1.440236050397075,1.440236050397075,0.3
1,772,0.5194053295159956,0.742906428603695,-1.2,0.95,1.7194053295159955,1.7194053295159955,0.37037037037037035
1,774,1.4818929677447314,0.5324632215084605,1.51,0.04,-0.02810703225526856,0.02810703225526856,0.8367346938775511
1,787,1.4653216133145512,0.5819880382278338,1.14,0.25,0.32532161331455134,0.32532161331455134,0.6041666666666666
1,788,0.39502479567918614,0.7397412995164714,-0.55,0.14,0.9450247956791862,0.9450247956791862,0.4375
1,791,1.2624491066580719,0.7408073769091384,0.88,0.27,0.38244910665807186,0.38244910665807186,0.5714285714285714
1,802,1.768916463846843,0.7383024613314215,1.12,0.28,0.648916463846843,0.648916463846843,0.48484848484848486
1,804,1.8999906427681053,0.7180428781163658,0.54,0.2,1.3599906427681052,1.3599906427681052,0.5681818181818182
1,809,1.7135394362227636,0.6504042542692015,1.51,0.2,0.2035394362227636,0.2035394362227636,0.6444444444444445
1,812,1.4181945122421364,0.6663164873452555,1.76,0.24,-0.34180548775786357,0.34180548775786357,0.5862068965517241
1,814,1.496498549350143,0.59507807789026,1.95,0.15,-0.4535014506498569,0.4535014506498569,0.5
1,823,1.395198096573404,0.559843072922764,1.07,0.07,0.32519809657340404,0.32519809657340404,0.71875
1,826,1.820546831980378,0.677249006313026,2.06,0.22,-0.23945316801962213,0.23945316801962213,0.6744186046511628
1,828,1.4717245740301061,0.7253442022263844,-0.6,0.2,2.0717245740301062,2.0717245740301062,0.4444444444444444
1,838,1.294288477661417,0.7124158330562923,1.07,0.21,0.2242884776614169,0.2242884776614169,0.4838709677419355
1,841,1.4291646622690306,0.605714546217525,3.32,0.5,-1.8908353377309692,1.8908353377309692,0.5227272727272727
1,842,1.6722937241399443,0.7252464623531996,2.32,0.17,-0.6477062758600556,0.6477062758600556,0.6585365853658537
1,844,1.2237811486983925,0.6835762375261412,2.25,0.4,-1.0262188513016075,1.0262188513016075,0.6388888888888888
1,848,1.46346116883578,0.6972665005086328,1.23,0.28,0.23346116883577994,0.23346116883577994,0.5
1,850,1.2793346633386111,0.675189095768927,0.54,0.1,0.7393346633386111,0.7393346633386111,0.5806451612903226
1,855,0.8063014650920706,0.7242678357549991,-1.57,1.02,2.3763014650920704,2.3763014650920704,0.4444444444444444
1,0,1.3568427946814852,0.7579224055849246,2.51,0.12,-1.1531572053185146,1.1531572053185146,0.4222222222222222
1,11,1.3528520907748596,0.6273313568522539,1.61,0.17,-0.2571479092251405,0.2571479092251405,0.8888888888888888
1,13,0.9655762395592022,0.7288385635975584,1.79,0.24,-0.8244237604407978,0.8244237604407978,0.3333333333333333
1,14,1.4839941850642104,0.6175697137224087,2.07,0.11,-0.5860058149357894,0.5860058149357894,0.6888888888888889
1,29,0.2610506880340382,0.5416466969349739,0.2,0.2,0.06105068803403818,0.06105068803403818,0.65
1,31,1.6498668204290192,0.6816281646342223,1.72,0.24,-0.07013317957098075,0.07013317957098075,0.5490196078431373
1,35,1.5211469680695784,0.8090582078099231,2.28,0.13,-0.7588530319304214,0.7588530319304214,0.42105263157894735
1,40,1.782182629155903,0.6277356165654636,2.48,0.17,-0.6978173708440969,0.6978173708440969,0.8125
1,41,1.1763616299143442,0.6642432630392353,2.0,0.19,-0.8236383700856558,0.8236383700856558,0.5263157894736842
1,45,1.229438588087377,0.5600925670881505,1.14,0.11,0.08943858808737715,0.08943858808737715,0.6333333333333333
1,54,1.5311986752912035,0.6703022545403073,1.41,0.25,0.12119867529120354,0.12119867529120354,0.47058823529411764
1,57,1.7175274220978043,0.6704406823644845,1.89,0.13,-0.1724725779021956,0.1724725779021956,0.6792452830188679
1,61,0.41272593188961537,0.70854117042733,0.04,0.36,0.3727259318896154,0.3727259318896154,0.4864864864864865
1,62,1.4689184909508075,0.7739472314796322,1.33,0.13,0.13891849095080744,0.13891849095080744,0.7121212121212122
1,66,0.3940303190962492,0.6469169798809246,-1.9,0.94,2.294030319096249,2.294030319096249,0.45901639344262296
1,68,2.197717616192415,0.651981282822659,2.04,0.11,0.15771761619241476,0.15771761619241476,0.7297297297297297
1,74,1.4254626792283764,0.6435398765139184,0.31,0.2,1.1154626792283764,1.1154626792283764,0.8113207547169812
1,76,1.7814584359546988,0.6732665255026034,2.23,0.11,-0.4485415640453012,0.4485415640453012,0.6
1,82,1.1519748363978322,0.6986671496628737,1.31,0.15,-0.1580251636021679,0.1580251636021679,0.7894736842105263
1,88,0.8688011795216489,0.5659506483333779,0.7,0.34,0.16880117952164897,0.16880117952164897,0.5111111111111111
1,89,1.895565256297934,0.6488732285836597,1.77,0.16,0.1255652562979339,0.1255652562979339,0.8163265306122449
1,91,1.0317232216879,0.6468445445885787,2.34,0.2,-1.3082767783120999,1.3082767783120999,0.875
1,92,1.417208670289211,0.6979692737102144,1.99,0.18,-0.5727913297107889,0.5727913297107889,0.2391304347826087
1,95,1.2347278176678862,0.7463103901276243,2.34,0.55,-1.1052721823321137,1.1052721823321137,0.4375
1,103,1.2751284689081304,0.7118536745604791,0.8,0.16,0.4751284689081303,0.4751284689081303,0.42424242424242425
1,104,0.16996209817060537,0.6864464874716233,0.99,0.07,-0.8200379018293946,0.8200379018293946,0.5454545454545454
1,108,1.890322856492997,0.7580198864552532,1.54,0.14,0.350322856492997,0.350322856492997,0.8311688311688312
1,114,1.3260391908620348,0.7221364744108364,1.35,0.57,-0.023960809137965278,0.023960809137965278,0.525
1,116,1.4416858639471553,0.7132221795803589,1.15,0.18,0.29168586394715534,0.29168586394715534,0.6818181818181818
1,118,1.5393504845835042,0.6607168334123115,0.81,0.18,0.7293504845835042,0.7293504845835042,0.8
1,125,1.3529481138297255,0.6813769435581855,1.99,0.36,-0.6370518861702745,0.6370518861702745,0.5714285714285714
1,132,1.2244820682257909,0.5702716251035168,1.84,0.09,-0.6155179317742092,0.6155179317742092,0.8775510204081632
1,134,0.7718145945004617,0.6673299493680832,-1.17,0.44,1.9418145945004617,1.9418145945004617,0.5714285714285714
1,135,1.1940394466033322,0.5954376429921652,1.58,0.1,-0.3859605533966679,0.3859605533966679,0.7555555555555555
1,139,0.6906072125551028,0.6546363462496295,1.7,0.08,-1.0093927874448971,1.0093927874448971,0.6458333333333334
1,146,1.461188827885654,0.6748257200265729,1.2,0.35,0.261188827885654,0.261188827885654,0.8727272727272727
1,147,1.5814984787480306,0.667649817572689,0.96,0.11,0.6214984787480307,0.6214984787480307,0.6333333333333333
1,159,1.7415635156978375,0.4206620791300719,1.82,0.57,-0.07843648430216255,0.07843648430216255,0.9117647058823529
1,160,0.1007815629531037,0.7423262508904295,1.49,0.13,-1.3892184370468963,1.3892184370468963,0.4482758620689655
1,161,1.0651516404193884,0.6666265211895467,1.92,0.11,-0.8548483595806116,0.8548483595806116,0.4117647058823529
1,172,0.9693520909585907,0.613826677049288,1.39,0.13,-0.42064790904140925,0.42064790904140925,0.6666666666666666
1,173,1.474503914601211,0.6983517352284411,1.27,0.31,0.2045039146012111,0.2045039146012111,0.7073170731707317
1,184,0.7940920024842708,0.6362286677952316,0.8,0.28,-0.005907997515729235,0.005907997515729235,0.6764705882352942
1,204,1.0681220796785331,0.6153297457118216,1.5,0.11,-0.4318779203214669,0.4318779203214669,0.5945945945945946
1,207,1.077544641654009,0.6630913880314817,0.83,0.54,0.24754464165400913,0.24754464165400913,0.5476190476190477
1,214,1.902714341623521,0.6256788710683111,1.36,0.08,0.542714341623521,0.542714341623521,0.5
1,221,1.9444337100385167,0.5212607284256525,2.32,0.26,-0.3755662899614831,0.3755662899614831,0.8222222222222222
1,224,1.2097709975552224,0.7249876091643949,1.61,0.18,-0.40022900244477766,0.40022900244477766,0.3
1,226,1.1401698434536742,0.7786956101561944,1.13,0.16,0.010169843453674332,0.010169843453674332,0.29411764705882354
1,233,1.192716865687969,0.7240585221745063,0.41,0.15,0.782716865687969,0.782716865687969,0.4827586206896552
1,239,1.3281427773776036,0.6720624139062473,2.18,0.08,-0.8518572226223966,0.8518572226223966,0.5151515151515151
1,242,0.39783192437132775,0.6395064844585906,0.45,0.28,-0.05216807562867226,0.05216807562867226,0.5526315789473685
1,245,0.8369356074773737,0.651199777176669,0.42,0.23,0.41693560747737374,0.41693560747737374,0.4230769230769231
1,246,1.532549835572816,0.6533191211066925,-0.3,0.2,1.832549835572816,1.832549835572816,0.7096774193548387
1,247,0.2864272505445863,0.7113349900123968,1.21,0.34,-0.9235727494554137,0.9235727494554137,0.40540540540540543
1,262,0.9626155761307993,0.6064428755084545,-1.31,0.3,2.272615576130799,2.272615576130799,0.6727272727272727
1,268,1.386227291870884,0.7087937695133343,1.21,0.2,0.17622729187088404,0.17622729187088404,0.3888888888888889
1,273,0.7950582748432397,0.6097020634163348,0.6,0.18,0.19505827484323968,0.19505827484323968,0.696969696969697
1,274,1.7689786407827879,0.7414169502256963,1.57,0.29,0.19897864078278782,0.19897864078278782,0.6052631578947368
1,285,0.9389907601958837,0.7324293279016008,1.9,0.25,-0.9610092398041162,0.9610092398041162,0.525
1,291,1.283491271982654,0.7599040221781485,2.07,0.57,-0.786508728017346,0.786508728017346,0.48148148148148145
1,299,0.5177818486001995,0.6852697213330944,0.09,0.25,0.4277818486001995,0.4277818486001995,0.4782608695652174
1,305,0.7914176066464331,0.6809819805940246,0.67,0.15,0.12141760664643308,0.12141760664643308,0.7619047619047619
1,331,0.2883446794797542,0.7381015018534501,0.79,0.26,-0.5016553205202459,0.5016553205202459,0.5
1,339,1.5284042352024811,0.6435412962057586,2.48,0.14,-0.9515957647975188,0.9515957647975188,0.52
1,340,1.2521071382268927,0.6903332944440088,1.5,0.13,-0.24789286177310732,0.24789286177310732,0.6530612244897959
1,344,1.6276362489953424,0.7654678721100994,1.27,0.25,0.3576362489953424,0.3576362489953424,0.46296296296296297
1,345,1.6178863920616653,0.621308091942586,2.27,0.23,-0.6521136079383347,0.6521136079383347,0.7333333333333333
1,346,0.4620791758806766,0.6483414882949603,0.98,0.17,-0.5179208241193234,0.5179208241193234,0.52
1,350,0.6420702702065983,0.8577633096781503,-0.14,0.22,0.7820702702065984,0.7820702702065984,0.3829787234042553
1,355,1.3130995781414085,0.6952738175600519,-0.19,0.31,1.5030995781414085,1.5030995781414085,0.543859649122807
1,359,0.782820390294021,0.6216092715912945,0.8,0.23,-0.017179609705979093,0.017179609705979093,0.7241379310344828
1,363,1.8269135279810391,0.6664808725008169,2.23,0.1,-0.40308647201896086,0.40308647201896086,0.8372093023255814
1,368,0.8983561793548666,0.6192881463460252,0.56,0.22,0.3383561793548665,0.3383561793548665,0.5714285714285714
1,370,0.8108800141612063,0.6697866880207421,0.61,0.18,0.20088001416120627,0.20088001416120627,0.40425531914893614
1,371,1.2054288652277279,0.7559127776500727,3.33,0.45,-2.124571134772272,2.124571134772272,0.2
1,372,0.8853906557334634,0.6579260451081369,0.03,0.34,0.8553906557334634,0.8553906557334634,0.5789473684210527
1,385,1.8199196315244568,0.6878268721448514,1.82,0.61,-8.036847554326876e-05,8.036847554326876e-05,0.4489795918367347
1,388,0.5002893099029044,0.628261470024051,1.5,0.08,-0.9997106900970956,0.9997106900970956,0.39473684210526316
1,403,-0.21309169284974816,0.7175409810291928,-0.09,0.23,-0.12309169284974816,0.12309169284974816,0.3333333333333333
1,411,1.7319448907408659,0.7031534902975981,2.05,0.26,-0.31805510925913394,0.31805510925913394,0.8372093023255814
1,414,0.33984114841513857,0.5362538864679446,0.39,0.23,-0.05015885158486144,0.05015885158486144,0.55
1,430,0.728666406840705,0.6243759128904928,0.69,0.16,0.0386664068407051,0.0386664068407051,0.5272727272727272
1,433,0.8503289377600947,0.7388373903315296,-1.08,1.04,1.9303289377600947,1.9303289377600947,0.4117647058823529
1,434,1.5996798832694634,0.6858836527627191,0.52,0.3,1.0796798832694634,1.0796798832694634,0.6071428571428571
1,437,0.5682975452121436,0.7316126371965149,1.54,0.24,-0.9717024547878564,0.9717024547878564,0.3333333333333333
1,446,0.9484419358071685,0.653058806078977,1.35,0.26,-0.4015580641928316,0.4015580641928316,0.7435897435897436
1,449,1.6316635104391242,0.7735563531605893,1.19,0.14,0.4416635104391242,0.4416635104391242,0.2857142857142857
1,452,1.3342524836836185,0.7014640550311421,1.48,0.16,-0.1457475163163815,0.1457475163163815,0.24489795918367346
1,453,1.261085557656255,0.7009200139860781,1.95,0.13,-0.688914442343745,0.688914442343745,0.5849056603773585
1,457,1.951344940007902,0.5950680212718625,0.23,0.27,1.721344940007902,1.721344940007902,0.7096774193548387
1,463,0.6825473574203834,0.6718017470566208,1.1,0.15,-0.4174526425796167,0.4174526425796167,0.47058823529411764
1,464,1.1466707941527956,0.7309526801296853,2.06,0.38,-0.9133292058472045,0.9133292058472045,0.6851851851851852
1,473,1.3086750686268707,0.7250304899266308,1.0,0.23,0.30867506862687066,0.30867506862687066,0.3
1,474,2.355750274247516,0.6819752076754872,1.96,0.26,0.39575027424751585,0.39575027424751585,0.8524590163934426
1,479,2.1788987757873732,0.5957003339720381,2.34,0.06,-0.16110122421262663,0.16110122421262663,0.819672131147541
1,486,1.1804682998525753,0.6660858826631033,1.74,0.12,-0.5595317001474247,0.5595317001474247,0.5428571428571428
1,495,1.310106262704649,0.6816659244593802,1.12,0.26,0.1901062627046488,0.1901062627046488,0.6470588235294118
1,498,1.2191911465545555,0.6627832524375752,0.59,0.23,0.6291911465545555,0.6291911465545555,0.6086956521739131
1,506,1.2249811985808212,0.6801969280791591,1.48,0.13,-0.25501880141917876,0.25501880141917876,0.5925925925925926
1,511,1.290811172977722,0.6860387567513908,0.88,0.27,0.41081117297772207,0.41081117297772207,0.41935483870967744
1,512,1.3571382777698724,0.5913809653815697,1.6,0.1,-0.2428617222301277,0.2428617222301277,0.4838709677419355
1,523,1.3304610068074147,0.8476993351493901,0.79,0.33,0.5404610068074147,0.5404610068074147,0.6428571428571429
1,527,1.7628157100005744,0.7042724546939271,0.62,0.1,1.1428157100005745,1.1428157100005745,0.38
1,528,-0.015624776409251862,0.533764103835662,-0.06,0.12,0.044375223590748136,0.044375223590748136,1.0
1,538,0.4686280743548712,0.7374060367893227,1.02,0.12,-0.5513719256451288,0.5513719256451288,0.5882352941176471
1,541,1.875591821509191,0.6872821519105289,1.99,0.16,-0.11440817849080909,0.11440817849080909,0.6521739130434783
1,555,2.0193692256918947,0.4450582274409027,1.94,0.24,0.07936922569189475,0.07936922569189475,0.7755102040816326
1,558,1.4697895258500124,0.6870237496768824,1.7,0.14,-0.23021047414998752,0.23021047414998752,0.6785714285714286
1,563,0.6747169100193648,0.6646486543613915,1.01,0.59,-0.33528308998063516,0.33528308998063516,0.2682926829268293
1,565,0.42411416059018303,0.6398869098748841,-0.1,0.2,0.524114160590183,0.524114160590183,0.38461538461538464
1,571,1.222494143639089,0.648390386251205,2.1,0.09,-0.877505856360911,0.877505856360911,0.8490566037735849
1,573,1.0522627099506288,0.6862133526912012,1.6,0.12,-0.5477372900493713,0.5477372900493713,0.5932203389830508
1,574,1.2396267269125842,0.75321265247783,1.41,0.25,-0.17037327308741568,0.17037327308741568,0.42857142857142855
1,577,1.3742405618355142,0.6494836598506637,1.71,0.27,-0.3357594381644857,0.3357594381644857,0.6041666666666666
1,579,1.5664219178508252,0.4746772821598085,2.03,0.14,-0.4635780821491746,0.4635780821491746,0.7272727272727273
1,584,0.686790782840006,0.7073386795198798,-0.09,0.36,0.776790782840006,0.776790782840006,0.40625
1,593,1.5093193252301602,0.5891031210987061,1.37,0.16,0.1393193252301601,0.1393193252301601,0.6785714285714286
1,603,1.047741976527944,0.6664831069317255,0.97,0.21,0.07774197652794412,0.07774197652794412,0.6170212765957447
1,605,1.4749352358059804,0.7561316033428536,1.46,0.13,0.01493523580598044,0.01493523580598044,0.2962962962962963
1,607,1.202413574882314,0.6763020439054369,1.12,0.27,0.08241357488231382,0.08241357488231382,0.4838709677419355
1,612,1.266341003400272,0.6921621189860327,0.98,0.16,0.286341003400272,0.286341003400272,0.8833333333333333
1,618,0.4581979462593041,0.6965024023887141,-0.57,0.31,1.028197946259304,1.028197946259304,0.7692307692307693
1,622,0.29791801974971444,0.7705587646288494,1.64,0.16,-1.3420819802502855,1.3420819802502855,0.4482758620689655
1,625,1.6916470366267689,0.7548087757399818,1.64,0.35,0.05164703662676895,0.05164703662676895,0.375
1,632,0.7025094858590275,0.7065989635558619,0.72,0.55,-0.01749051414097247,0.01749051414097247,0.25
1,635,1.688862132974001,0.6718130273048945,2.02,0.32,-0.331137867025999,0.331137867025999,0.5918367346938775
1,637,1.3755565989537553,0.5644276791697347,1.01,0.2,0.36555659895375525,0.36555659895375525,0.45
1,638,1.5159309800944176,0.6872610838941823,-1.12,0.33,2.6359309800944177,2.6359309800944177,0.675
1,639,0.38906767568213685,0.6422274566999551,0.95,0.2,-0.5609323243178631,0.5609323243178631,0.3958333333333333
1,640,1.1150095376475049,0.6959492254184493,2.26,0.19,-1.144990462352495,1.144990462352495,0.6818181818181818
1,658,1.6211663801503398,0.6853330147020092,1.6,0.4,0.02116638015033967,0.02116638015033967,0.6041666666666666
1,659,1.6801873824531524,0.7745025515542546,1.87,0.22,-0.18981261754684775,0.18981261754684775,0.5714285714285714
1,664,1.1019807804852564,0.6209227327398916,2.87,0.24,-1.7680192195147437,1.7680192195147437,0.52
1,674,1.4247461480301364,0.6423172128540939,0.97,0.13,0.45474614803013647,0.45474614803013647,0.5581395348837209
1,675,1.3970786061311842,0.6521806400151204,1.9,0.29,-0.5029213938688157,0.5029213938688157,0.7222222222222222
1,676,1.9239541018745778,0.6016727144258543,2.38,0.24,-0.45604589812542207,0.45604589812542207,0.6666666666666666
1,683,1.5020281980121042,0.7135689077819499,0.25,0.28,1.2520281980121042,1.2520281980121042,0.5142857142857142
1,684,0.8041337193137712,0.6654285378052298,-0.5,0.24,1.3041337193137712,1.3041337193137712,0.7931034482758621
1,685,0.7933212562515666,0.6992962774528586,1.42,0.12,-0.6266787437484334,0.6266787437484334,0.3125
1,688,1.4414616809375844,0.6424155259316968,1.14,0.17,0.3014616809375845,0.3014616809375845,0.7857142857142857
1,692,1.42853144817169,0.6795192115520462,0.45,0.19,0.97853144817169,0.97853144817169,0.71875
1,701,1.697854030785921,0.7519058267087873,1.98,0.18,-0.2821459692140791,0.2821459692140791,0.6071428571428571
1,716,1.063418780705439,0.6431551630409066,1.18,0.29,-0.116581219294561,0.116581219294561,0.6666666666666666
1,723,1.3677150599186905,0.7294318846512273,1.77,0.34,-0.40228494008130955,0.40228494008130955,0.3829787234042553
1,724,2.0462436074036816,0.6817759486261612,2.18,0.1,-0.13375639259631855,0.13375639259631855,0.36764705882352944
1,727,1.791787630642284,0.7475105330071261,2.0,0.41,-0.20821236935771603,0.20821236935771603,0.5
1,744,1.7337498902185144,0.7410226404759926,2.05,0.25,-0.3162501097814854,0.3162501097814854,0.6274509803921569
1,755,1.3311472321699915,0.661626712382107,1.03,0.28,0.3011472321699915,0.3011472321699915,0.75
1,759,1.2709719490914453,0.6039370812198741,1.73,0.06,-0.4590280509085547,0.4590280509085547,0.7058823529411765
1,764,1.2025213889333275,0.6865354763566247,1.97,0.11,-0.7674786110666725,0.7674786110666725,0.8269230769230769
1,779,1.7506347013809016,0.7014935565884264,1.3,0.11,0.45063470138090156,0.45063470138090156,0.45161290322580644
1,785,0.8339608317461653,0.7485908493865058,0.9,0.05,-0.06603916825383471,0.06603916825383471,0.20833333333333334
1,789,1.3089263550101586,0.7509882875070513,0.11,0.2,1.1989263550101585,1.1989263550101585,0.34146341463414637
1,790,1.4618583422509017,0.7276103942727967,-1.41,0.9,2.871858342250902,2.871858342250902,0.6666666666666666
1,796,1.2292991113228016,0.6682707322747446,1.04,0.25,0.18929911132280153,0.18929911132280153,0.8085106382978723
1,798,0.906402640968218,0.5474795803753977,1.56,0.35,-0.6535973590317821,0.6535973590317821,0.7083333333333334
1,801,1.4933476327838826,0.5225428854214551,1.48,0.06,0.013347632783882624,0.013347632783882624,0.8367346938775511
1,803,1.0209494536072792,0.6890918558960222,0.55,0.19,0.47094945360727913,0.47094945360727913,0.7727272727272727
1,805,0.6040735356572667,0.7351284790095943,0.6,0.58,0.004073535657266758,0.004073535657266758,0.4666666666666667
1,810,1.0087634411155808,0.5865618775120266,2.43,0.57,-1.4212365588844194,1.4212365588844194,0.6530612244897959
1,815,1.4064790879932332,0.5727994487917522,1.35,0.11,0.05647908799323309,0.05647908799323309,0.7843137254901961
1,825,0.8823611559866351,0.7229666887098413,1.32,0.17,-0.43763884401336495,0.43763884401336495,0.14285714285714285
1,832,0.6689620483719951,0.6676132921512039,1.51,0.13,-0.8410379516280049,0.8410379516280049,0.6458333333333334
1,835,1.4296840647427747,0.5630255109360343,1.54,0.11,-0.11031593525722538,0.11031593525722538,0.8301886792452831
1,837,1.601871570368045,0.7091759724599296,1.92,0.3,-0.31812842963195487,0.31812842963195487,0.39473684210526316
1,839,0.6084415080827273,0.7461597416300707,-0.37,0.28,0.9784415080827273,0.9784415080827273,0.20689655172413793
1,849,0.4478143946190116,0.7652014872783733,0.68,0.13,-0.23218560538098842,0.23218560538098842,0.6666666666666666
1,851,1.4878405159575598,0.6833220890387145,2.0,0.11,-0.5121594840424402,0.5121594840424402,0.7073170731707317
1,854,1.937445767104382,0.6199320963343349,3.78,1.1,-1.8425542328956177,1.8425542328956177,0.425531914893617
1,857,1.7108690913892688,0.6842733857022032,2.13,0.15,-0.4191309086107311,0.4191309086107311,0.7708333333333334
1,858,0.9245477694144032,0.6467951304203212,-0.44,0.17,1.3645477694144033,1.3645477694144033,0.6307692307692307
1,861,1.3994606748909346,0.6509066964956742,1.08,0.19,0.31946067489093455,0.31946067489093455,0.71875
1,2,1.857643717852306,0.5917786167878755,1.59,0.21,0.2676437178523059,0.2676437178523059,0.7435897435897436
1,4,1.2638856970963321,0.6642848287768941,0.92,0.13,0.3438856970963321,0.3438856970963321,0.4634146341463415
1,5,2.093979166408879,0.6275965540580247,2.37,0.12,-0.27602083359112095,0.27602083359112095,0.7547169811320755
1,6,1.419867647227833,0.7028707665847223,0.88,0.1,0.5398676472278331,0.5398676472278331,0.4794520547945205
1,9,1.6973769118565207,0.6919421837789789,2.31,0.09,-0.6126230881434793,0.6126230881434793,0.5862068965517241
1,12,1.61109265251669,0.5575526691230536,1.79,0.26,-0.17890734748331005,0.17890734748331005,0.8725490196078431
1,18,1.5660679331765763,0.5653453751592497,1.46,0.12,0.10606793317657637,0.10606793317657637,0.8076923076923077
1,27,0.8690337006599458,0.7302373761240823,0.84,0.18,0.029033700659945816,0.029033700659945816,0.375
1,30,0.4790621172043321,0.6395546276061849,0.52,0.18,-0.0409378827956679,0.0409378827956679,0.4634146341463415
1,33,1.3836159607371783,0.6354149219676581,1.59,0.15,-0.20638403926282178,0.20638403926282178,0.26666666666666666
1,38,1.5400902085617252,0.6309047557407724,2.12,0.21,-0.5799097914382749,0.5799097914382749,0.5833333333333334
1,39,0.5313090347910893,0.6685791058808764,-0.27,0.37,0.8013090347910893,0.8013090347910893,0.7368421052631579
1,42,1.7923224736703653,0.6258345459261797,2.79,0.56,-0.9976775263296347,0.9976775263296347,0.8421052631578947
1,46,0.9705470607665112,0.6365332345663597,0.7,0.14,0.27054706076651125,0.27054706076651125,0.782608695652174
1,52,1.775970404867197,0.6771611052927246,2.26,0.37,-0.48402959513280286,0.48402959513280286,0.6
1,58,1.10894704536533,0.6605416222087951,3.23,0.35,-2.1210529546346697,2.1210529546346697,0.4473684210526316
1,67,0.9333377471093443,0.6974529855424435,-0.1,0.6,1.0333377471093443,1.0333377471093443,0.5
1,78,1.7126508004451653,0.5645673690748265,1.3,0.15,0.4126508004451652,0.4126508004451652,0.8738738738738738
1,80,0.28459658198270854,0.6939549264634638,0.68,0.06,-0.3954034180172915,0.3954034180172915,0.5
1,97,1.0173033512887606,0.6072219865949464,1.81,0.07,-0.7926966487112395,0.7926966487112395,0.75
1,98,0.5377715840809385,0.757194464409923,-0.39,0.25,0.9277715840809385,0.9277715840809385,0.3333333333333333
1,99,1.4880161858128889,0.6069021569515697,1.5,0.27,-0.011983814187111141,0.011983814187111141,0.6530612244897959
1,102,0.8560392506576924,0.5905345129867338,1.55,0.13,-0.6939607493423077,0.6939607493423077,0.5333333333333333
1,110,1.3069158673044108,0.6718908088702946,1.32,0.06,-0.013084132695589279,0.013084132695589279,0.4594594594594595
1,122,1.3629727432937306,0.7690608588513201,1.96,0.27,-0.5970272567062693,0.5970272567062693,0.6521739130434783
1,124,1.6012542997940427,0.6494236244252691,1.72,0.13,-0.11874570020595732,0.11874570020595732,0.8928571428571429
1,128,1.044602503992401,0.5898428898455347,1.28,0.22,-0.23539749600759907,0.23539749600759907,0.6181818181818182
1,133,1.4824782758436208,0.60710194899326,-0.62,0.2,2.102478275843621,2.102478275843621,0.75
1,142,1.282765192568362,0.6882627589542366,0.24,0.24,1.042765192568362,1.042765192568362,0.6086956521739131
1,153,1.4076048005614799,0.6719464001383721,0.2,0.28,1.20760480056148,1.20760480056148,0.24444444444444444
1,156,1.4264004375513595,0.6941041175713086,1.34,0.26,0.0864004375513594,0.0864004375513594,0.7222222222222222
1,157,0.7749230037030269,0.6888951499729173,-1.36,0.93,2.134923003703027,2.134923003703027,0.45161290322580644
1,162,1.3270804729379058,0.6602639075063358,0.7,0.13,0.6270804729379058,0.6270804729379058,0.5172413793103449
1,165,1.2895160338122655,0.6458899221090524,2.16,0.14,-0.8704839661877346,0.8704839661877346,0.725
1,168,0.8434203123328007,0.6806803501513045,-0.53,0.15,1.3734203123328008,1.3734203123328008,0.6428571428571429
1,177,1.7134454608354857,0.7365462941904543,2.02,0.11,-0.30655453916451436,0.30655453916451436,0.6785714285714286
1,179,2.077181085535699,0.6999011143811412,2.87,0.1,-0.7928189144643012,0.7928189144643012,0.5471698113207547
1,186,0.5890320341981043,0.6658400437956875,0.37,0.33,0.21903203419810435,0.21903203419810435,0.46153846153846156
1,191,1.7889493924062614,0.701515254558711,2.59,0.11,-0.8010506075937385,0.8010506075937385,0.5740740740740741
1,192,0.9193357467708435,0.6213118239706632,1.7,0.24,-0.7806642532291564,0.7806642532291564,0.34285714285714286
1,197,0.5440742494933217,0.7422671049226025,0.28,0.59,0.2640742494933217,0.2640742494933217,0.4857142857142857
1,200,1.3627437148359043,0.6589148311594443,2.08,0.35,-0.7172562851640958,0.7172562851640958,0.5531914893617021
1,203,0.5808371415075502,0.6874181726833086,1.29,0.11,-0.7091628584924499,0.7091628584924499,0.6774193548387096
1,217,0.8127960598760862,0.6871269971514709,1.35,0.25,-0.5372039401239139,0.5372039401239139,0.6153846153846154
1,220,1.5708754609993145,0.6860762237534211,1.62,0.11,-0.049124539000685585,0.049124539000685585,0.2602739726027397
1,225,0.7184493375178446,0.6496825015812492,1.25,0.22,-0.5315506624821554,0.5315506624821554,0.7241379310344828
1,227,1.209073979990684,0.6695151897298032,0.5,0.14,0.709073979990684,0.709073979990684,0.8604651162790697
1,232,0.7650316349111677,0.5553862129161133,0.81,0.25,-0.044968365088832396,0.044968365088832396,0.6041666666666666
1,236,1.7924848827422817,0.5284158545590594,1.88,0.23,-0.08751511725771821,0.08751511725771821,0.8369565217391305
1,237,0.6730260906823575,0.6426250247048437,1.5,0.32,-0.8269739093176425,0.8269739093176425,0.6333333333333333
1,250,1.0133329057732645,0.7811457410515747,0.89,0.2,0.1233329057732645,0.1233329057732645,0.37037037037037035
1,259,0.505867779250498,0.6061973983126788,-1.49,0.9,1.995867779250498,1.995867779250498,0.5869565217391305
1,260,0.7238121563151896,0.6444054444458149,0.36,0.38,0.3638121563151896,0.3638121563151896,0.6307692307692307
1,261,0.7631493892462928,0.6044421687638611,0.85,0.35,-0.08685061075370715,0.08685061075370715,0.7931034482758621
1,267,0.9677984319615667,0.6467758090586045,1.0,0.08,-0.032201568038433326,0.032201568038433326,0.6491228070175439
1,272,1.9333414780760765,0.7423628149157256,1.86,0.16,0.07334147807607638,0.07334147807607638,0.32142857142857145
1,280,1.3708520333065115,0.6680889452919748,-1.04,0.26,2.4108520333065115,2.4108520333065115,0.8148148148148148
1,283,1.1695123223805706,0.6540384345756092,1.25,0.3,-0.08048767761942943,0.08048767761942943,0.5454545454545454
1,284,1.320928264617988,0.6796192108367572,0.65,0.27,0.670928264617988,0.670928264617988,0.6764705882352942
1,292,1.2075520190550175,0.695260149551399,1.15,0.11,0.05755201905501761,0.05755201905501761,0.3333333333333333
1,293,1.3853262373947435,0.6422432841576686,0.95,0.12,0.4353262373947435,0.4353262373947435,0.8604651162790697
1,304,0.38835034641507815,0.6795472558535972,1.31,0.32,-0.9216496535849219,0.9216496535849219,0.41379310344827586
1,306,1.419344892823702,0.6675231757181442,1.0,0.17,0.419344892823702,0.419344892823702,0.5263157894736842
1,310,1.10478170458292,0.7136509702231809,0.27,0.15,0.83478170458292,0.83478170458292,0.6222222222222222
1,312,1.2424942580817235,0.7267321765295877,2.24,0.13,-0.9975057419182767,0.9975057419182767,0.37142857142857144
1,323,0.3878706890308198,0.6397828182624069,-0.78,0.28,1.1678706890308197,1.1678706890308197,0.46153846153846156
1,333,1.364146089648343,0.68966751473025,2.27,0.14,-0.905853910351657,0.905853910351657,0.5
1,334,0.9211842723827028,0.65843142806588,1.82,0.27,-0.8988157276172972,0.8988157276172972,0.7021276595744681
1,335,2.082341988495113,0.7080845371064519,2.06,0.33,0.02234198849511282,0.02234198849511282,0.5882352941176471
1,343,0.458490694760058,0.6935982815002298,-0.31,0.23,0.768490694760058,0.768490694760058,0.7692307692307693
1,347,1.430337824347386,0.6778569915492269,1.09,0.29,0.340337824347386,0.340337824347386,0.8333333333333334
1,352,2.1948574401590664,0.6876489600969878,1.29,0.27,0.9048574401590663,0.9048574401590663,0.7708333333333334
1,358,0.8016998915110203,0.6281859528364712,0.09,0.2,0.7116998915110203,0.7116998915110203,0.4107142857142857
1,360,0.575645524635588,0.649498572302844,0.14,0.18,0.43564552463558803,0.43564552463558803,0.4032258064516129
1,373,1.8342983217954334,0.8136788059982374,2.36,0.16,-0.5257016782045665,0.5257016782045665,0.3
1,374,1.6457718996466477,0.6322311970385502,1.18,0.04,0.4657718996466478,0.4657718996466478,0.717391304347826
1,375,1.1506378816807978,0.6905501887267643,2.62,0.16,-1.4693621183192023,1.4693621183192023,0.6097560975609756
1,377,1.8078831375683486,0.4594476052418114,2.25,0.17,-0.4421168624316514,0.4421168624316514,0.7755102040816326
1,378,1.2565267828863602,0.5981912631535403,2.44,0.12,-1.1834732171136397,1.1834732171136397,0.8076923076923077
1,379,1.0345072811917184,0.6694701695176025,1.44,0.18,-0.4054927188082815,0.4054927188082815,0.8
1,383,1.3863049655254875,0.6276392424157803,1.63,0.16,-0.24369503447451235,0.24369503447451235,0.8928571428571429
1,389,0.8894320329813049,0.6535561178815944,1.15,0.18,-0.260567967018695,0.260567967018695,0.7045454545454546
1,394,0.6319689626685058,0.70014534570166,-0.91,0.12,1.5419689626685058,1.5419689626685058,0.5882352941176471
1,395,1.0648177837593864,0.71526373787604,1.7,0.19,-0.6351822162406136,0.6351822162406136,0.4146341463414634
1,396,1.6642175025479198,0.7185790023637343,1.53,0.25,0.13421750254791975,0.13421750254791975,0.6078431372549019
1,399,2.0281701680263606,0.6594168481531876,2.28,0.09,-0.2518298319736392,0.2518298319736392,0.48484848484848486
1,400,1.0543087582400774,0.6255577792882753,0.12,0.22,0.9343087582400774,0.9343087582400774,0.5294117647058824
1,402,1.4442428056796173,0.6713948055421127,1.51,0.14,-0.06575719432038274,0.06575719432038274,0.8412698412698413
1,404,1.4323658322156274,0.6020998708217368,1.3,0.12,0.13236583221562737,0.13236583221562737,0.8333333333333334
1,415,1.3259118811526447,0.6918166447159679,1.0,0.09,0.3259118811526447,0.3259118811526447,0.75
1,419,1.1769681601962803,0.6181457951571747,0.39,0.18,0.7869681601962802,0.7869681601962802,0.5531914893617021
1,422,1.3666395905524313,0.6649719903057228,1.75,0.16,-0.38336040944756866,0.38336040944756866,0.5111111111111111
1,429,2.0204117023094517,0.6703564370087942,1.89,0.19,0.13041170230945176,0.13041170230945176,0.6774193548387096
1,432,1.706400798659422,0.6466546998127626,1.36,0.14,0.34640079865942197,0.34640079865942197,0.5588235294117647
1,436,1.9076587846754447,0.7028605760194095,2.75,0.14,-0.8423412153245553,0.8423412153245553,0.48484848484848486
1,442,1.9187437879153604,0.6266878406333001,2.16,0.3,-0.24125621208463977,0.24125621208463977,0.6666666666666666
1,445,1.891202010383211,0.6502188168654699,0.84,0.25,1.0512020103832111,1.0512020103832111,0.7346938775510204
1,448,1.1826405805505698,0.7234393597371491,0.09,0.24,1.0926405805505697,1.0926405805505697,0.47058823529411764
1,455,1.65526698708072,0.6480037522481332,0.67,0.16,0.9852669870807199,0.9852669870807199,0.6530612244897959
1,459,1.7138070537404384,0.6589780637096023,2.77,0.24,-1.0561929462595616,1.0561929462595616,0.6774193548387096
1,467,0.7273055772915655,0.5690301953656138,-0.35,0.1,1.0773055772915656,1.0773055772915656,0.7647058823529411
1,480,0.37837494876785616,0.7133430609488612,0.74,0.24,-0.36162505123214383,0.36162505123214383,0.2608695652173913
1,483,2.1342851645411973,0.6319429164565008,1.58,0.13,0.5542851645411973,0.5542851645411973,0.8064516129032258
1,487,1.872321194027891,0.6741616065696293,2.12,0.19,-0.24767880597210912,0.24767880597210912,0.5882352941176471
1,488,1.8377488080127127,0.21207328166303224,1.5,0.24,0.3377488080127127,0.3377488080127127,0.6727272727272727
1,494,1.1473257732907267,0.6429676164127668,2.48,0.37,-1.3326742267092733,1.3326742267092733,0.6486486486486487
1,501,0.9161538153183981,0.7322092255318765,1.3,0.3,-0.3838461846816019,0.3838461846816019,0.4594594594594595
1,510,0.7853270700779609,0.6542836844241909,0.27,0.22,0.5153270700779609,0.5153270700779609,0.5833333333333334
1,516,0.9262331216932731,0.6220059068074048,2.07,0.14,-1.1437668783067267,1.1437668783067267,0.7906976744186046
1,521,1.042399730485972,0.6377227769130731,0.43,0.13,0.6123997304859721,0.6123997304859721,0.5
1,522,0.9626267534472464,0.6431369281037137,1.3,0.16,-0.3373732465527537,0.3373732465527537,0.5
1,525,1.552721651654683,0.6523896570908647,1.03,0.14,0.5227216516546829,0.5227216516546829,0.6428571428571429
1,529,2.3092450001707783,0.5086900670534577,2.39,0.14,-0.08075499982922185,0.08075499982922185,0.6140350877192983
1,530,2.6992318305637357,0.6104467252068284,2.55,0.25,0.1492318305637359,0.1492318305637359,0.8524590163934426
1,531,1.2945475718517916,0.6188036888040014,1.31,0.32,-0.015452428148208464,0.015452428148208464,0.7272727272727273
1,537,1.587809707612692,0.6734027583481534,1.41,0.36,0.1778097076126921,0.1778097076126921,0.8928571428571429
1,540,1.3369990826120237,0.7731490762101768,1.44,0.13,-0.10300091738797623,0.10300091738797623,0.5932203389830508
1,546,1.656007096747713,0.6991028679991694,1.62,0.16,0.03600709674771285,0.03600709674771285,0.8947368421052632
1,549,0.8029473226848767,0.6883900264507108,0.5,0.22,0.3029473226848767,0.3029473226848767,0.5714285714285714
1,552,1.7630369308098421,0.5847359911951092,1.32,0.29,0.4430369308098421,0.4430369308098421,0.8333333333333334
1,554,0.6432033715788388,0.6804491906170819,1.76,0.23,-1.1167966284211612,1.1167966284211612,0.4
1,576,1.4605122499131042,0.6759845753384424,1.71,0.24,-0.24948775008689572,0.24948775008689572,0.5142857142857142
1,581,1.284963063683094,0.6055191266647179,0.73,0.15,0.554963063683094,0.554963063683094,0.5172413793103449
1,590,0.46321382704619884,0.6278460066705738,-0.2,0.35,0.6632138270461989,0.6632138270461989,0.7368421052631579
1,592,1.2136089745508138,0.5963984050224088,1.13,0.23,0.08360897455081395,0.08360897455081395,0.6666666666666666
1,597,1.8097399524336604,0.7370148137448416,1.78,0.1,0.029739952433660344,0.029739952433660344,0.6071428571428571
1,601,1.23841460395391,1.009633776679336,1.95,0.45,-0.7115853960460901,0.7115853960460901,0.574468085106383
1,610,1.1455070611508207,0.6592881440523238,2.06,0.22,-0.9144929388491794,0.9144929388491794,0.7941176470588235
1,619,0.6778918328223699,0.7352810848279467,0.72,0.26,-0.04210816717763011,0.04210816717763011,0.2692307692307692
1,624,1.6331755582222867,0.7167455204519202,1.34,0.18,0.2931755582222866,0.2931755582222866,0.6724137931034483
1,631,1.4246061000831105,0.6509240095863471,2.37,0.14,-0.9453938999168896,0.9453938999168896,0.4186046511627907
1,644,1.0098135389103935,0.623990209053278,1.02,0.23,-0.010186461089606524,0.010186461089606524,0.45
1,647,1.868278209709398,0.6544970852821519,1.78,0.06,0.08827820970939793,0.08827820970939793,0.6
1,649,2.0343565901393412,0.729856250444588,4.37,0.95,-2.335643409860659,2.335643409860659,0.6274509803921569
1,650,1.6775975265914358,0.6489901170958091,1.4,0.09,0.2775975265914359,0.2775975265914359,0.8269230769230769
1,651,0.6843401691151092,0.7544464605238194,-0.02,0.22,0.7043401691151092,0.7043401691151092,0.19047619047619047
1,652,0.9301208673313086,0.7254163474489488,1.69,0.11,-0.7598791326686913,0.7598791326686913,0.30952380952380953
1,661,1.2770382080932081,0.6831972340151629,-0.74,0.19,2.017038208093208,2.017038208093208,0.5641025641025641
1,663,1.935743923210568,0.6579938566210464,2.17,0.14,-0.23425607678943194,0.23425607678943194,0.6153846153846154
1,671,0.9739450208410165,0.6607219612887727,1.01,0.21,-0.03605497915898348,0.03605497915898348,0.7948717948717948
1,679,1.0601006032233216,0.7128380378296779,1.21,0.17,-0.1498993967766784,0.1498993967766784,0.4
1,680,1.4440678099437643,0.6789493145566825,1.94,0.12,-0.4959321900562357,0.4959321900562357,0.6326530612244898
1,681,1.5671672649687922,0.6405099408850026,0.9,0.1,0.6671672649687922,0.6671672649687922,0.8205128205128205
1,682,1.1057562537755008,0.6859606620365374,0.34,0.26,0.7657562537755007,0.7657562537755007,0.6938775510204082
1,689,0.4569709752036286,0.7117094503724742,0.5,0.16,-0.043029024796371385,0.043029024796371385,0.36585365853658536
1,696,2.2275616132956553,0.6291148420922632,2.84,0.14,-0.6124383867043446,0.6124383867043446,0.6774193548387096
1,698,1.2354946055113103,0.6813575459810784,-0.5,0.13,1.7354946055113103,1.7354946055113103,0.7894736842105263
1,703,0.8146282578154147,0.7014866481687432,-0.7,0.41,1.5146282578154147,1.5146282578154147,0.7058823529411765
1,709,1.2116826784885844,0.6908141495623831,1.18,0.11,0.031682678488584415,0.031682678488584415,0.59375
1,711,1.3718174315076999,0.6162687585026285,1.9,0.24,-0.5281825684923,0.5281825684923,0.631578947368421
1,717,1.8903458641244741,0.7155544287210488,1.21,0.13,0.6803458641244742,0.6803458641244742,0.5
1,720,1.5277721847889905,0.7411651152254727,1.25,0.16,0.27777218478899046,0.27777218478899046,0.4
1,725,0.7880769049834631,0.7911268196465872,-0.05,0.17,0.8380769049834631,0.8380769049834631,0.5161290322580645
1,729,0.7036203459898632,0.7693464111778722,0.45,0.19,0.2536203459898632,0.2536203459898632,0.5909090909090909
1,732,1.0488976550727873,0.6235587081052067,1.94,0.06,-0.8911023449272126,0.8911023449272126,0.7843137254901961
1,734,1.3350193510863295,0.6730118892056455,1.24,0.09,0.09501935108632953,0.09501935108632953,0.8571428571428571
1,742,0.39039954978270186,0.648052292436622,-2.29,0.79,2.680399549782702,2.680399549782702,0.6444444444444445
1,756,0.499014085643252,0.700405742016408,0.95,0.23,-0.45098591435674795,0.45098591435674795,0.625
1,760,1.0835575294483808,0.7186020435010887,1.81,0.08,-0.7264424705516193,0.7264424705516193,0.35185185185185186
1,770,1.7660557461088389,0.7321127933777117,1.73,0.42,0.03605574610883888,0.03605574610883888,0.4107142857142857
1,782,1.9662737700893058,0.6694934501258845,1.23,0.28,0.7362737700893058,0.7362737700893058,0.7708333333333334
1,783,0.8631210015818952,0.6172629160288049,0.7,0.18,0.16312100158189524,0.16312100158189524,0.5588235294117647
1,784,1.0349091230159144,0.7224499579150536,0.0,0.24,1.0349091230159144,1.0349091230159144,0.532258064516129
1,793,1.5554654833602644,0.6415056340719357,1.91,0.21,-0.35453451663973556,0.35453451663973556,0.4883720930232558
1,794,1.2585211707494364,0.6572171420309297,1.92,0.22,-0.6614788292505636,0.6614788292505636,0.7727272727272727
1,817,1.331476219491096,0.5428515262195457,1.89,0.08,-0.5585237805089038,0.5585237805089038,0.6808510638297872
1,818,1.5010507740898886,0.5806936252633997,1.36,0.12,0.14105077408988853,0.14105077408988853,0.5
1,820,1.6644660723724782,0.6755501789114634,2.08,0.16,-0.41553392762752184,0.41553392762752184,0.75
1,821,1.1162949896103636,0.668210595330392,0.84,0.28,0.2762949896103636,0.2762949896103636,0.71875
1,824,1.574326283719482,0.6405925934883105,1.22,0.25,0.35432628371948205,0.35432628371948205,0.6181818181818182
1,830,0.11599794223752058,0.7235523599526337,0.44,0.2,-0.3240020577624794,0.3240020577624794,0.3684210526315789
1,831,1.9743141709411298,0.4435988456188663,1.89,0.29,0.08431417094112992,0.08431417094112992,0.7608695652173914
1,846,1.488196716759666,0.6594874989702576,0.89,0.57,0.5981967167596659,0.5981967167596659,0.5714285714285714
1,1,1.0957821001761738,0.7221731965782728,1.32,0.14,-0.22421789982382623,0.22421789982382623,0.5454545454545454
1,21,0.5661142421452016,0.6153225312056052,-2.1,0.84,2.6661142421452015,2.6661142421452015,0.5454545454545454
1,24,1.5078029768317172,0.6359514870045652,1.86,0.19,-0.35219702316828294,0.35219702316828294,0.7567567567567568
1,28,1.1341219247101382,0.6645968261521613,1.01,0.24,0.12412192471013817,0.12412192471013817,0.8888888888888888
1,32,0.43964032520113794,0.6376613706855759,-0.33,0.14,0.7696403252011379,0.7696403252011379,0.7647058823529411
1,36,1.5207020638487803,0.6740255455404874,1.14,0.26,0.38070206384878036,0.38070206384878036,0.7906976744186046
1,44,1.0079817714797594,0.6737525214366321,-0.21,0.17,1.2179817714797594,1.2179817714797594,0.4897959183673469
1,48,1.4140572232044706,0.6228267701804909,2.75,0.3,-1.3359427767955294,1.3359427767955294,0.7954545454545454
1,51,2.0672747495428783,0.466803974842473,2.37,0.36,-0.30272525045712184,0.30272525045712184,0.6617647058823529
1,53,0.7281623801842906,0.7368668901389626,0.9,0.08,-0.17183761981570944,0.17183761981570944,0.34210526315789475
1,55,1.3728081191061465,0.7537660494425577,0.28,0.21,1.0928081191061465,1.0928081191061465,0.5
1,63,1.960873481337722,0.6538015086272524,1.35,0.13,0.6108734813377219,0.6108734813377219,0.6190476190476191
1,70,1.196434688533639,0.7167877415676797,1.52,0.21,-0.323565311466361,0.323565311466361,0.8947368421052632
1,79,1.0856401583794117,0.7326222978512464,0.3,0.15,0.7856401583794117,0.7856401583794117,0.2982456140350877
1,83,1.4164927450577787,0.7679913301611155,2.51,0.15,-1.0935072549422211,1.0935072549422211,0.3888888888888889
1,93,1.1797557265916696,0.7001803753059626,1.97,0.24,-0.7902442734083304,0.7902442734083304,0.7567567567567568
1,100,0.9534185260032986,0.6832694309375189,1.13,0.1,-0.17658147399670132,0.17658147399670132,0.6101694915254238
1,105,1.673031374548125,0.6385931642899553,1.17,0.35,0.503031374548125,0.503031374548125,0.6216216216216216
1,109,0.2900323582975092,0.6647270455948373,-0.24,0.2,0.5300323582975092,0.5300323582975092,0.8085106382978723
1,112,1.8122251556868876,0.6853089354903951,1.6,0.21,0.2122251556868875,0.2122251556868875,0.6666666666666666
1,113,1.6352917667027775,0.6910752389702813,1.2,0.1,0.4352917667027776,0.4352917667027776,0.4666666666666667
1,115,0.887945887246405,0.6379983720546554,1.0,0.11,-0.112054112753595,0.112054112753595,0.6491228070175439
1,123,1.477273577259695,0.6827370008020852,0.79,0.17,0.687273577259695,0.687273577259695,0.8571428571428571
1,127,1.2898299715963404,0.6158019365625342,-0.11,0.2,1.3998299715963405,1.3998299715963405,0.6458333333333334
1,131,1.9732266915129153,0.729466789452902,0.71,0.23,1.2632266915129153,1.2632266915129153,0.6851851851851852
1,136,1.7001588143135873,0.694246012301424,1.32,0.25,0.3801588143135872,0.3801588143135872,0.6388888888888888
1,137,1.246267419607246,0.6046661875496089,1.59,0.18,-0.343732580392754,0.343732580392754,0.6296296296296297
1,138,0.6192177907970332,0.6520945023192837,0.43,0.75,0.18921779079703321,0.18921779079703321,0.3939393939393939
1,143,1.5466789242450063,0.7002556202602472,1.67,0.35,-0.12332107575499363,0.12332107575499363,0.4489795918367347
1,145,1.2223854101493585,0.6209757793169298,2.52,0.11,-1.2976145898506415,1.2976145898506415,0.6410256410256411
1,150,1.1215089382827093,0.6390055625821147,1.5,0.19,-0.37849106171729074,0.37849106171729074,0.8205128205128205
1,158,1.6413915130044863,0.6607234861586098,1.99,0.1,-0.3486084869955137,0.3486084869955137,0.6666666666666666
1,163,1.196923506662231,0.5439464692228207,1.3,0.25,-0.10307649333776903,0.10307649333776903,0.6041666666666666
1,164,0.44054147424576573,0.7209430719544623,1.36,0.22,-0.9194585257542344,0.9194585257542344,0.2903225806451613
1,167,0.8731252177646038,0.7225669929031919,1.46,0.16,-0.5868747822353961,0.5868747822353961,0.5277777777777778
1,169,0.7675796025699544,0.5270793209890017,0.88,0.2,-0.11242039743004562,0.11242039743004562,0.5483870967741935
1,171,1.6386754497648024,0.5688758964107826,1.41,0.18,0.22867544976480247,0.22867544976480247,0.6666666666666666
1,174,1.4702181403773666,0.7268643529092335,2.01,0.12,-0.5397818596226331,0.5397818596226331,0.6274509803921569
1,182,1.4024949982784558,0.7010120284821799,0.27,1.28,1.1324949982784558,1.1324949982784558,0.32608695652173914
1,188,0.9276793880635963,0.7894355674381623,1.45,0.1,-0.5223206119364037,0.5223206119364037,0.18181818181818182
1,199,1.077647436533999,0.7074972412174777,1.57,0.23,-0.4923525634660011,0.4923525634660011,0.27906976744186046
1,206,1.2660244503355533,0.5659164479425286,2.16,0.25,-0.8939755496644468,0.8939755496644468,0.78
1,208,1.2224088646829643,0.7530043893242715,1.24,0.26,-0.01759113531703571,0.01759113531703571,0.2916666666666667
1,211,1.1550045429143831,0.6219835107951494,1.45,0.1,-0.2949954570856168,0.2949954570856168,0.6538461538461539
1,212,0.5818593201588881,0.6963676817576661,-0.11,0.19,0.6918593201588881,0.6918593201588881,0.4857142857142857
1,213,0.2979425395848242,0.6802208433957349,-1.03,1.06,1.327942539584824,1.327942539584824,0.5333333333333333
1,219,0.15424377065659467,0.7063191612237277,-0.5,0.21,0.6542437706565947,0.6542437706565947,0.8
1,222,0.87142101614746,0.7465495753338511,1.73,0.15,-0.85857898385254,0.85857898385254,0.28125
1,229,0.5930339880674187,0.7838321661603797,-0.93,0.43,1.5230339880674189,1.5230339880674189,0.22857142857142856
1,230,0.47726071319196317,0.7564983964266981,-0.63,0.2,1.1072607131919632,1.1072607131919632,0.5
1,234,1.5352651852998382,0.660547289689948,2.28,0.17,-0.7447348147001616,0.7447348147001616,0.45
1,240,1.433394440145083,0.7266893310000302,1.58,0.17,-0.14660555985491697,0.14660555985491697,0.7857142857142857
1,249,1.1062096181799066,0.6017098999095065,0.76,0.25,0.3462096181799066,0.3462096181799066,0.6410256410256411
1,251,1.1407651206537102,0.6132490232121681,1.39,0.11,-0.24923487934628974,0.24923487934628974,0.6153846153846154
1,256,1.6782005522224852,0.6997597232482182,2.33,0.41,-0.6517994477775149,0.6517994477775149,0.5862068965517241
1,270,1.9599935620622468,0.7392323277672059,1.99,0.57,-0.03000643793775315,0.03000643793775315,0.803921568627451
1,271,1.2809335380627531,0.6577567944957985,1.29,0.1,-0.009066461937246917,0.009066461937246917,0.8148148148148148
1,275,0.5846450596044881,0.7160430363602147,0.08,0.17,0.5046450596044881,0.5046450596044881,0.6666666666666666
1,287,0.6502229699716965,0.7285041341161327,0.5,0.36,0.15022296997169649,0.15022296997169649,0.5909090909090909
1,290,1.5719227220169572,0.6606918840027522,1.57,0.18,0.0019227220169570902,0.0019227220169570902,0.7708333333333334
1,295,0.9482749580318839,0.6708730077957014,1.44,0.21,-0.49172504196811606,0.49172504196811606,0.5333333333333333
1,296,1.4689183043605747,0.6548632608902475,0.87,0.25,0.5989183043605747,0.5989183043605747,0.6153846153846154
1,300,0.8787042117600583,0.7097567989778298,0.51,0.37,0.3687042117600583,0.3687042117600583,0.5121951219512195
1,303,1.4135085852763565,0.5496704555833818,-0.47,0.25,1.8835085852763565,1.8835085852763565,0.7272727272727273
1,308,1.5935745882298704,0.7465037164451828,1.99,0.19,-0.3964254117701296,0.3964254117701296,0.6
1,315,1.3136699281912412,0.7292575320708901,0.43,0.26,0.8836699281912412,0.8836699281912412,0.6666666666666666
1,322,1.974944404128741,0.6615285703799145,2.77,0.36,-0.7950555958712591,0.7950555958712591,0.717391304347826
1,324,1.306464512353952,0.676438212951189,2.45,0.45,-1.1435354876460482,1.1435354876460482,0.5416666666666666
1,325,1.1532726891088174,0.745452030333196,1.79,0.13,-0.6367273108911826,0.6367273108911826,0.6724137931034483
1,326,0.7164785234067793,0.8003992404330608,1.34,0.13,-0.6235214765932208,0.6235214765932208,0.15789473684210525
1,328,0.7971458000724899,0.6734921039929573,1.33,0.25,-0.5328541999275102,0.5328541999275102,0.8360655737704918
1,330,0.9470630356851173,0.8082044120069265,0.18,0.58,0.7670630356851174,0.7670630356851174,0.16666666666666666
1,337,1.5019058580298594,0.5825460271891694,1.16,0.18,0.3419058580298595,0.3419058580298595,0.8775510204081632
1,342,0.2598743028359355,0.6244290972721851,-0.56,0.16,0.8198743028359355,0.8198743028359355,0.625
1,351,0.624716457091936,0.8255432988932371,-2.21,0.83,2.834716457091936,2.834716457091936,0.5
1,362,1.19230925759646,0.4334327759517969,1.16,0.11,0.032309257596460084,0.032309257596460084,0.7906976744186046
1,365,1.6476204142496833,0.7005770019143571,2.51,0.13,-0.8623795857503165,0.8623795857503165,0.6538461538461539
1,376,0.9424424518523504,0.6449650345284164,-0.42,0.22,1.3624424518523504,1.3624424518523504,0.6896551724137931
1,380,1.1854748387291059,0.7098755596222998,1.56,0.26,-0.3745251612708942,0.3745251612708942,0.39344262295081966
1,384,1.0868590358026644,0.6455146693738759,1.08,0.18,0.006859035802664337,0.006859035802664337,0.8
1,391,1.6374670078379392,0.7607903218933159,1.42,0.34,0.21746700783793926,0.21746700783793926,0.3333333333333333
1,397,1.0370391112874673,0.6991376294114612,1.78,0.18,-0.7429608887125327,0.7429608887125327,0.5151515151515151
1,406,1.8930874274863223,0.6622250850806588,2.4,0.18,-0.5069125725136776,0.5069125725136776,0.5909090909090909
1,407,1.2905545275201669,0.5211231019819845,1.13,0.07,0.16055452752016697,0.16055452752016697,0.7959183673469388
1,409,1.6316151167663744,0.6039541330687221,1.4,0.16,0.23161511676637447,0.23161511676637447,0.8541666666666666
1,410,0.861335179236517,0.6749282588435145,1.39,0.2,-0.5286648207634829,0.5286648207634829,0.62
1,413,0.753645066066017,0.7214165829194265,-1.5,0.94,2.253645066066017,2.253645066066017,0.5121951219512195
1,417,1.8135425305916935,0.6762424573548355,2.43,0.15,-0.6164574694083067,0.6164574694083067,0.723404255319149
1,420,1.2094488248324193,0.7055017300965035,1.4,0.06,-0.19055117516758058,0.19055117516758058,0.8421052631578947
1,423,0.5425759878815803,0.7219190389147896,0.95,0.3,-0.4074240121184196,0.4074240121184196,0.3548387096774194
1,424,1.035273126421091,0.5203921833947402,0.81,0.17,0.22527312642109099,0.22527312642109099,0.8448275862068966
1,425,0.5410730221390463,0.684621538932504,-1.1,0.28,1.6410730221390464,1.6410730221390464,0.3877551020408163
1,438,1.682408844939611,0.6485174182263859,2.15,0.17,-0.46759115506038884,0.46759115506038884,0.7547169811320755
1,440,2.362889091180759,0.6151183339570435,2.29,0.16,0.07288909118075892,0.07288909118075892,0.7377049180327869
1,441,1.546504631604883,0.6667966270912826,1.47,0.21,0.07650463160488297,0.07650463160488297,0.6037735849056604
1,444,1.7701693070971445,0.6776794781971228,1.88,0.1,-0.10983069290285541,0.10983069290285541,0.8311688311688312
1,450,1.561955434258072,0.6333954133979097,1.96,0.2,-0.39804456574192804,0.39804456574192804,0.6486486486486487
1,451,1.4258419653393721,0.5508569424314275,1.72,0.36,-0.29415803466062784,0.29415803466062784,0.8738738738738738
1,458,1.2554048509178244,0.723480637707558,1.8,0.28,-0.5445951490821757,0.5445951490821757,0.5789473684210527
1,460,1.2229737521165656,0.5537269787998336,1.55,0.59,-0.3270262478834345,0.3270262478834345,0.6060606060606061
1,462,0.6558741365526627,0.647891723206832,0.98,0.11,-0.3241258634473373,0.3241258634473373,0.7671232876712328
1,465,1.1929904957005977,0.7348565813021494,0.34,0.08,0.8529904957005976,0.8529904957005976,0.6956521739130435
1,475,1.5288250856592085,0.9597643899405995,1.93,0.25,-0.40117491434079144,0.40117491434079144,0.5652173913043478
1,477,0.930440359685236,0.6292383657588507,1.71,0.08,-0.779559640314764,0.779559640314764,0.7674418604651163
1,499,0.5876801491789565,0.7064136075318351,2.18,0.15,-1.5923198508210437,1.5923198508210437,0.2962962962962963
1,500,1.7123158605647961,0.737415954566622,2.18,0.16,-0.46768413943520404,0.46768413943520404,0.6538461538461539
1,520,1.243547238062397,0.6284879119739161,1.45,0.12,-0.20645276193760287,0.20645276193760287,0.8461538461538461
1,524,1.4294857892991164,0.5620114533992788,1.51,0.13,-0.0805142107008836,0.0805142107008836,0.7924528301886793
1,526,1.6719748138793726,0.7060030704820985,2.47,0.26,-0.7980251861206276,0.7980251861206276,0.3333333333333333
1,533,1.945257827472549,0.6611805384022308,0.69,0.13,1.255257827472549,1.255257827472549,0.6530612244897959
1,536,1.6666679467319727,0.7619506992639835,1.92,0.56,-0.2533320532680272,0.2533320532680272,0.5263157894736842
1,539,1.3581068433572052,0.9830633201940258,1.38,0.36,-0.021893156642794676,0.021893156642794676,0.15833333333333333
1,544,1.7565954275206077,0.688485753304542,-0.08,0.4,1.8365954275206078,1.8365954275206078,0.6222222222222222
1,545,0.9437172324315611,0.6890701162064441,1.1,0.18,-0.15628276756843895,0.15628276756843895,0.6415094339622641
1,547,1.194945670035835,0.6894904221551493,1.27,0.2,-0.07505432996416506,0.07505432996416506,0.35714285714285715
1,556,1.284536234951709,0.653828274247191,1.79,0.24,-0.5054637650482909,0.5054637650482909,0.8
1,557,1.315300934620728,0.6694937196051054,1.43,0.24,-0.11469906537927188,0.11469906537927188,0.4418604651162791
1,567,0.3786759931334629,0.7097975021071322,-0.1,0.61,0.4786759931334629,0.4786759931334629,0.3870967741935484
1,575,1.5293522787108325,0.6930818047703697,1.96,0.21,-0.4306477212891675,0.4306477212891675,0.5151515151515151
1,591,1.2705275586382236,0.6842377780581594,1.2,0.23,0.07052755863822369,0.07052755863822369,0.46296296296296297
1,596,1.2969539221065423,0.7602463032496561,1.66,0.6,-0.36304607789345766,0.36304607789345766,0.5238095238095238
1,604,1.1345795891667871,0.6820162153206731,1.85,0.12,-0.715420410833213,0.715420410833213,0.5581395348837209
1,611,0.9937414451054234,0.6020372728654287,1.7,0.14,-0.7062585548945766,0.7062585548945766,0.6
1,614,1.444351818414589,0.6828523399182693,1.87,0.12,-0.4256481815854112,0.4256481815854112,0.7659574468085106
1,617,1.24553079434563,0.6015680764124423,1.48,0.09,-0.23446920565437002,0.23446920565437002,0.7647058823529411
1,620,0.6811403048204007,0.6653790068955349,0.49,0.15,0.19114030482040067,0.19114030482040067,0.46153846153846156
1,628,1.4511310586062252,0.6898464811390322,1.5,0.15,-0.048868941393774845,0.048868941393774845,0.8412698412698413
1,634,1.7328533166545868,0.6367059690854241,3.29,0.43,-1.5571466833454133,1.5571466833454133,0.7
1,642,1.7161952122503448,0.7177239901840899,1.54,0.14,0.17619521225034473,0.17619521225034473,0.723404255319149
1,643,1.5437874166812136,0.6343957246483867,1.67,0.23,-0.12621258331878638,0.12621258331878638,0.6410256410256411
1,646,1.2537044601696936,0.5919345229756542,0.51,0.21,0.7437044601696936,0.7437044601696936,0.38095238095238093
1,656,1.5694062077624904,0.4620115889231551,1.95,0.25,-0.38059379223750955,0.38059379223750955,0.9117647058823529
1,657,1.1834768268835256,0.6587619478477653,0.59,0.06,0.5934768268835257,0.5934768268835257,0.8135593220338984
1,667,1.5070977725564347,0.6315719344738153,-0.1,0.27,1.6070977725564348,1.6070977725564348,0.5862068965517241
1,669,0.9783938291539982,0.6447755391979986,1.26,0.58,-0.2816061708460018,0.2816061708460018,0.7105263157894737
1,673,1.1750193730892473,0.8471878140672096,1.15,0.18,0.0250193730892474,0.0250193730892474,0.24242424242424243
1,686,1.8907527613753725,0.5427857032183176,0.68,0.23,1.2107527613753724,1.2107527613753724,0.7592592592592593
1,691,1.39267379004202,0.6363952256376232,1.93,0.16,-0.5373262099579799,0.5373262099579799,0.5862068965517241
1,697,1.746017171453831,0.6949731857662296,1.48,0.27,0.2660171714538311,0.2660171714538311,0.7906976744186046
1,700,0.8690509162899521,0.6814781435518711,1.98,0.29,-1.110949083710048,1.110949083710048,0.8461538461538461
1,726,0.6706419003326112,0.6187349065125383,-1.03,0.61,1.7006419003326112,1.7006419003326112,0.6825396825396826
1,730,1.3784592748466225,0.6194292052496707,2.13,0.26,-0.7515407251533774,0.7515407251533774,0.631578947368421
1,733,1.522964787422767,0.6971661985650521,1.35,0.42,0.17296478742276689,0.17296478742276689,0.8947368421052632
1,735,1.578224694034797,0.7701420847153836,0.98,0.14,0.598224694034797,0.598224694034797,0.6415094339622641
1,736,0.9792367050695097,0.6407466196977034,0.79,0.2,0.18923670506950963,0.18923670506950963,0.40384615384615385
1,743,1.1278376800885606,0.8706089015817638,0.33,0.37,0.7978376800885605,0.7978376800885605,0.2112676056338028
1,746,0.8580520030218843,0.6860717310453618,0.28,0.25,0.5780520030218843,0.5780520030218843,0.4782608695652174
1,748,1.2995873489588157,0.6500163856468901,2.04,0.33,-0.7404126510411844,0.7404126510411844,0.7272727272727273
1,752,1.3890866824792985,0.6721070764167985,1.5,0.09,-0.11091331752070155,0.11091331752070155,0.47368421052631576
1,754,1.5315902444510519,0.6729502432858593,1.07,0.07,0.4615902444510518,0.4615902444510518,0.6666666666666666
1,758,1.600518808041519,0.48423675085676404,1.63,0.13,-0.02948119195848098,0.02948119195848098,0.85
1,761,1.3881895609446555,0.6940831537291177,0.66,0.12,0.7281895609446555,0.7281895609446555,0.525
1,762,1.3755733778288397,0.6775290166771049,1.74,0.12,-0.3644266221711603,0.3644266221711603,0.8947368421052632
1,763,1.0947728180897356,0.6372864110270567,1.61,0.09,-0.5152271819102645,0.5152271819102645,0.725
1,765,1.274816510273819,0.6386553166838802,1.37,0.12,-0.09518348972618118,0.09518348972618118,0.8846153846153846
1,768,0.3134624683900842,0.7283941226598964,0.41,0.23,-0.0965375316099158,0.0965375316099158,0.37037037037037035
1,773,1.470029586885244,0.536295490137426,1.65,0.21,-0.17997041311475592,0.17997041311475592,0.5208333333333334
1,775,0.9312178453243775,0.6123221019135392,4.29,0.95,-3.3587821546756227,3.3587821546756227,0.71875
1,778,1.2455285843855934,0.7731598837079634,2.52,0.47,-1.2744714156144066,1.2744714156144066,0.43478260869565216
1,780,1.6823018835382386,0.6493198637496475,2.73,0.27,-1.0476981164617614,1.0476981164617614,0.4864864864864865
1,781,1.691490983317427,0.7000923008276323,3.48,0.31,-1.788509016682573,1.788509016682573,0.3728813559322034
1,795,0.6598550929759556,0.6371858938575284,1.72,0.07,-1.0601449070240445,1.0601449070240445,0.8360655737704918
1,799,1.3108218226589667,0.6006719401641718,-0.19,0.49,1.5008218226589667,1.5008218226589667,0.5294117647058824
1,819,0.8541930775512173,0.6573760153135099,1.15,0.19,-0.2958069224487826,0.2958069224487826,0.62
1,834,1.7661699506431023,0.6423460332177355,2.07,0.06,-0.3038300493568975,0.3038300493568975,0.5
1,836,2.0599096697407484,0.6978831833813077,2.96,0.09,-0.9000903302592516,0.9000903302592516,0.6338028169014085
1,840,1.310710680657533,0.6164423287112202,2.09,0.34,-0.7792893193424668,0.7792893193424668,0.6052631578947368
1,843,1.6439745422142056,0.5987425186726558,1.8,0.27,-0.15602545778579446,0.15602545778579446,0.6808510638297872
1,845,0.8329463321302661,0.7345391924991238,-0.38,0.49,1.212946332130266,1.212946332130266,0.32
1,853,1.1341129442921618,0.7080431272903766,0.91,0.27,0.22411294429216178,0.22411294429216178,0.5116279069767442
1,856,0.7596408994921188,0.7183685115434464,-1.24,0.97,1.9996408994921189,1.9996408994921189,0.3333333333333333
1,862,1.3594702366361708,0.6990144672865207,2.2,0.1,-0.8405297633638293,0.8405297633638293,0.5757575757575758
1,863,1.3501743041058631,0.7009090345068744,1.04,0.21,0.3101743041058631,0.3101743041058631,0.868421052631579
1,7,1.394560453373726,0.657038256708081,-2.0,0.85,3.394560453373726,3.394560453373726,0.725
1,10,1.0450296817069564,0.6496847537986464,1.01,0.24,0.03502968170695642,0.03502968170695642,0.6470588235294118
1,15,1.2112286318453294,0.6235646556659302,2.34,0.26,-1.1287713681546705,1.1287713681546705,0.8125
1,20,0.7800239418874175,0.5939265198405312,0.58,0.13,0.20002394188741757,0.20002394188741757,0.5652173913043478
1,22,1.1234606161937029,0.5942395760480681,1.07,0.08,0.05346061619370279,0.05346061619370279,0.7631578947368421
1,25,1.4345628302769775,0.702554356032935,1.53,0.16,-0.09543716972302252,0.09543716972302252,0.6382978723404256
1,26,1.674162260372082,0.6963319839198363,1.64,0.06,0.03416226037208214,0.03416226037208214,0.7027027027027027
1,37,1.375842032644388,0.679275806381294,1.74,0.26,-0.3641579673556119,0.3641579673556119,0.6666666666666666
1,43,1.4092898573656054,0.7107320728659512,1.17,0.14,0.23928985736560549,0.23928985736560549,0.8461538461538461
1,64,1.3805601572653086,0.6742512187537384,-0.41,0.25,1.7905601572653085,1.7905601572653085,0.24489795918367346
1,71,1.2238127386716924,0.774302343515405,1.17,0.41,0.05381273867169245,0.05381273867169245,0.5294117647058824
1,72,1.3368641764333662,0.6363789234416125,1.57,0.13,-0.23313582356663387,0.23313582356663387,0.7608695652173914
1,75,1.5383307102166133,0.7883358680454753,1.39,0.08,0.14833071021661337,0.14833071021661337,0.7142857142857143
1,77,1.1210509850252464,0.5742624351407996,1.49,0.11,-0.36894901497475363,0.36894901497475363,0.6666666666666666
1,86,0.9273305487725481,0.7223885712190196,1.54,0.13,-0.612669451227452,0.612669451227452,0.5588235294117647
1,87,1.1151199162260614,0.6251698641693463,1.1,0.17,0.015119916226061347,0.015119916226061347,0.7647058823529411
1,96,1.4572242062371363,0.6118848402308642,1.07,0.37,0.38722420623713627,0.38722420623713627,0.6666666666666666
1,126,1.031822023923742,0.6448357874985355,1.57,0.1,-0.5381779760762582,0.5381779760762582,0.8833333333333333
1,129,1.4976940914928796,0.5974833616235773,1.69,0.1,-0.19230590850712037,0.19230590850712037,0.7954545454545454
1,130,1.9724754143928607,0.719042592826609,-0.5,0.1,2.4724754143928607,2.4724754143928607,0.4107142857142857
1,140,0.9116125223630582,0.7652891971238357,0.09,0.16,0.8216125223630583,0.8216125223630583,0.2903225806451613
1,141,0.5156237612946574,0.6404447545132613,0.52,0.15,-0.00437623870534265,0.00437623870534265,0.6896551724137931
1,144,0.9992188440326992,0.7331795715345034,1.34,0.3,-0.34078115596730085,0.34078115596730085,0.5142857142857142
1,149,1.2386402946760597,0.6844580566593841,0.72,0.3,0.5186402946760598,0.5186402946760598,0.6415094339622641
1,151,1.2583981027768976,0.6594304223241695,1.72,0.26,-0.4616018972231024,0.4616018972231024,0.46938775510204084
1,152,-0.01856772210973534,0.6089229224069204,-0.42,0.28,0.40143227789026464,0.40143227789026464,0.5555555555555556
1,155,1.2598053377010323,0.7025579298238988,1.26,0.23,-0.00019466229896769605,0.00019466229896769605,0.4489795918367347
1,166,1.806256258280904,0.6767677063267885,2.25,0.17,-0.4437437417190959,0.4437437417190959,0.8333333333333334
1,170,0.9895089856979189,0.6813952878477348,1.17,0.28,-0.18049101430208103,0.18049101430208103,0.5555555555555556
1,176,1.5218264927431062,0.5054314826289293,1.06,0.13,0.46182649274310617,0.46182649274310617,0.845360824742268
1,178,1.4626965241044645,0.7143030961278684,2.0,0.13,-0.5373034758955355,0.5373034758955355,0.5925925925925926
1,183,1.2609499031171105,0.7435339735336196,0.94,0.56,0.3209499031171106,0.3209499031171106,0.5
1,190,1.3569878882012085,0.6657041735798813,1.6,0.35,-0.24301211179879156,0.24301211179879156,0.8421052631578947
1,193,1.5511315975227933,0.5708919316988943,1.55,0.22,0.0011315975227932373,0.0011315975227932373,0.6808510638297872
1,196,0.35511727839944485,0.7514929050129431,0.79,0.17,-0.4348827216005552,0.4348827216005552,0.2777777777777778
1,198,1.7205734338188545,0.6635119259784186,2.8,0.18,-1.0794265661811453,1.0794265661811453,0.30158730158730157
1,209,1.004419761723342,0.7307633802014252,1.49,0.16,-0.4855802382766581,0.4855802382766581,0.5555555555555556
1,210,1.5826949219121784,0.7217696447870154,2.1,0.26,-0.5173050780878217,0.5173050780878217,0.2537313432835821
1,215,1.028211316207009,0.7748396282779288,1.28,0.18,-0.251788683792991,0.251788683792991,0.3076923076923077
1,231,1.5852205101358714,0.76195425854505,1.75,0.26,-0.1647794898641286,0.1647794898641286,0.8070175438596491
1,235,1.3157823322372797,0.681588613178044,0.1,0.19,1.2157823322372796,1.2157823322372796,0.8085106382978723
1,243,0.7680205016322865,0.7178842572131916,1.38,0.36,-0.6119794983677134,0.6119794983677134,0.5
1,252,1.080356727924318,0.5387830473470082,0.87,0.19,0.21035672792431803,0.21035672792431803,0.7692307692307693
1,253,0.9865422436468374,0.6230694364737654,-0.42,0.26,1.4065422436468373,1.4065422436468373,0.6727272727272727
1,254,1.667865573519453,0.6462963502066859,1.31,0.32,0.3578655735194529,0.3578655735194529,0.8163265306122449
1,263,0.9771561113969137,0.6149493741482516,1.29,0.26,-0.3128438886030863,0.3128438886030863,0.5333333333333333
1,264,0.7428484881383279,0.669787352591215,0.2,0.25,0.542848488138328,0.542848488138328,0.7241379310344828
1,266,1.4906744002251195,0.6650085140483148,3.29,0.39,-1.7993255997748805,1.7993255997748805,0.5116279069767442
1,269,2.0594108806130844,0.6026575321053985,1.0,0.23,1.0594108806130844,1.0594108806130844,0.5909090909090909
1,276,1.038293744580252,0.622073068127498,1.22,0.31,-0.18170625541974794,0.18170625541974794,0.6470588235294118
1,278,1.1190679594463138,0.6345847436480809,1.85,0.16,-0.7309320405536863,0.7309320405536863,0.4444444444444444
1,279,1.3963948298631772,0.7435557717616817,2.44,0.14,-1.0436051701368227,1.0436051701368227,0.8461538461538461
1,281,1.289210684470854,0.6790503189344419,2.32,0.2,-1.0307893155291459,1.0307893155291459,0.35714285714285715
1,282,0.003432093497106159,0.7601984925670369,0.74,0.12,-0.7365679065028938,0.7365679065028938,0.11764705882352941
1,288,0.9912976501299529,0.7326442041369724,1.48,0.08,-0.4887023498700471,0.4887023498700471,0.5306122448979592
1,297,1.1501300450611416,0.5559775990339199,1.63,0.25,-0.4798699549388583,0.4798699549388583,0.75
1,302,1.2306550468898425,0.7087765412888895,2.4,0.53,-1.1693449531101574,1.1693449531101574,0.86
1,313,0.623252022278565,0.7374150795930067,1.17,0.15,-0.5467479777214349,0.5467479777214349,0.48214285714285715
1,316,1.4819976488960822,0.5056437343095483,1.61,0.22,-0.1280023511039179,0.1280023511039179,0.7959183673469388
1,317,1.5685836424069568,0.5903786599791333,1.7,0.11,-0.13141635759304315,0.13141635759304315,0.7857142857142857
1,319,0.9804180414757004,0.8741756380336546,-0.22,0.48,1.2004180414757004,1.2004180414757004,0.125
1,321,1.0581059897324605,0.8074747644316215,1.08,0.25,-0.021894010267539565,0.021894010267539565,0.4489795918367347
1,327,1.9928851482003913,0.694095963589821,1.85,0.24,0.14288514820039122,0.14288514820039122,0.8297872340425532
1,332,1.1901513914925488,0.6006417307248463,-0.27,0.2,1.4601513914925488,1.4601513914925488,0.6060606060606061
1,336,1.964347179711659,0.7380326053552757,1.94,0.23,0.024347179711659006,0.024347179711659006,0.8297872340425532
1,338,0.29467469832610693,0.6334954837061645,-0.33,0.16,0.6246746983261069,0.6246746983261069,0.625
1,348,1.6163495593724797,0.6358629336172408,1.5,0.17,0.1163495593724797,0.1163495593724797,0.6052631578947368
1,356,1.7201890849739936,0.46864322546241366,1.48,0.08,0.2401890849739936,0.2401890849739936,0.8846153846153846
1,357,1.7128289773199383,0.4897015828086621,1.54,0.14,0.1728289773199383,0.1728289773199383,0.85
1,367,1.8816236461011315,0.7236338963737402,1.69,0.21,0.19162364610113158,0.19162364610113158,0.8387096774193549
1,369,0.9892261186467367,0.615243625100684,-0.4,0.19,1.3892261186467367,1.3892261186467367,0.8448275862068966
1,381,1.6914902386177348,0.6545674870962334,2.05,0.23,-0.358509761382265,0.358509761382265,0.6071428571428571
1,387,1.528599657847327,0.5917303701244969,1.94,0.17,-0.41140034215267285,0.41140034215267285,0.8928571428571429
1,390,1.0868890689791044,0.41312534865561445,0.97,0.05,0.11688906897910445,0.11688906897910445,0.75
1,393,1.6798431465079704,0.5021744971974413,2.22,0.36,-0.5401568534920298,0.5401568534920298,0.8333333333333334
1,398,2.044102026614334,0.7098270770450336,2.44,0.2,-0.395897973385666,0.395897973385666,0.7
1,401,1.5433614359701262,0.21255982213567243,1.86,0.24,-0.3166385640298739,0.3166385640298739,0.6727272727272727
1,405,1.9681173500753624,0.6908366451594733,0.86,0.18,1.1081173500753625,1.1081173500753625,0.8548387096774194
1,416,0.9172753136568041,0.6790861447630441,1.78,0.08,-0.8627246863431959,0.8627246863431959,0.6666666666666666
1,418,0.976285865119304,0.6718212466397812,0.66,0.2,0.316285865119304,0.316285865119304,0.5833333333333334
1,431,1.1130242747259997,0.8404666616456566,4.31,1.0,-3.196975725274,3.196975725274,0.3076923076923077
1,454,1.1252943359698628,0.7552297530592849,2.4,0.23,-1.274705664030137,1.274705664030137,0.3888888888888889
1,456,1.3654800906771025,0.7304406094023501,0.54,0.12,0.8254800906771025,0.8254800906771025,0.7142857142857143
1,461,0.31098773853489925,0.7150211524303554,-1.53,1.11,1.8409877385348992,1.8409877385348992,0.3870967741935484
1,466,1.050262819208411,0.6542268033306238,1.24,0.3,-0.18973718079158908,0.18973718079158908,0.7105263157894737
1,468,1.296356965939732,0.7016987267839789,0.73,0.29,0.5663569659397321,0.5663569659397321,0.868421052631579
1,469,1.0843204543615192,0.6504174649451191,1.54,0.24,-0.4556795456384808,0.4556795456384808,0.68
1,470,0.7338478297503253,0.708346827635525,-0.35,0.22,1.0838478297503253,1.0838478297503253,0.3333333333333333
1,471,1.1277012654005836,0.6787246946653935,0.78,0.18,0.34770126540058355,0.34770126540058355,0.7948717948717948
1,476,0.9932208453809097,0.6171505482380257,1.44,0.11,-0.44677915461909024,0.44677915461909024,0.7435897435897436
1,478,1.8741501591774692,0.7091413292414367,1.77,0.08,0.10415015917746917,0.10415015917746917,0.8490566037735849
1,485,1.8878728082039578,0.744702285849683,2.09,0.38,-0.2021271917960421,0.2021271917960421,0.49122807017543857
1,489,1.0329568972975474,0.6550778524158791,0.49,0.28,0.5429568972975474,0.5429568972975474,0.65625
1,490,1.6967952134734687,0.7924426573775974,0.96,0.22,0.7367952134734688,0.7367952134734688,0.47619047619047616
1,492,1.1979047358254813,0.6883008539190877,2.16,0.26,-0.9620952641745188,0.9620952641745188,0.66
1,497,2.1211471359417806,0.5096147666830135,2.11,0.17,0.01114713594178074,0.01114713594178074,0.6865671641791045
1,503,1.1135794875730274,0.6373833205533866,1.43,0.1,-0.31642051242697256,0.31642051242697256,0.5588235294117647
1,505,0.7066492781901293,0.7502562564385764,0.5,0.15,0.20664927819012935,0.20664927819012935,0.4
1,508,0.4701307592100704,0.6920077572994854,0.31,0.12,0.16013075921007042,0.16013075921007042,0.625
1,513,1.3456734125670633,0.6170200263678057,1.18,0.24,0.16567341256706336,0.16567341256706336,0.6666666666666666
1,514,1.6346423192027375,0.6798830822724623,2.32,0.11,-0.6853576807972623,0.6853576807972623,0.6
1,515,1.6025146835559936,0.6610804662016208,2.04,0.19,-0.43748531644400646,0.43748531644400646,0.7530864197530864
1,532,1.1307089893273867,0.7077755431698646,1.64,0.18,-0.5092910106726132,0.5092910106726132,0.47368421052631576
1,534,1.4133777667533733,0.6515596910144444,1.41,0.15,0.0033777667533734235,0.0033777667533734235,0.7719298245614035
1,542,1.7796057132118432,0.6271398662745659,2.12,0.17,-0.34039428678815686,0.34039428678815686,0.6888888888888889
1,548,1.5157024026069652,0.6492929075588095,2.14,0.24,-0.6242975973930349,0.6242975973930349,0.5925925925925926
1,561,1.2416283896867577,0.7615628337916409,2.43,0.14,-1.1883716103132425,1.1883716103132425,0.2826086956521739
1,562,1.4827530988173963,0.6863403451293365,0.62,0.23,0.8627530988173963,0.8627530988173963,0.5789473684210527
1,564,1.166082752181343,0.6514945639534968,-0.46,0.1,1.626082752181343,1.626082752181343,0.8363636363636363
1,566,1.0536429410981856,0.7089353580725936,0.84,0.24,0.2136429410981856,0.2136429410981856,0.3333333333333333
1,568,1.5257686461864683,0.497705902994125,2.13,0.21,-0.6042313538135315,0.6042313538135315,0.8333333333333334
1,569,1.7674913767161904,0.7030247148532991,2.04,0.14,-0.27250862328380965,0.27250862328380965,0.7
1,572,1.346305504682048,0.7101311268856483,1.53,0.16,-0.183694495317952,0.183694495317952,0.3333333333333333
1,580,0.26889018676919574,0.6568151061839393,-0.24,0.34,0.5088901867691957,0.5088901867691957,0.7894736842105263
1,583,0.7851789198916326,0.736336231264525,0.98,0.07,-0.1948210801083674,0.1948210801083674,0.391304347826087
1,586,1.5000399959086153,0.7905033615178211,1.72,0.45,-0.21996000409138472,0.21996000409138472,0.5263157894736842
1,588,1.5275439747795332,0.6822441659791506,1.69,0.17,-0.16245602522046676,0.16245602522046676,0.8269230769230769
1,595,0.5303084541632929,0.6528586410133784,0.43,0.26,0.10030845416329287,0.10030845416329287,0.696969696969697
1,606,1.2241177713515008,0.7897576376485972,0.91,0.4,0.31411777135150076,0.31411777135150076,0.5294117647058824
1,609,0.9805428668432979,0.7066394124203107,-0.19,0.68,1.170542866843298,1.170542866843298,0.3939393939393939
1,615,1.2677468985376894,0.6423288333857002,1.54,0.26,-0.27225310146231063,0.27225310146231063,0.4482758620689655
1,616,1.5659424590703783,0.6838866347447312,0.91,0.19,0.6559424590703783,0.6559424590703783,0.5
1,621,1.9211816194833764,0.6867529863344546,2.37,0.2,-0.4488183805166237,0.4488183805166237,0.8548387096774194
1,626,1.1082307528200088,0.6105432323062903,0.97,0.1,0.13823075282000885,0.13823075282000885,0.6545454545454545
1,627,0.5138116225388095,0.6694129503061101,0.01,0.59,0.5038116225388095,0.5038116225388095,0.3103448275862069
1,630,1.5248844585321277,0.5682770530219127,1.46,0.1,0.06488445853212776,0.06488445853212776,0.8636363636363636
1,633,2.3959980517757113,0.6308125283035744,2.94,0.25,-0.5440019482242886,0.5440019482242886,0.7903225806451613
1,645,-0.04648399088434707,0.7143609621033321,0.12,0.24,-0.16648399088434707,0.16648399088434707,0.46153846153846156
1,648,1.8249420337997782,0.46422120981614934,2.09,0.2,-0.2650579662002217,0.2650579662002217,0.7608695652173914
1,653,2.2855669866039228,0.7172144406950494,2.5,0.13,-0.21443301339607723,0.21443301339607723,0.4827586206896552
1,655,0.5986881485963488,0.6977705704927927,0.3,0.27,0.2986881485963488,0.2986881485963488,0.4909090909090909
1,660,-0.005440261388456991,0.41392768168374927,-0.05,0.58,0.04455973861154301,0.04455973861154301,1.0
1,665,1.8568504963586663,0.7491683981852189,2.33,0.12,-0.4731495036413338,0.4731495036413338,0.7
1,668,1.6553062424206768,0.6786835547329892,1.86,0.16,-0.2046937575793233,0.2046937575793233,0.5490196078431373
1,693,1.3590670897097492,0.6307840313227704,1.73,0.12,-0.3709329102902508,0.3709329102902508,0.6333333333333333
1,694,1.8436616893681204,0.6614445920268388,2.39,0.22,-0.5463383106318798,0.5463383106318798,0.5625
1,695,1.3070005898162735,0.6754619742350383,1.49,0.14,-0.18299941018372645,0.18299941018372645,0.6428571428571429
1,702,1.0257506979689759,0.6143352276746337,0.54,0.2,0.48575069796897585,0.48575069796897585,0.5357142857142857
1,706,1.7417858772118806,0.7693418735074858,1.92,0.1,-0.17821412278811932,0.17821412278811932,0.6190476190476191
1,707,1.3247492646346446,0.6852961702531258,0.97,0.16,0.3547492646346446,0.3547492646346446,0.782608695652174
1,712,1.2303571452166568,0.6461262634983205,0.57,0.12,0.6603571452166569,0.6603571452166569,0.6170212765957447
1,714,1.7908407472675223,0.7278964062936945,1.56,0.28,0.23084074726752224,0.23084074726752224,0.4576271186440678
1,715,1.336730108831572,0.7342623388299949,1.87,0.09,-0.5332698911684282,0.5332698911684282,0.13114754098360656
1,728,1.2461307166604219,0.6673829954701859,2.0,0.1,-0.7538692833395781,0.7538692833395781,0.8727272727272727
1,737,0.7656745789000412,0.7144607727842751,-0.81,0.11,1.5756745789000413,1.5756745789000413,0.6571428571428571
1,738,0.8947358501112469,0.6602018202628228,1.37,0.16,-0.4752641498887532,0.4752641498887532,0.65625
1,739,0.6343252099809596,0.8144753810787919,-0.62,0.62,1.2543252099809596,1.2543252099809596,0.2903225806451613
1,741,1.617902116012823,0.7570192697623108,1.7,0.27,-0.08209788398717688,0.08209788398717688,0.8070175438596491
1,749,2.1519548643477737,0.7295269553733796,2.37,0.18,-0.21804513565222639,0.21804513565222639,0.5737704918032787
1,751,0.9409825084065471,0.7615326221912762,1.83,0.16,-0.889017491593453,0.889017491593453,0.4897959183673469
1,753,1.7491987604125914,0.5718777242993975,2.26,0.16,-0.5108012395874084,0.5108012395874084,0.7435897435897436
1,767,1.590039573256628,0.721804731887073,1.74,0.1,-0.14996042674337207,0.14996042674337207,0.7027027027027027
1,776,1.6712779850328392,0.596032134331576,1.43,0.22,0.24127798503283926,0.24127798503283926,0.7410714285714286
1,777,0.9164528400734698,0.8081434528370767,0.41,0.24,0.5064528400734698,0.5064528400734698,0.7857142857142857
1,786,1.3388370966390963,0.6998583660855449,1.12,0.1,0.21883709663909623,0.21883709663909623,0.5
1,792,0.9387769371039973,0.7012370936181356,-1.26,0.42,2.1987769371039976,2.1987769371039976,0.4827586206896552
1,797,1.3221527270417985,0.5942324877897203,1.9,0.18,-0.5778472729582014,0.5778472729582014,0.7407407407407407
1,800,1.4904378064919948,0.6863554532331071,-0.09,0.26,1.5804378064919948,1.5804378064919948,0.875
1,806,0.7848896851742739,0.5256507590218278,1.4,0.2,-0.615110314825726,0.615110314825726,0.5357142857142857
1,807,1.1113746517956653,0.7118733813382079,1.58,0.22,-0.46862534820433477,0.46862534820433477,0.391304347826087
1,808,2.0395781351656215,0.7330818889844407,2.56,0.19,-0.5204218648343786,0.5204218648343786,0.4827586206896552
1,811,0.43561713704653615,0.6283849259747654,1.07,0.21,-0.6343828629534639,0.6343828629534639,0.631578947368421
1,813,1.8440450235930586,0.718752335348598,0.21,0.14,1.6340450235930586,1.6340450235930586,0.5416666666666666
1,816,1.590918174189238,0.7041234879005821,2.16,0.11,-0.5690818258107622,0.5690818258107622,0.6296296296296297
1,822,0.7125581632206903,0.7522909624982776,0.57,0.57,0.14255816322069037,0.14255816322069037,0.2777777777777778
1,827,0.7242160699453262,0.5872277717807768,0.87,0.22,-0.14578393005467383,0.14578393005467383,0.696969696969697
1,829,1.1662094265183438,0.6652913005779275,0.8,0.22,0.36620942651834376,0.36620942651834376,0.5384615384615384
1,833,1.920946213862422,0.6169934575170608,1.07,0.1,0.850946213862422,0.850946213862422,0.6052631578947368
1,847,0.9138356048026689,0.8069758658290561,0.78,0.1,0.13383560480266887,0.13383560480266887,0.6666666666666666
1,852,1.5828806527205463,0.6142235593017124,2.11,0.1,-0.5271193472794535,0.5271193472794535,0.48148148148148145
1,859,2.421796805032207,0.6834709820643968,3.95,1.06,-1.528203194967793,1.528203194967793,0.5737704918032787
1,860,2.1737594021716715,0.7136210579998412,2.66,0.08,-0.4862405978283286,0.4862405978283286,0.36065573770491804
2,1,1.1237944063123908,0.7505344067130504,1.32,0.14,-0.19620559368760926,0.19620559368760926,0.5454545454545454
2,7,1.3804403134536645,0.669213424561986,-2.0,0.85,3.3804403134536645,3.3804403134536645,0.725
2,10,1.079615324708938,0.6583576886810389,1.01,0.24,0.06961532470893794,0.06961532470893794,0.6470588235294118
2,15,1.341421942418338,0.6441424483392689,2.34,0.26,-0.9985780575816618,0.9985780575816618,0.8125
2,18,1.673535703458384,0.5857037129282197,1.46,0.12,0.21353570345838402,0.21353570345838402,0.8076923076923077
2,20,0.7312704720340941,0.6325580559877573,0.58,0.13,0.15127047203409416,0.15127047203409416,0.5652173913043478
2,22,1.1649104163488762,0.6038393917722348,1.07,0.08,0.09491041634887609,0.09491041634887609,0.7631578947368421
2,30,0.7304537194783292,0.6502467774604906,0.52,0.18,0.21045371947832914,0.21045371947832914,0.4634146341463415
2,37,1.4221398823091378,0.7066786291019961,1.74,0.26,-0.3178601176908622,0.3178601176908622,0.6666666666666666
2,62,1.4502897676296014,0.7788467072434673,1.33,0.13,0.12028976762960131,0.12028976762960131,0.7121212121212122
2,65,1.6170848359098229,0.7079112874707912,1.32,0.2,0.2970848359098228,0.2970848359098228,0.5208333333333334
2,67,1.015591510593436,0.7471847041123776,-0.1,0.6,1.1155915105934362,1.1155915105934362,0.5
2,68,1.829438725905316,0.6946183755784137,2.04,0.11,-0.21056127409468406,0.21056127409468406,0.7297297297297297
2,70,1.3203795301715593,0.6957112064275657,1.52,0.21,-0.19962046982844073,0.19962046982844073,0.8947368421052632
2,74,1.3291028880664457,0.6637960112284704,0.31,0.2,1.0191028880664457,1.0191028880664457,0.8113207547169812
2,77,1.1070992888477862,0.5940530008696715,1.49,0.11,-0.3829007111522138,0.3829007111522138,0.6666666666666666
2,80,0.3718009899219433,0.7235205960174194,0.68,0.06,-0.3081990100780567,0.3081990100780567,0.5
2,89,1.9941093631371167,0.6575029023104844,1.77,0.16,0.2241093631371167,0.2241093631371167,0.8163265306122449
2,99,1.3355098958632967,0.677570473035424,1.5,0.27,-0.16449010413670329,0.16449010413670329,0.6530612244897959
2,101,1.4883059390290365,0.6852342640198688,1.78,0.15,-0.2916940609709635,0.2916940609709635,0.5
2,107,1.661760816772973,0.7725535669502545,2.01,0.16,-0.34823918322702685,0.34823918322702685,0.5681818181818182
2,109,0.31203385357072855,0.6878207937371257,-0.24,0.2,0.5520338535707285,0.5520338535707285,0.8085106382978723
2,116,1.4946449355209768,0.7279167590717274,1.15,0.18,0.34464493552097686,0.34464493552097686,0.6818181818181818
2,128,1.0652115221794234,0.6057728554444063,1.28,0.22,-0.21478847782057664,0.21478847782057664,0.6181818181818182
2,137,1.1732496617213668,0.6684564400779567,1.59,0.18,-0.4167503382786333,0.4167503382786333,0.6296296296296297
2,141,0.9590798975390358,0.6798242528966614,0.52,0.15,0.43907989753903576,0.43907989753903576,0.6896551724137931
2,142,1.0373490486917372,0.7132091269727705,0.24,0.24,0.7973490486917372,0.7973490486917372,0.6086956521739131
2,143,1.4370576436852842,0.7199680211296348,1.67,0.35,-0.23294235631471572,0.23294235631471572,0.4489795918367347
2,146,1.4972661061979324,0.6701452678485333,1.2,0.35,0.2972661061979325,0.2972661061979325,0.8727272727272727
2,152,-0.026069553186890637,0.6332660181773901,-0.42,0.28,0.39393044681310935,0.39393044681310935,0.5555555555555556
2,158,1.5634757231099299,0.6626012392868804,1.99,0.1,-0.4265242768900701,0.4265242768900701,0.6666666666666666
2,164,0.35987164108299496,0.763645213069922,1.36,0.22,-1.0001283589170051,1.0001283589170051,0.2903225806451613
2,169,0.6538402419062235,0.6217365021987751,0.88,0.2,-0.22615975809377653,0.22615975809377653,0.5483870967741935
2,172,1.0463318594238713,0.7044194329321075,1.39,0.13,-0.3436681405761286,0.3436681405761286,0.6666666666666666
2,175,1.410052783575877,0.6707427684594459,0.71,0.3,0.700052783575877,0.700052783575877,0.6046511627906976
2,182,1.4116850571021087,0.7138454077985197,0.27,1.28,1.1416850571021087,1.1416850571021087,0.32608695652173914
2,183,1.170914736592444,0.7696538261850954,0.94,0.56,0.230914736592444,0.230914736592444,0.5
2,185,1.4121363701617147,0.7254582034544824,1.63,0.56,-0.21786362983828522,0.21786362983828522,0.7297297297297297
2,192,1.1630022918205494,0.6411577265357647,1.7,0.24,-0.5369977081794506,0.5369977081794506,0.34285714285714286
2,193,1.549790403597298,0.5580065315312026,1.55,0.22,-0.00020959640270201696,0.00020959640270201696,0.6808510638297872
2,197,0.5747613891428864,0.7705891032758603,0.28,0.59,0.2947613891428864,0.2947613891428864,0.4857142857142857
2,198,1.6379232104974628,0.6793003847688538,2.8,0.18,-1.162076789502537,1.162076789502537,0.30158730158730157
2,204,1.3011243593391297,0.600088674241866,1.5,0.11,-0.19887564066087027,0.19887564066087027,0.5945945945945946
2,205,1.5399045257044697,0.7339925821302501,1.57,0.31,-0.03009547429553039,0.03009547429553039,0.46808510638297873
2,209,0.9916577055332945,0.7390558080286986,1.49,0.16,-0.4983422944667055,0.4983422944667055,0.5555555555555556
2,212,0.7396588291504882,0.7265451853054853,-0.11,0.19,0.8496588291504882,0.8496588291504882,0.4857142857142857
2,213,0.3404548814491708,0.7050758798031578,-1.03,1.06,1.3704548814491708,1.3704548814491708,0.5333333333333333
2,227,1.142875820207872,0.6477571137917755,0.5,0.14,0.6428758202078719,0.6428758202078719,0.8604651162790697
2,230,0.227479037088695,0.7452682005187332,-0.63,0.2,0.857479037088695,0.857479037088695,0.5
2,231,1.4842373000660345,0.7578247858239423,1.75,0.26,-0.2657626999339655,0.2657626999339655,0.8070175438596491
2,232,0.6647298146592289,0.5801066810512633,0.81,0.25,-0.14527018534077119,0.14527018534077119,0.6041666666666666
2,236,1.7982320231787194,0.5182589624999495,1.88,0.23,-0.08176797682128045,0.08176797682128045,0.8369565217391305
2,248,0.6437174156454211,0.6948005191660851,1.07,0.28,-0.426282584354579,0.426282584354579,0.5454545454545454
2,251,1.1942366272567733,0.6284952561860575,1.39,0.11,-0.19576337274322664,0.19576337274322664,0.6153846153846154
2,257,1.7443807985459017,0.7350617869678566,2.4,0.3,-0.6556192014540982,0.6556192014540982,0.53125
2,258,1.9469707168540276,0.5676887670712913,3.72,1.03,-1.7730292831459726,1.7730292831459726,0.5471698113207547
2,272,1.6632900122586916,0.7616114671583437,1.86,0.16,-0.19670998774130855,0.19670998774130855,0.32142857142857145
2,273,0.8912381273111378,0.6289281978081338,0.6,0.18,0.29123812731113785,0.29123812731113785,0.696969696969697
2,279,1.4604249054854432,0.7332665153958173,2.44,0.14,-0.9795750945145567,0.9795750945145567,0.8461538461538461
2,280,0.7390469070852961,0.6559889548340564,-1.04,0.26,1.7790469070852961,1.7790469070852961,0.8148148148148148
2,284,1.2441992356293148,0.7017182808718263,0.65,0.27,0.5941992356293148,0.5941992356293148,0.6764705882352942
2,286,1.2674531863258969,0.7373400789072134,1.62,0.2,-0.35254681367410323,0.35254681367410323,0.723404255319149
2,305,0.8181488681126093,0.7066148263414987,0.67,0.15,0.1481488681126093,0.1481488681126093,0.7619047619047619
2,310,1.4931374214645925,0.7265920076749259,0.27,0.15,1.2231374214645925,1.2231374214645925,0.6222222222222222
2,315,1.2852624758672102,0.756720526443603,0.43,0.26,0.8552624758672103,0.8552624758672103,0.6666666666666666
2,321,1.0522426269218002,0.8111022700159599,1.08,0.25,-0.02775737307819992,0.02775737307819992,0.4489795918367347
2,322,2.025126892961186,0.6892354322148851,2.77,0.36,-0.7448731070388139,0.7448731070388139,0.717391304347826
2,327,1.953233593216349,0.7080770173574564,1.85,0.24,0.10323359321634884,0.10323359321634884,0.8297872340425532
2,328,0.7763742505841946,0.6863173979315246,1.33,0.25,-0.5536257494158054,0.5536257494158054,0.8360655737704918
2,330,0.859540994012018,0.8269102190658763,0.18,0.58,0.6795409940120181,0.6795409940120181,0.16666666666666666
2,333,1.7759447280491023,0.6922600592332753,2.27,0.14,-0.4940552719508977,0.4940552719508977,0.5
2,334,0.9760373692723805,0.6671787948245806,1.82,0.27,-0.8439626307276196,0.8439626307276196,0.7021276595744681
2,344,1.480772189747703,0.7701163932738633,1.27,0.25,0.21077218974770306,0.21077218974770306,0.46296296296296297
2,345,1.409583711871195,0.6441019698806261,2.27,0.23,-0.8604162881288051,0.8604162881288051,0.7333333333333333
2,356,1.6535192138582269,0.4666394756957174,1.48,0.08,0.17351921385822688,0.17351921385822688,0.8846153846153846
2,363,1.7978987687056291,0.6749353111623734,2.23,0.1,-0.43210123129437084,0.43210123129437084,0.8372093023255814
2,365,1.769308943094434,0.681360662520037,2.51,0.13,-0.7406910569055658,0.7406910569055658,0.6538461538461539
2,370,0.7740039303638606,0.6847848937715919,0.61,0.18,0.16400393036386063,0.16400393036386063,0.40425531914893614
2,374,1.649666894264255,0.6581137785330752,1.18,0.04,0.469666894264255,0.469666894264255,0.717391304347826
2,376,1.2486593025027486,0.7162532223100514,-0.42,0.22,1.6686593025027485,1.6686593025027485,0.6896551724137931
2,379,1.135837222949577,0.7046495893359834,1.44,0.18,-0.30416277705042294,0.30416277705042294,0.8
2,382,0.5909625668848858,0.8315048967086428,0.19,0.55,0.4009625668848858,0.4009625668848858,0.25
2,386,0.6166171933952495,0.6834007806809506,0.4,0.13,0.21661719339524943,0.21661719339524943,0.46153846153846156
2,397,0.9611621578157012,0.7325629048641866,1.78,0.18,-0.8188378421842988,0.8188378421842988,0.5151515151515151
2,398,2.181927194827392,0.709516001654217,2.44,0.2,-0.258072805172608,0.258072805172608,0.7
2,409,1.37185203964458,0.5057632971615801,1.4,0.16,-0.02814796035542,0.02814796035542,0.8541666666666666
2,414,0.29704592340314206,0.6199533371394851,0.39,0.23,-0.09295407659685795,0.09295407659685795,0.55
2,419,1.2167169025304403,0.6033018160800867,0.39,0.18,0.8267169025304403,0.8267169025304403,0.5531914893617021
2,423,0.4626177470423808,0.7125120192734654,0.95,0.3,-0.48738225295761917,0.48738225295761917,0.3548387096774194
2,426,1.3609950220166738,0.6662882824258766,2.03,0.25,-0.669004977983326,0.669004977983326,0.5576923076923077
2,436,1.8425642302378202,0.7275249247866975,2.75,0.14,-0.9074357697621798,0.9074357697621798,0.48484848484848486
2,439,0.7045689285488358,0.7452058009409026,1.02,0.22,-0.3154310714511642,0.3154310714511642,0.32608695652173914
2,441,1.4830679189749243,0.7108971476169796,1.47,0.21,0.01306791897492432,0.01306791897492432,0.6037735849056604
2,443,1.3425493951156413,0.713105144476792,-1.99,0.84,3.3325493951156413,3.3325493951156413,0.2926829268292683
2,451,1.5261069904814022,0.5410836747571387,1.72,0.36,-0.19389300951859778,0.19389300951859778,0.8738738738738738
2,453,1.140987569161298,0.7036678690599204,1.95,0.13,-0.8090124308387019,0.8090124308387019,0.5849056603773585
2,463,0.7202055108708572,0.6935713188460992,1.1,0.15,-0.37979448912914293,0.37979448912914293,0.47058823529411764
2,464,1.2101548530220627,0.752937361684973,2.06,0.38,-0.8498451469779373,0.8498451469779373,0.6851851851851852
2,475,1.516066252437647,0.9740159972845742,1.93,0.25,-0.413933747562353,0.413933747562353,0.5652173913043478
2,476,0.9819121507737509,0.6365727570719621,1.44,0.11,-0.458087849226249,0.458087849226249,0.7435897435897436
2,481,1.5174727551178098,0.682167003987343,2.29,0.36,-0.7725272448821903,0.7725272448821903,0.6296296296296297
2,486,1.242367436274239,0.6857153165048219,1.74,0.12,-0.49763256372576103,0.49763256372576103,0.5428571428571428
2,489,1.3178127189479667,0.6730587829460932,0.49,0.28,0.8278127189479667,0.8278127189479667,0.65625
2,490,1.5739467859213274,0.7749453246955359,0.96,0.22,0.6139467859213275,0.6139467859213275,0.47619047619047616
2,492,1.4058068201028102,0.7454074868289067,2.16,0.26,-0.7541931798971899,0.7541931798971899,0.66
2,510,0.9236627479145485,0.6662921532981851,0.27,0.22,0.6536627479145485,0.6536627479145485,0.5833333333333334
2,520,1.5149993060225337,0.6266814893507642,1.45,0.12,0.06499930602253379,0.06499930602253379,0.8461538461538461
2,529,2.002130527462785,0.5903838914048373,2.39,0.14,-0.38786947253721493,0.38786947253721493,0.6140350877192983
2,535,1.3331773297484895,0.6533073370154198,0.4,0.23,0.9331773297484894,0.9331773297484894,0.34146341463414637
2,537,1.7155082278114988,0.6086375954878929,1.41,0.36,0.3055082278114989,0.3055082278114989,0.8928571428571429
2,541,1.8566184158717105,0.7096704583971722,1.99,0.16,-0.1333815841282895,0.1333815841282895,0.6521739130434783
2,544,1.9497607458819743,0.7220479200504776,-0.08,0.4,2.0297607458819744,2.0297607458819744,0.6222222222222222
2,551,2.0466515331030664,0.6644150177153275,2.28,0.21,-0.23334846689693345,0.23334846689693345,0.7377049180327869
2,556,1.505932500599636,0.6703096704704271,1.79,0.24,-0.284067499400364,0.284067499400364,0.8
2,565,0.5779414564172034,0.6558700420202573,-0.1,0.2,0.6779414564172034,0.6779414564172034,0.38461538461538464
2,568,1.569502088500438,0.5102835382375445,2.13,0.21,-0.5604979114995619,0.5604979114995619,0.8333333333333334
2,573,0.9880581755152896,0.7096127839211884,1.6,0.12,-0.6119418244847105,0.6119418244847105,0.5932203389830508
2,581,1.1236368493153885,0.6257521646028363,0.73,0.15,0.39363684931538856,0.39363684931538856,0.5172413793103449
2,589,2.479593562658378,0.6850918545174411,2.83,0.15,-0.350406437341622,0.350406437341622,0.7966101694915254
2,599,1.6256657257247387,0.6801139322994387,1.78,0.08,-0.15433427427526136,0.15433427427526136,0.3090909090909091
2,602,2.002301507270656,0.5360857905568694,2.07,0.26,-0.06769849272934403,0.06769849272934403,0.8222222222222222
2,614,1.5179933825981218,0.707186517664192,1.87,0.12,-0.35200661740187833,0.35200661740187833,0.7659574468085106
2,626,1.1677952852842346,0.6499476808345326,0.97,0.1,0.19779528528423462,0.19779528528423462,0.6545454545454545
2,627,0.47711408655155196,0.6807311042666169,0.01,0.59,0.46711408655155195,0.46711408655155195,0.3103448275862069
2,631,1.3534675642964218,0.6717100459086154,2.37,0.14,-1.0165324357035783,1.0165324357035783,0.4186046511627907
2,632,0.6815158887403742,0.7201644205355827,0.72,0.55,-0.03848411125962581,0.03848411125962581,0.25
2,639,0.4448018195892529,0.6532946001537523,0.95,0.2,-0.505198180410747,0.505198180410747,0.3958333333333333
2,640,1.5580096341470775,0.7073519118264937,2.26,0.19,-0.7019903658529223,0.7019903658529223,0.6818181818181818
2,642,1.7262458506926648,0.7324509118661761,1.54,0.14,0.18624585069266475,0.18624585069266475,0.723404255319149
2,654,1.9459081226791501,0.707142837030467,0.97,0.13,0.9759081226791502,0.9759081226791502,0.4666666666666667
2,659,1.695613425261787,0.8148855372147309,1.87,0.22,-0.17438657473821317,0.17438657473821317,0.5714285714285714
2,666,0.664647842714921,0.6371309020876591,-0.75,0.35,1.414647842714921,1.414647842714921,0.7560975609756098
2,676,1.8640571883612655,0.6135358136815722,2.38,0.24,-0.5159428116387343,0.5159428116387343,0.6666666666666666
2,683,0.9047770215776307,0.7146342781835462,0.25,0.28,0.6547770215776307,0.6547770215776307,0.5142857142857142
2,686,1.775188022079338,0.6092094472567916,0.68,0.23,1.0951880220793377,1.0951880220793377,0.7592592592592593
2,687,1.4425770492692536,0.6187176562126879,0.62,0.34,0.8225770492692536,0.8225770492692536,0.6727272727272727
2,690,1.2918178482982394,0.5315038846372446,1.29,0.14,0.0018178482982393884,0.0018178482982393884,0.8421052631578947
2,691,1.4568791437869364,0.6647796353623001,1.93,0.16,-0.47312085621306355,0.47312085621306355,0.5862068965517241
2,702,1.0443658213935139,0.623122018166711,0.54,0.2,0.5043658213935138,0.5043658213935138,0.5357142857142857
2,709,1.4009963650596375,0.7269736472547775,1.18,0.11,0.2209963650596376,0.2209963650596376,0.59375
2,710,0.82005370783251,0.6896666836668639,0.94,0.14,-0.11994629216748998,0.11994629216748998,0.7083333333333334
2,713,2.0029911740014974,0.5968125063132947,2.42,0.14,-0.41700882599850253,0.41700882599850253,0.6140350877192983
2,715,1.2685022018409455,0.7394127813015873,1.87,0.09,-0.6014977981590546,0.6014977981590546,0.13114754098360656
2,718,1.8918733225690698,0.7176410318513002,2.52,0.15,-0.6281266774309302,0.6281266774309302,0.6865671641791045
2,726,0.478576621099184,0.6083151220372731,-1.03,0.61,1.508576621099184,1.508576621099184,0.6825396825396826
2,733,1.4491374569684854,0.7277025050650736,1.35,0.42,0.0991374569684853,0.0991374569684853,0.8947368421052632
2,740,1.4755010362484406,0.7723400502863429,0.59,0.26,0.8855010362484407,0.8855010362484407,0.7301587301587301
2,744,1.8641525009426474,0.7457067416597097,2.05,0.25,-0.18584749905735243,0.18584749905735243,0.6274509803921569
2,747,0.038388817463724134,0.6911757225488515,0.52,0.22,-0.4816111825362759,0.4816111825362759,0.6857142857142857
2,754,1.367026551462305,0.7368853808509905,1.07,0.07,0.29702655146230494,0.29702655146230494,0.6666666666666666
2,763,0.979951252995692,0.6852066960785539,1.61,0.09,-0.6300487470043081,0.6300487470043081,0.725
2,765,1.1588511446786631,0.6562926728435798,1.37,0.12,-0.21114885532133698,0.21114885532133698,0.8846153846153846
2,770,1.676571023728739,0.7592487552353215,1.73,0.42,-0.053428976271260975,0.053428976271260975,0.4107142857142857
2,773,1.6428942754283251,0.7063669733384998,1.65,0.21,-0.0071057245716747985,0.0071057245716747985,0.5208333333333334
2,776,1.6107545421865086,0.6085747390612034,1.43,0.22,0.18075454218650866,0.18075454218650866,0.7410714285714286
2,780,1.7970624960505865,0.6380748976736584,2.73,0.27,-0.9329375039494134,0.9329375039494134,0.4864864864864865
2,782,1.943205763130763,0.6887850910812106,1.23,0.28,0.7132057631307631,0.7132057631307631,0.7708333333333334
2,785,0.8836696443880377,0.775686131628056,0.9,0.05,-0.016330355611962277,0.016330355611962277,0.20833333333333334
2,788,0.4277151248452581,0.7393590678874347,-0.55,0.14,0.9777151248452581,0.9777151248452581,0.4375
2,795,0.6730949569954977,0.6632791537665954,1.72,0.07,-1.0469050430045024,1.0469050430045024,0.8360655737704918
2,797,1.4384236624378497,0.6191687600762028,1.9,0.18,-0.4615763375621502,0.4615763375621502,0.7407407407407407
2,798,0.9282318288260353,0.6659185295064627,1.56,0.35,-0.6317681711739648,0.6317681711739648,0.7083333333333334
2,800,1.3446749070417086,0.7199197523594819,-0.09,0.26,1.4346749070417086,1.4346749070417086,0.875
2,808,1.9784447858282408,0.7467710687998868,2.56,0.19,-0.5815552141717593,0.5815552141717593,0.4827586206896552
2,813,1.9787963504240849,0.699994514077273,0.21,0.14,1.768796350424085,1.768796350424085,0.5416666666666666
2,821,0.9527523953511607,0.6863124702356557,0.84,0.28,0.11275239535116077,0.11275239535116077,0.71875
2,824,1.5101816884432282,0.6474222652318415,1.22,0.25,0.2901816884432282,0.2901816884432282,0.6181818181818182
2,837,1.5152131983082262,0.7405941839507658,1.92,0.3,-0.4047868016917737,0.4047868016917737,0.39473684210526316
2,838,1.1941263032424292,0.7186015344428739,1.07,0.21,0.12412630324242913,0.12412630324242913,0.4838709677419355
2,843,1.5525582374273823,0.6332141289425606,1.8,0.27,-0.24744176257261774,0.24744176257261774,0.6808510638297872
2,850,1.2262800256655721,0.7012336970629223,0.54,0.1,0.6862800256655721,0.6862800256655721,0.5806451612903226
2,860,2.1281815972738136,0.7074602409121813,2.66,0.08,-0.5318184027261865,0.5318184027261865,0.36065573770491804
2,862,1.440198022194743,0.7259244422922221,2.2,0.1,-0.7598019778052572,0.7598019778052572,0.5757575757575758
2,3,1.577235932949089,0.6707399340447112,-0.16,0.26,1.737235932949089,1.737235932949089,0.71875
2,12,1.4156386311875815,0.6463622449541088,1.79,0.26,-0.37436136881241855,0.37436136881241855,0.8725490196078431
2,13,0.7883717217400747,0.7557137732286837,1.79,0.24,-1.0016282782599253,1.0016282782599253,0.3333333333333333
2,16,1.604430863568155,0.624742495377944,2.19,0.13,-0.5855691364318449,0.5855691364318449,0.6530612244897959
2,29,0.5175088575609333,0.5336645602660177,0.2,0.2,0.31750885756093333,0.31750885756093333,0.65
2,32,0.1526219025727915,0.588689951305984,-0.33,0.14,0.48262190257279153,0.48262190257279153,0.7647058823529411
2,40,1.8244256910184853,0.6203604300236097,2.48,0.17,-0.6555743089815147,0.6555743089815147,0.8125
2,42,1.4557277297293707,0.8103513926896758,2.79,0.56,-1.3342722702706293,1.3342722702706293,0.8421052631578947
2,48,1.394564200694468,0.6221366897805094,2.75,0.3,-1.355435799305532,1.355435799305532,0.7954545454545454
2,55,1.4233259775743685,0.7623366502566377,0.28,0.21,1.1433259775743685,1.1433259775743685,0.5
2,58,0.8420283999326226,0.6580983005899884,3.23,0.35,-2.3879716000673774,2.3879716000673774,0.4473684210526316
2,72,1.2278006354352662,0.6454775895107578,1.57,0.13,-0.3421993645647339,0.3421993645647339,0.7608695652173914
2,84,1.0708173000349999,0.6490530863828265,0.63,0.24,0.44081730003499986,0.44081730003499986,0.8846153846153846
2,90,0.7525736760502251,0.6727665804843098,0.45,0.37,0.30257367605022506,0.30257367605022506,0.71875
2,108,1.892110400406478,0.7653012603712208,1.54,0.14,0.3521104004064779,0.3521104004064779,0.8311688311688312
2,111,0.7266439746234172,0.6477367024092396,1.34,0.19,-0.6133560253765828,0.6133560253765828,0.75
2,113,1.7540930106002768,0.6957293118171299,1.2,0.1,0.5540930106002768,0.5540930106002768,0.4666666666666667
2,117,0.8619827260507613,0.6065224284759544,1.13,0.19,-0.2680172739492386,0.2680172739492386,0.7560975609756098
2,119,1.0251207077843199,0.6715649908418224,0.09,0.2,0.9351207077843199,0.9351207077843199,0.6086956521739131
2,120,1.2675978098012863,0.6331723241658502,0.99,0.22,0.27759780980128634,0.27759780980128634,0.8113207547169812
2,123,1.4172447461014361,0.6894398444987291,0.79,0.17,0.6272447461014361,0.6272447461014361,0.8571428571428571
2,126,1.2244712388596348,0.641996512937163,1.57,0.1,-0.34552876114036524,0.34552876114036524,0.8833333333333333
2,129,1.3590287042078295,0.6091253458569553,1.69,0.1,-0.33097129579217044,0.33097129579217044,0.7954545454545454
2,130,1.950294686451439,0.7066149308839154,-0.5,0.1,2.450294686451439,2.450294686451439,0.4107142857142857
2,134,0.6332490613205618,0.6701152276688923,-1.17,0.44,1.8032490613205616,1.8032490613205616,0.5714285714285714
2,156,1.4897607707069769,0.6984893755508307,1.34,0.26,0.1497607707069768,0.1497607707069768,0.7222222222222222
2,157,0.8739681823309873,0.7064420999205023,-1.36,0.93,2.2339681823309876,2.2339681823309876,0.45161290322580644
2,160,0.7725691645907842,0.64113443766201,1.49,0.13,-0.7174308354092158,0.7174308354092158,0.4482758620689655
2,161,1.2523077298214274,0.6775069458572097,1.92,0.11,-0.6676922701785726,0.6676922701785726,0.4117647058823529
2,163,1.3482724057923388,0.6978658995022504,1.3,0.25,0.04827240579233871,0.04827240579233871,0.6041666666666666
2,171,1.648510966882148,0.5604456160828066,1.41,0.18,0.23851096688214812,0.23851096688214812,0.6666666666666666
2,174,1.619803278396016,0.7142517506550258,2.01,0.12,-0.3901967216039839,0.3901967216039839,0.6274509803921569
2,176,1.5066833798977868,0.5082047457776789,1.06,0.13,0.4466833798977867,0.4466833798977867,0.845360824742268
2,178,1.4306406492142965,0.6944818782128863,2.0,0.13,-0.5693593507857035,0.5693593507857035,0.5925925925925926
2,179,1.8606734218230365,0.7011437071686238,2.87,0.1,-1.0093265781769636,1.0093265781769636,0.5471698113207547
2,180,1.5001231316072865,0.7031292363280744,1.43,0.34,0.07012313160728656,0.07012313160728656,0.38095238095238093
2,181,1.1829263130882932,0.6383469758947335,1.67,0.32,-0.4870736869117067,0.4870736869117067,0.5918367346938775
2,199,0.9569096395972116,0.711438681407442,1.57,0.23,-0.6130903604027884,0.6130903604027884,0.27906976744186046
2,203,0.545535055633151,0.6925694664219623,1.29,0.11,-0.7444649443668491,0.7444649443668491,0.6774193548387096
2,206,1.2717776477576377,0.5730015411066572,2.16,0.25,-0.8882223522423625,0.8882223522423625,0.78
2,221,1.8540220420685645,0.52788019163327,2.32,0.26,-0.46597795793143537,0.46597795793143537,0.8222222222222222
2,225,0.6919466399711149,0.6532338705321722,1.25,0.22,-0.5580533600288851,0.5580533600288851,0.7241379310344828
2,226,1.4224596830585152,0.7733439462468257,1.13,0.16,0.29245968305851533,0.29245968305851533,0.29411764705882354
2,240,1.2978828665709414,0.7322707714264438,1.58,0.17,-0.28211713342905864,0.28211713342905864,0.7857142857142857
2,250,0.9824897190573373,0.7978687161730327,0.89,0.2,0.09248971905733727,0.09248971905733727,0.37037037037037035
2,267,0.9580695252719047,0.6470217437015908,1.0,0.08,-0.0419304747280953,0.0419304747280953,0.6491228070175439
2,275,0.7066445770079295,0.723829986757888,0.08,0.17,0.6266445770079295,0.6266445770079295,0.6666666666666666
2,285,1.0429316933487318,0.7013303556182726,1.9,0.25,-0.8570683066512681,0.8570683066512681,0.525
2,288,0.6311829123315235,0.6955679117247847,1.48,0.08,-0.8488170876684765,0.8488170876684765,0.5306122448979592
2,289,1.4651899170249745,0.6169485396321435,1.88,0.32,-0.4148100829750254,0.4148100829750254,0.8725490196078431
2,291,1.2367613331923248,0.7578466987098316,2.07,0.57,-0.833238666807675,0.833238666807675,0.48148148148148145
2,295,0.9997419310866246,0.6801515309256624,1.44,0.21,-0.4402580689133754,0.4402580689133754,0.5333333333333333
2,304,0.4082322026067715,0.6856035414361397,1.31,0.32,-0.9017677973932285,0.9017677973932285,0.41379310344827586
2,309,0.2900569680753742,0.7224913570538657,0.18,0.84,0.11005696807537418,0.11005696807537418,0.41379310344827586
2,311,0.5248984801084384,0.6817093687511202,-1.06,0.36,1.5848984801084385,1.5848984801084385,0.5
2,312,1.1916800810956678,0.7360279595898497,2.24,0.13,-1.0483199189043324,1.0483199189043324,0.37142857142857144
2,317,1.5643268156960597,0.5954001512199564,1.7,0.11,-0.13567318430394026,0.13567318430394026,0.7857142857142857
2,318,0.7339711100365434,0.7404222437756371,0.61,0.12,0.12397111003654337,0.12397111003654337,0.8181818181818182
2,335,1.9973876352781401,0.7405196752873131,2.06,0.33,-0.06261236472185994,0.06261236472185994,0.5882352941176471
2,338,0.8927261642748581,0.7030159667994256,-0.33,0.16,1.2227261642748581,1.2227261642748581,0.625
2,340,1.2944125617311755,0.6720053112705814,1.5,0.13,-0.20558743826882453,0.20558743826882453,0.6530612244897959
2,342,0.851834256965911,0.7042306438019,-0.56,0.16,1.411834256965911,1.411834256965911,0.625
2,355,1.3739673040463682,0.6985076430094911,-0.19,0.31,1.5639673040463682,1.5639673040463682,0.543859649122807
2,371,1.3195952008574219,0.7560557812193452,3.33,0.45,-2.010404799142578,2.010404799142578,0.2
2,372,0.9122433535338732,0.6453799898434116,0.03,0.34,0.8822433535338732,0.8822433535338732,0.5789473684210527
2,378,1.3834927718772982,0.5855907235197391,2.44,0.12,-1.0565072281227017,1.0565072281227017,0.8076923076923077
2,384,0.971047536357149,0.6443555020853239,1.08,0.18,-0.10895246364285105,0.10895246364285105,0.8
2,387,1.5361736481666475,0.601201020503148,1.94,0.17,-0.40382635183335247,0.40382635183335247,0.8928571428571429
2,391,1.6002247460429981,0.7660047692209304,1.42,0.34,0.1802247460429982,0.1802247460429982,0.3333333333333333
2,394,0.5719490241181977,0.6991951900259549,-0.91,0.12,1.4819490241181978,1.4819490241181978,0.5882352941176471
2,396,1.720125762087986,0.7390154941066347,1.53,0.25,0.19012576208798593,0.19012576208798593,0.6078431372549019
2,402,1.383147986588681,0.6795072542642007,1.51,0.14,-0.1268520134113189,0.1268520134113189,0.8412698412698413
2,407,1.3122295165463038,0.5210461405377845,1.13,0.07,0.18222951654630393,0.18222951654630393,0.7959183673469388
2,411,1.8401005964682686,0.6904974386184941,2.05,0.26,-0.2098994035317312,0.2098994035317312,0.8372093023255814
2,412,0.7907278264530074,0.6087273299538281,0.99,0.11,-0.19927217354699256,0.19927217354699256,0.6129032258064516
2,417,1.8550027430306615,0.6640866882963373,2.43,0.15,-0.5749972569693387,0.5749972569693387,0.723404255319149
2,418,1.0278528191175813,0.6722335830605466,0.66,0.2,0.3678528191175813,0.3678528191175813,0.5833333333333334
2,431,1.093950752145233,0.844988407468412,4.31,1.0,-3.216049247854767,3.216049247854767,0.3076923076923077
2,432,1.5450421653748498,0.64688838913219,1.36,0.14,0.18504216537484974,0.18504216537484974,0.5588235294117647
2,444,1.6579902112447487,0.6759779000210671,1.88,0.1,-0.22200978875525124,0.22200978875525124,0.8311688311688312
2,445,1.7717123336929945,0.7037250156377801,0.84,0.25,0.9317123336929946,0.9317123336929946,0.7346938775510204
2,447,1.2553544093290105,0.5270680217751014,1.0,0.25,0.25535440932901055,0.25535440932901055,0.5555555555555556
2,452,1.3592940252064392,0.7074516799592243,1.48,0.16,-0.12070597479356082,0.12070597479356082,0.24489795918367346
2,455,0.9786560134552571,0.6520442241092785,0.67,0.16,0.30865601345525706,0.30865601345525706,0.6530612244897959
2,458,1.4973337511167544,0.7058511140823814,1.8,0.28,-0.30266624888324567,0.30266624888324567,0.5789473684210527
2,459,1.7835681628572861,0.6423798305936608,2.77,0.24,-0.9864318371427139,0.9864318371427139,0.6774193548387096
2,462,0.8297076560480094,0.7410266489263914,0.98,0.11,-0.15029234395199054,0.15029234395199054,0.7671232876712328
2,465,1.1415710739598424,0.7345831014377515,0.34,0.08,0.8015710739598423,0.8015710739598423,0.6956521739130435
2,468,1.3738089581116186,0.6893947551239235,0.73,0.29,0.6438089581116186,0.6438089581116186,0.868421052631579
2,480,0.1167632380611463,0.7027725599917375,0.74,0.24,-0.6232367619388537,0.6232367619388537,0.2608695652173913
2,488,1.8311211830885696,0.21209072335732074,1.5,0.24,0.33112118308856964,0.33112118308856964,0.6727272727272727
2,496,1.6646806716539382,0.77962785378878,2.05,0.25,-0.38531932834606164,0.38531932834606164,0.7659574468085106
2,503,1.0547963854451723,0.6354038082543487,1.43,0.1,-0.37520361455482765,0.37520361455482765,0.5588235294117647
2,505,0.6845532537187841,0.7487144589098069,0.5,0.15,0.18455325371878406,0.18455325371878406,0.4
2,508,0.276217573976015,0.7249553518737655,0.31,0.12,-0.03378242602398501,0.03378242602398501,0.625
2,513,1.4038568311025146,0.6101506126390022,1.18,0.24,0.22385683110251464,0.22385683110251464,0.6666666666666666
2,519,0.8123592891417446,0.6323092402937615,1.28,0.08,-0.4676407108582554,0.4676407108582554,0.6444444444444445
2,522,0.8692658003957063,0.6493667252883005,1.3,0.16,-0.4307341996042937,0.4307341996042937,0.5
2,526,1.5304191219437548,0.6969838920687976,2.47,0.26,-0.9395808780562453,0.9395808780562453,0.3333333333333333
2,530,2.557248980696788,0.6247757366936683,2.55,0.25,0.007248980696788365,0.007248980696788365,0.8524590163934426
2,540,1.177026931627093,0.7859452103198863,1.44,0.13,-0.262973068372907,0.262973068372907,0.5932203389830508
2,542,1.7661953839362194,0.6146231664571045,2.12,0.17,-0.35380461606378066,0.35380461606378066,0.6888888888888889
2,549,1.0357815920011588,0.682509065444814,0.5,0.22,0.5357815920011588,0.5357815920011588,0.5714285714285714
2,553,0.535252356840011,0.6267190983575076,0.54,0.13,-0.00474764315998899,0.00474764315998899,0.8448275862068966
2,557,1.1262643618204136,0.6716885268993327,1.43,0.24,-0.3037356381795864,0.3037356381795864,0.4418604651162791
2,563,0.7468205652528136,0.6665103605530548,1.01,0.59,-0.2631794347471864,0.2631794347471864,0.2682926829268293
2,567,0.1435198688205599,0.7145282309656774,-0.1,0.61,0.2435198688205599,0.2435198688205599,0.3870967741935484
2,569,1.795543908741886,0.7148590332303634,2.04,0.14,-0.24445609125811396,0.24445609125811396,0.7
2,572,1.0774004917343762,0.7102948511463636,1.53,0.16,-0.4525995082656238,0.4525995082656238,0.3333333333333333
2,577,1.3667755632415397,0.6434870915125234,1.71,0.27,-0.34322443675846026,0.34322443675846026,0.6041666666666666
2,580,0.2688592193477025,0.6514997608335562,-0.24,0.34,0.5088592193477025,0.5088592193477025,0.7894736842105263
2,582,1.6138790532176632,0.6981169889700358,1.55,0.17,0.06387905321766318,0.06387905321766318,0.6976744186046512
2,591,1.3546559439395878,0.6597177395185768,1.2,0.23,0.15465594393958781,0.15465594393958781,0.46296296296296297
2,593,1.5199707022307256,0.5912646751762893,1.37,0.16,0.1499707022307255,0.1499707022307255,0.6785714285714286
2,595,0.46842671088577814,0.651787987900476,0.43,0.26,0.03842671088577815,0.03842671088577815,0.696969696969697
2,597,1.8886085578499285,0.7582399536592457,1.78,0.1,0.10860855784992851,0.10860855784992851,0.6071428571428571
2,606,1.1767625531682298,0.6938361855551682,0.91,0.4,0.2667625531682297,0.2667625531682297,0.5294117647058824
2,608,2.6374724946081463,0.6554667950100641,3.36,0.44,-0.7225275053918536,0.7225275053918536,0.7903225806451613
2,610,1.2062478315568206,0.676850797247748,2.06,0.22,-0.8537521684431795,0.8537521684431795,0.7941176470588235
2,612,1.113624325528454,0.6937389907213773,0.98,0.16,0.13362432552845394,0.13362432552845394,0.8833333333333333
2,615,1.249398130132239,0.6300036437752052,1.54,0.26,-0.29060186986776104,0.29060186986776104,0.4482758620689655
2,618,0.4231388826601289,0.7133168983883086,-0.57,0.31,0.9931388826601288,0.9931388826601288,0.7692307692307693
2,621,1.7109001533804764,0.6060845014101446,2.37,0.2,-0.6590998466195237,0.6590998466195237,0.8548387096774194
2,624,1.66836446791995,0.7398893366717764,1.34,0.18,0.32836446791995,0.32836446791995,0.6724137931034483
2,634,1.7726258212662298,0.6441119762083964,3.29,0.43,-1.5173741787337702,1.5173741787337702,0.7
2,637,1.3969809081371751,0.5706347024843129,1.01,0.2,0.3869809081371751,0.3869809081371751,0.45
2,643,1.5117527352764248,0.6366008220474315,1.67,0.23,-0.1582472647235751,0.1582472647235751,0.6410256410256411
2,646,1.2998847148500174,0.6629436013076091,0.51,0.21,0.7898847148500174,0.7898847148500174,0.38095238095238093
2,652,0.9351486657599086,0.7315642183853224,1.69,0.11,-0.7548513342400913,0.7548513342400913,0.30952380952380953
2,653,2.182372415894052,0.703541196721601,2.5,0.13,-0.31762758410594794,0.31762758410594794,0.4827586206896552
2,660,-0.0048889192589416375,0.4138210698513419,-0.05,0.58,0.045111080741058365,0.045111080741058365,1.0
2,662,0.9394510340513897,0.7168929620118468,0.73,0.17,0.20945103405138976,0.20945103405138976,0.56
2,665,1.8543115883324992,0.7461041048748136,2.33,0.12,-0.47568841166750087,0.47568841166750087,0.7
2,667,1.330314214748808,0.6245688335528966,-0.1,0.27,1.4303142147488082,1.4303142147488082,0.5862068965517241
2,672,1.950989805993268,0.7534376611864739,2.4,0.45,-0.4490101940067319,0.4490101940067319,0.803921568627451
2,677,1.5400777122453901,0.7193047900322992,2.51,0.09,-0.9699222877546096,0.9699222877546096,0.5740740740740741
2,678,1.513641157434822,0.7082094905819002,-0.0,0.47,1.513641157434822,1.513641157434822,0.5714285714285714
2,692,1.4443202911664854,0.692242209207222,0.45,0.19,0.9943202911664855,0.9943202911664855,0.71875
2,695,1.3687993196675163,0.6890278440541094,1.49,0.14,-0.12120068033248366,0.12120068033248366,0.6428571428571429
2,700,1.1715903714254332,0.6611829648356866,1.98,0.29,-0.8084096285745668,0.8084096285745668,0.8461538461538461
2,701,1.5067016625798602,0.7569778628474093,1.98,0.18,-0.4732983374201398,0.4732983374201398,0.6071428571428571
2,705,1.4388620192508408,0.8102925881408366,2.12,0.56,-0.6811379807491593,0.6811379807491593,0.845360824742268
2,717,1.8240757984335119,0.7240595105855603,1.21,0.13,0.6140757984335119,0.6140757984335119,0.5
2,719,2.039227390306058,0.6970031269789001,2.35,0.1,-0.31077260969394205,0.31077260969394205,0.2786885245901639
2,721,0.6453064513146103,0.6415845405137037,-0.87,1.02,1.5153064513146104,1.5153064513146104,0.5909090909090909
2,722,0.13970975235619187,0.6220152612633253,1.2,0.2,-1.060290247643808,1.060290247643808,0.7288135593220338
2,731,1.1367633541343454,0.6962398262308862,0.75,0.14,0.38676335413434537,0.38676335413434537,0.7241379310344828
2,735,1.526491884222168,0.7835902055771342,0.98,0.14,0.546491884222168,0.546491884222168,0.6415094339622641
2,738,0.8837564204805732,0.639755664693369,1.37,0.16,-0.48624357951942687,0.48624357951942687,0.65625
2,742,0.33722904478691684,0.659895820648075,-2.29,0.79,2.627229044786917,2.627229044786917,0.6444444444444445
2,746,0.8826551449562723,0.6824720839164174,0.28,0.25,0.6026551449562723,0.6026551449562723,0.4782608695652174
2,748,1.3717261368687255,0.5478146698676334,2.04,0.33,-0.6682738631312746,0.6682738631312746,0.7272727272727273
2,749,2.1656464310702597,0.7270433671603344,2.37,0.18,-0.20435356892974044,0.20435356892974044,0.5737704918032787
2,751,0.9333607690628676,0.7627106081573978,1.83,0.16,-0.8966392309371325,0.8966392309371325,0.4897959183673469
2,752,1.3367502506239661,0.6749891639852214,1.5,0.09,-0.16324974937603387,0.16324974937603387,0.47368421052631576
2,756,0.3609603653579151,0.7332992622232926,0.95,0.23,-0.5890396346420849,0.5890396346420849,0.625
2,769,1.610223365853421,0.6000648705105137,0.99,0.06,0.6202233658534211,0.6202233658534211,0.8636363636363636
2,774,1.185317483778122,0.5285107720663728,1.51,0.04,-0.32468251622187805,0.32468251622187805,0.8367346938775511
2,781,1.6074004407444633,0.6976101393113182,3.48,0.31,-1.8725995592555367,1.8725995592555367,0.3728813559322034
2,783,0.8498195826713766,0.6499188859599608,0.7,0.18,0.14981958267137663,0.14981958267137663,0.5588235294117647
2,787,1.4334387311744121,0.7062352661812639,1.14,0.25,0.2934387311744122,0.2934387311744122,0.6041666666666666
2,791,1.177720452302513,0.7328628847608814,0.88,0.27,0.2977204523025131,0.2977204523025131,0.5714285714285714
2,801,1.5405825734982688,0.5352088320425251,1.48,0.06,0.06058257349826879,0.06058257349826879,0.8367346938775511
2,803,0.9681024901221844,0.6797519128228207,0.55,0.19,0.41810249012218437,0.41810249012218437,0.7727272727272727
2,815,1.4274168415950976,0.5793466853215931,1.35,0.11,0.07741684159509754,0.07741684159509754,0.7843137254901961
2,819,0.9555790080236333,0.65429754666666,1.15,0.19,-0.19442099197636664,0.19442099197636664,0.62
2,822,1.0087122272599707,0.7448673087475784,0.57,0.57,0.4387122272599707,0.4387122272599707,0.2777777777777778
2,827,0.7760492049718289,0.6429122362930274,0.87,0.22,-0.09395079502817105,0.09395079502817105,0.696969696969697
2,829,1.1249560615577092,0.6733642526724576,0.8,0.22,0.3249560615577092,0.3249560615577092,0.5384615384615384
2,830,0.012974571400066859,0.7363802254089165,0.44,0.2,-0.42702542859993314,0.42702542859993314,0.3684210526315789
2,842,1.4614731602520068,0.7264841214077004,2.32,0.17,-0.858526839747993,0.858526839747993,0.6585365853658537
2,846,1.4273063941358364,0.6612264777386887,0.89,0.57,0.5373063941358364,0.5373063941358364,0.5714285714285714
2,853,1.190890265611837,0.7139489006668219,0.91,0.27,0.28089026561183694,0.28089026561183694,0.5116279069767442
2,2,1.9671871600550737,0.5740173991965658,1.59,0.21,0.3771871600550736,0.3771871600550736,0.7435897435897436
2,4,1.3724380167536356,0.6838965941589527,0.92,0.13,0.4524380167536356,0.4524380167536356,0.4634146341463415
2,5,2.1295446443317374,0.6342089030359722,2.37,0.12,-0.2404553556682627,0.2404553556682627,0.7547169811320755
2,14,1.5091754083647493,0.6255738827009011,2.07,0.11,-0.5608245916352506,0.5608245916352506,0.6888888888888889
2,23,2.3786252009169506,0.7023921692017314,2.31,0.19,0.06862520091695057,0.06862520091695057,0.6774193548387096
2,24,1.5880861938006998,0.6183676119865846,1.86,0.19,-0.2719138061993003,0.2719138061993003,0.7567567567567568
2,25,1.4014507068377429,0.6947979376108766,1.53,0.16,-0.12854929316225716,0.12854929316225716,0.6382978723404256
2,28,1.2740119945131534,0.6343700009060108,1.01,0.24,0.2640119945131534,0.2640119945131534,0.8888888888888888
2,35,1.4872730756928039,0.8129139150734216,2.28,0.13,-0.7927269243071959,0.7927269243071959,0.42105263157894735
2,38,1.7966122499934833,0.6761238566207247,2.12,0.21,-0.32338775000651676,0.32338775000651676,0.5833333333333334
2,41,1.1696428695309924,0.659570195742176,2.0,0.19,-0.8303571304690076,0.8303571304690076,0.5263157894736842
2,52,1.8316933300665867,0.680688845473597,2.26,0.37,-0.42830666993341304,0.42830666993341304,0.6
2,53,0.8192924689090786,0.726812929837155,0.9,0.08,-0.08070753109092144,0.08070753109092144,0.34210526315789475
2,54,1.4572690175421399,0.6660615041709201,1.41,0.25,0.04726901754213997,0.04726901754213997,0.47058823529411764
2,60,0.4274658884122472,0.7552670300712541,0.08,0.12,0.3474658884122472,0.3474658884122472,0.4166666666666667
2,66,0.2816833903550132,0.64288431736813,-1.9,0.94,2.1816833903550132,2.1816833903550132,0.45901639344262296
2,69,0.1539922131892293,0.6245901613310983,-0.48,0.25,0.6339922131892293,0.6339922131892293,0.8
2,71,1.0608980810778843,0.6687861000076415,1.17,0.41,-0.10910191892211563,0.10910191892211563,0.5294117647058824
2,73,1.6722445799074288,0.6158539382426034,0.97,0.16,0.7022445799074288,0.7022445799074288,0.6296296296296297
2,76,1.6756081011603285,0.6612184697225271,2.23,0.11,-0.5543918988396714,0.5543918988396714,0.6
2,78,1.7351505482999716,0.5577880484369022,1.3,0.15,0.4351505482999716,0.4351505482999716,0.8738738738738738
2,91,1.1020668403305562,0.6384542718524769,2.34,0.2,-1.2379331596694436,1.2379331596694436,0.875
2,94,0.8352760881318863,0.7644339883698406,1.65,0.31,-0.8147239118681137,0.8147239118681137,0.7727272727272727
2,100,0.9830547035906804,0.6638860032881919,1.13,0.1,-0.14694529640931953,0.14694529640931953,0.6101694915254238
2,103,1.4010455237369832,0.7050332805291385,0.8,0.16,0.6010455237369832,0.6010455237369832,0.42424242424242425
2,110,1.288779780460583,0.6632789849818386,1.32,0.06,-0.031220219539417116,0.031220219539417116,0.4594594594594595
2,112,2.1472164341037323,0.6524581571716389,1.6,0.21,0.5472164341037322,0.5472164341037322,0.6666666666666666
2,114,1.5856594056808007,0.6588905209352051,1.35,0.57,0.23565940568080057,0.23565940568080057,0.525
2,118,1.5753206092729433,0.6462638847608516,0.81,0.18,0.7653206092729432,0.7653206092729432,0.8
2,131,1.9393696622133847,0.7542212211249019,0.71,0.23,1.2293696622133847,1.2293696622133847,0.6851851851851852
2,136,1.6965694273277094,0.6827685613162896,1.32,0.25,0.37656942732770937,0.37656942732770937,0.6388888888888888
2,139,0.9502600109654037,0.6111674838072849,1.7,0.08,-0.7497399890345963,0.7497399890345963,0.6458333333333334
2,150,1.0486722221668605,0.6393022238470785,1.5,0.19,-0.4513277778331395,0.4513277778331395,0.8205128205128205
2,154,1.7129110590041838,0.6448189007586743,1.77,0.66,-0.057088940995816184,0.057088940995816184,0.7941176470588235
2,155,1.3539104933571586,0.7202877011559551,1.26,0.23,0.09391049335715862,0.09391049335715862,0.4489795918367347
2,159,1.7705378697782839,0.4053769977830442,1.82,0.57,-0.049462130221716194,0.049462130221716194,0.9117647058823529
2,165,0.9068974352834586,0.6510196054466941,2.16,0.14,-1.2531025647165417,1.2531025647165417,0.725
2,166,2.0250691325119807,0.6947925940913386,2.25,0.17,-0.22493086748801927,0.22493086748801927,0.8333333333333334
2,167,0.8874708233511703,0.7136466828529658,1.46,0.16,-0.5725291766488296,0.5725291766488296,0.5277777777777778
2,173,1.5765119876526894,0.6756723674098273,1.27,0.31,0.3065119876526894,0.3065119876526894,0.7073170731707317
2,177,1.8090552434146037,0.7575707338813892,2.02,0.11,-0.21094475658539635,0.21094475658539635,0.6785714285714286
2,188,0.7174179541669254,0.79585941220607,1.45,0.1,-0.7325820458330745,0.7325820458330745,0.18181818181818182
2,194,2.122901484587989,0.5678570345564158,2.11,0.17,0.01290148458798912,0.01290148458798912,0.6170212765957447
2,200,1.067469345404831,0.6431357758825866,2.08,0.35,-1.012530654595169,1.012530654595169,0.5531914893617021
2,202,1.8330922752792707,0.7947705394056136,1.38,0.1,0.45309227527927076,0.45309227527927076,0.6037735849056604
2,214,1.904678963239291,0.6200633771725942,1.36,0.08,0.544678963239291,0.544678963239291,0.5
2,216,1.5992645462875155,0.7257796818084661,2.12,0.15,-0.5207354537124846,0.5207354537124846,0.3235294117647059
2,217,0.8208336710996338,0.6694666190753724,1.35,0.25,-0.5291663289003663,0.5291663289003663,0.6153846153846154
2,222,0.7443571165998246,0.7585598415819921,1.73,0.15,-0.9856428834001754,0.9856428834001754,0.28125
2,223,0.8544761246896033,0.587740538273907,-0.42,0.16,1.2744761246896033,1.2744761246896033,0.5333333333333333
2,235,1.4373946953761432,0.6904485746159978,0.1,0.19,1.337394695376143,1.337394695376143,0.8085106382978723
2,239,1.3621887349544644,0.6892020992795104,2.18,0.08,-0.8178112650455358,0.8178112650455358,0.5151515151515151
2,241,2.1300321962779276,0.6494793321756156,2.04,0.06,0.09003219627792758,0.09003219627792758,0.6774193548387096
2,242,0.2793241053592259,0.6229638112715798,0.45,0.28,-0.1706758946407741,0.1706758946407741,0.5526315789473685
2,244,1.2955020996407582,0.6464876662899618,1.45,0.25,-0.1544979003592417,0.1544979003592417,0.7045454545454546
2,246,1.2165952905765538,0.6278982941835295,-0.3,0.2,1.5165952905765538,1.5165952905765538,0.7096774193548387
2,247,0.35402222962882046,0.6905998177065725,1.21,0.34,-0.8559777703711795,0.8559777703711795,0.40540540540540543
2,249,0.9797642015742075,0.6349154104281574,0.76,0.25,0.2197642015742075,0.2197642015742075,0.6410256410256411
2,262,0.8789870244609884,0.5561651489438498,-1.31,0.3,2.1889870244609884,2.1889870244609884,0.6727272727272727
2,265,0.9152411152686472,0.6656524640262297,1.33,0.11,-0.4147588847313529,0.4147588847313529,0.6571428571428571
2,266,1.511645931096104,0.6673314364592,3.29,0.39,-1.7783540689038961,1.7783540689038961,0.5116279069767442
2,268,1.3616071750326022,0.7105835991137252,1.21,0.2,0.15160717503260224,0.15160717503260224,0.3888888888888889
2,276,0.9829723175760564,0.6029354990510382,1.22,0.31,-0.23702768242394356,0.23702768242394356,0.6470588235294118
2,281,1.0520279711034874,0.6834771483463797,2.32,0.2,-1.2679720288965124,1.2679720288965124,0.35714285714285715
2,292,1.4400592600459383,0.6889846180701094,1.15,0.11,0.2900592600459384,0.2900592600459384,0.3333333333333333
2,293,1.121850244663885,0.5841597684646476,0.95,0.12,0.171850244663885,0.171850244663885,0.8604651162790697
2,294,1.534565730017656,0.6245503141639864,0.99,0.23,0.5445657300176561,0.5445657300176561,0.7272727272727273
2,297,1.1191452037231855,0.5423743747283183,1.63,0.25,-0.5108547962768144,0.5108547962768144,0.75
2,300,0.7139207157680851,0.7172304207140722,0.51,0.37,0.20392071576808513,0.20392071576808513,0.5121951219512195
2,308,1.7030641428477502,0.7315510930534425,1.99,0.19,-0.2869358571522498,0.2869358571522498,0.6
2,314,1.0627488362850703,0.6667338983501623,0.81,0.2,0.2527488362850703,0.2527488362850703,0.71875
2,329,1.4321005212567408,0.646886970545097,1.54,0.1,-0.10789947874325923,0.10789947874325923,0.4594594594594595
2,331,0.28514519952188677,0.7264644631021853,0.79,0.26,-0.5048548004781133,0.5048548004781133,0.5
2,343,0.37149964175318995,0.661579171208128,-0.31,0.23,0.68149964175319,0.68149964175319,0.7692307692307693
2,346,0.5626987151961487,0.6409709485922217,0.98,0.17,-0.4173012848038513,0.4173012848038513,0.52
2,347,1.4487290022369794,0.7153999209605821,1.09,0.29,0.35872900223697934,0.35872900223697934,0.8333333333333334
2,352,2.090273721212543,0.6825759823835529,1.29,0.27,0.8002737212125428,0.8002737212125428,0.7708333333333334
2,353,1.8205590977927937,0.7774986848657782,1.56,0.26,0.2605590977927936,0.2605590977927936,0.4375
2,354,0.9021874406835078,0.6723427729226349,0.19,0.48,0.7121874406835078,0.7121874406835078,0.34375
2,369,1.0341805508668271,0.6135221730806676,-0.4,0.19,1.4341805508668273,1.4341805508668273,0.8448275862068966
2,373,1.9075601981742103,0.822342068328787,2.36,0.16,-0.4524398018257896,0.4524398018257896,0.3
2,375,1.078179873268422,0.6571655787166532,2.62,0.16,-1.541820126731578,1.541820126731578,0.6097560975609756
2,377,1.792453831703002,0.4561146739327658,2.25,0.17,-0.4575461682969979,0.4575461682969979,0.7755102040816326
2,381,1.8034571920546463,0.6303319416160688,2.05,0.23,-0.24654280794535355,0.24654280794535355,0.6071428571428571
2,388,0.565572202474135,0.6436879114611104,1.5,0.08,-0.934427797525865,0.934427797525865,0.39473684210526316
2,393,1.779407904673931,0.5156135999953854,2.22,0.36,-0.44059209532606913,0.44059209532606913,0.8333333333333334
2,399,1.9954314769577088,0.6489191446826047,2.28,0.09,-0.28456852304229097,0.28456852304229097,0.48484848484848486
2,400,1.0559461309924578,0.6142849810146204,0.12,0.22,0.9359461309924578,0.9359461309924578,0.5294117647058824
2,416,1.0570460534208184,0.6584836735718864,1.78,0.08,-0.7229539465791817,0.7229539465791817,0.6666666666666666
2,425,0.5526489932099324,0.6693190342557224,-1.1,0.28,1.6526489932099326,1.6526489932099326,0.3877551020408163
2,427,0.2933954716635232,0.7408352649376292,1.23,0.14,-0.9366045283364768,0.9366045283364768,0.4375
2,429,2.1128827892869615,0.6763923446421337,1.89,0.19,0.2228827892869616,0.2228827892869616,0.6774193548387096
2,437,0.8447485886446618,0.7408062406969568,1.54,0.24,-0.6952514113553382,0.6952514113553382,0.3333333333333333
2,438,1.8115087014982052,0.654079482131667,2.15,0.17,-0.3384912985017947,0.3384912985017947,0.7547169811320755
2,440,2.438453630846305,0.6045953243855215,2.29,0.16,0.14845363084630492,0.14845363084630492,0.7377049180327869
2,456,1.3227092760585457,0.6990068996986203,0.54,0.12,0.7827092760585457,0.7827092760585457,0.7142857142857143
2,457,1.5014817796417892,0.5779067412007284,0.23,0.27,1.2714817796417892,1.2714817796417892,0.7096774193548387
2,460,0.9878741692067804,0.5507009606743523,1.55,0.59,-0.5621258307932196,0.5621258307932196,0.6060606060606061
2,467,0.6262612173924897,0.556348542944314,-0.35,0.1,0.9762612173924897,0.9762612173924897,0.7647058823529411
2,470,0.6644974692563468,0.6942752682259871,-0.35,0.22,1.0144974692563467,1.0144974692563467,0.3333333333333333
2,471,1.1279348560807152,0.6685876260569555,0.78,0.18,0.34793485608071517,0.34793485608071517,0.7948717948717948
2,472,1.1262604029780843,0.6567116184148841,1.37,0.06,-0.24373959702191583,0.24373959702191583,0.8269230769230769
2,473,1.3429176726847083,0.7028584194777179,1.0,0.23,0.3429176726847083,0.3429176726847083,0.3
2,479,2.1379693593887987,0.578941540960982,2.34,0.06,-0.20203064061120113,0.20203064061120113,0.819672131147541
2,484,1.7950582484534277,0.705744031125235,2.18,0.14,-0.3849417515465725,0.3849417515465725,0.5853658536585366
2,499,0.3465459623121333,0.6943907130537061,2.18,0.15,-1.8334540376878667,1.8334540376878667,0.2962962962962963
2,502,1.5259134471957057,0.7062381516851186,1.63,0.58,-0.10408655280429424,0.10408655280429424,0.42857142857142855
2,504,0.5743265763143389,0.5555979009825761,1.09,0.57,-0.5156734236856612,0.5156734236856612,0.5357142857142857
2,511,0.917749002961037,0.6847098761251607,0.88,0.27,0.037749002961037004,0.037749002961037004,0.41935483870967744
2,512,1.3573148719614008,0.5845775686105447,1.6,0.1,-0.24268512803859932,0.24268512803859932,0.4838709677419355
2,514,1.67006859790386,0.5948184817863398,2.32,0.11,-0.6499314020961398,0.6499314020961398,0.6
2,515,1.578900369252008,0.6501255921494206,2.04,0.19,-0.461099630747992,0.461099630747992,0.7530864197530864
2,518,1.071387106836457,0.6804078950864315,2.14,0.18,-1.068612893163543,1.068612893163543,0.5142857142857142
2,521,1.1200549473829504,0.616206769435311,0.43,0.13,0.6900549473829505,0.6900549473829505,0.5
2,524,1.4226660309521477,0.5495243097464526,1.51,0.13,-0.08733396904785229,0.08733396904785229,0.7924528301886793
2,525,1.7664898703988419,0.7880937491971642,1.03,0.14,0.7364898703988418,0.7364898703988418,0.6428571428571429
2,532,0.8109186138571607,0.6873908051080083,1.64,0.18,-0.8290813861428392,0.8290813861428392,0.47368421052631576
2,536,1.5518777282827116,0.751349138265416,1.92,0.56,-0.3681222717172883,0.3681222717172883,0.5263157894736842
2,546,1.5212366961017976,0.6917281425950309,1.62,0.16,-0.09876330389820254,0.09876330389820254,0.8947368421052632
2,552,1.751788632055431,0.5246221059413959,1.32,0.29,0.43178863205543094,0.43178863205543094,0.8333333333333334
2,558,1.5464381705314192,0.6880113645367922,1.7,0.14,-0.15356182946858077,0.15356182946858077,0.6785714285714286
2,559,0.7651641993822383,0.5852549209659099,1.2,0.18,-0.4348358006177616,0.4348358006177616,0.7297297297297297
2,566,1.0070370208403872,0.6977394605011156,0.84,0.24,0.16703702084038718,0.16703702084038718,0.3333333333333333
2,571,1.304458688933456,0.6401720373783563,2.1,0.09,-0.7955413110665441,0.7955413110665441,0.8490566037735849
2,576,1.3915047282164281,0.6672716808525213,1.71,0.24,-0.31849527178357184,0.31849527178357184,0.5142857142857142
2,578,1.9296652272634207,0.6204900193236218,1.94,0.1,-0.010334772736579234,0.010334772736579234,0.52
2,579,1.5547878990075703,0.4678384752836666,2.03,0.14,-0.4752121009924295,0.4752121009924295,0.7272727272727273
2,596,1.3400005736752767,0.7631465442326046,1.66,0.6,-0.3199994263247232,0.3199994263247232,0.5238095238095238
2,598,1.3479926582742516,0.6109214634153508,1.35,0.24,-0.002007341725748457,0.002007341725748457,0.7358490566037735
2,601,1.2102088119683205,1.1079629282494046,1.95,0.45,-0.7397911880316794,0.7397911880316794,0.574468085106383
2,611,0.8073877155404589,0.6007845864434296,1.7,0.14,-0.8926122844595411,0.8926122844595411,0.6
2,616,1.6739113405877346,0.6780840167661409,0.91,0.19,0.7639113405877346,0.7639113405877346,0.5
2,630,1.3607683914526862,0.5730827425814331,1.46,0.1,-0.09923160854731372,0.09923160854731372,0.8636363636363636
2,636,1.1704777454728688,0.4902405920467922,0.86,0.09,0.31047774547286877,0.31047774547286877,0.6666666666666666
2,638,1.528402725039582,0.6858660446325485,-1.12,0.33,2.648402725039582,2.648402725039582,0.675
2,641,1.0094843525287978,0.7503067779938459,0.24,0.23,0.7694843525287978,0.7694843525287978,0.4117647058823529
2,644,1.1101451098014068,0.6165621690560896,1.02,0.23,0.09014510980140678,0.09014510980140678,0.45
2,645,-0.22134809826747004,0.6508205154610226,0.12,0.24,-0.34134809826747003,0.34134809826747003,0.46153846153846156
2,650,1.5822807466453503,0.6599158496626628,1.4,0.09,0.18228074664535043,0.18228074664535043,0.8269230769230769
2,658,1.6351963632526263,0.6764305705341143,1.6,0.4,0.035196363252626206,0.035196363252626206,0.6041666666666666
2,685,0.9242222483040343,0.694617895862475,1.42,0.12,-0.4957777516959656,0.4957777516959656,0.3125
2,694,1.7884813430199116,0.6408531323521015,2.39,0.22,-0.6015186569800886,0.6015186569800886,0.5625
2,699,1.5460074193264344,0.6347544097760588,2.49,0.16,-0.9439925806735658,0.9439925806735658,0.4827586206896552
2,711,1.3920852332780547,0.618993562483346,1.9,0.24,-0.5079147667219452,0.5079147667219452,0.631578947368421
2,712,1.2319828906058417,0.6355461967555843,0.57,0.12,0.6619828906058417,0.6619828906058417,0.6170212765957447
2,716,1.0158943143112311,0.628432875028909,1.18,0.29,-0.16410568568876882,0.16410568568876882,0.6666666666666666
2,729,0.64403687990587,0.7725504811581438,0.45,0.19,0.19403687990586999,0.19403687990586999,0.5909090909090909
2,750,1.1071310694879555,0.6152049809597007,1.64,0.14,-0.5328689305120444,0.5328689305120444,0.6938775510204082
2,755,1.3919105507656007,0.6458194875911697,1.03,0.28,0.36191055076560064,0.36191055076560064,0.75
2,757,1.1825197730299932,0.7827616182433503,0.9,0.16,0.2825197730299932,0.2825197730299932,0.23076923076923078
2,761,1.4580711004947386,0.6758506051404543,0.66,0.12,0.7980711004947386,0.7980711004947386,0.525
2,767,1.599910109807492,0.7132305969661802,1.74,0.1,-0.14008989019250806,0.14008989019250806,0.7027027027027027
2,784,1.1312123574684516,0.7171451400311619,0.0,0.24,1.1312123574684516,1.1312123574684516,0.532258064516129
2,786,1.1587232224909794,0.7018112692800959,1.12,0.1,0.03872322249097926,0.03872322249097926,0.5
2,789,1.180518438584689,0.7426679971717673,0.11,0.2,1.0705184385846889,1.0705184385846889,0.34146341463414637
2,796,1.530601580292705,0.6770371447186014,1.04,0.25,0.49060158029270506,0.49060158029270506,0.8085106382978723
2,804,1.8863176196742741,0.7010119034926438,0.54,0.2,1.346317619674274,1.346317619674274,0.5681818181818182
2,809,1.8315239192501984,0.6418674153460082,1.51,0.2,0.3215239192501984,0.3215239192501984,0.6444444444444445
2,811,0.450294556417716,0.6213560761241734,1.07,0.21,-0.6197054435822841,0.6197054435822841,0.631578947368421
2,816,1.6312898117609562,0.6874999344468126,2.16,0.11,-0.5287101882390439,0.5287101882390439,0.6296296296296297
2,818,1.4674580797742414,0.5747556342093697,1.36,0.12,0.10745807977424127,0.10745807977424127,0.5
2,826,1.7368525200561231,0.663366701053207,2.06,0.22,-0.32314747994387694,0.32314747994387694,0.6744186046511628
2,833,1.7240605169711885,0.650153628571784,1.07,0.1,0.6540605169711884,0.6540605169711884,0.6052631578947368
2,834,1.5562153924503825,0.6565676066210105,2.07,0.06,-0.5137846075496173,0.5137846075496173,0.5
2,835,1.3606090962044457,0.5261857116347592,1.54,0.11,-0.17939090379555434,0.17939090379555434,0.8301886792452831
2,840,1.3855711392411387,0.6050274807846381,2.09,0.34,-0.7044288607588611,0.7044288607588611,0.6052631578947368
2,841,1.9839390639806775,0.6083966477453391,3.32,0.5,-1.3360609360193223,1.3360609360193223,0.5227272727272727
2,847,1.0789210548852763,0.7957116044503815,0.78,0.1,0.2989210548852763,0.2989210548852763,0.6666666666666666
2,848,1.4492894395758724,0.6774514988111281,1.23,0.28,0.21928943957587244,0.21928943957587244,0.5
2,849,0.5239076177066146,0.7686793588981515,0.68,0.13,-0.1560923822933854,0.1560923822933854,0.6666666666666666
2,854,1.2944336994462198,0.6704454402657762,3.78,1.1,-2.48556630055378,2.48556630055378,0.425531914893617
2,855,0.4565052031886111,0.690985332551992,-1.57,1.02,2.026505203188611,2.026505203188611,0.4444444444444444
2,863,1.227232059812428,0.7118404297846097,1.04,0.21,0.18723205981242796,0.18723205981242796,0.868421052631579
2,6,1.4075741897340284,0.6915585354538105,0.88,0.1,0.5275741897340284,0.5275741897340284,0.4794520547945205
2,9,1.5729768056110238,0.689299517889478,2.31,0.09,-0.7370231943889762,0.7370231943889762,0.5862068965517241
2,11,1.39220222524397,0.6140364883269598,1.61,0.17,-0.21779777475603002,0.21779777475603002,0.8888888888888888
2,17,1.5753691622874695,0.6496612074402248,-0.22,0.24,1.7953691622874695,1.7953691622874695,0.725
2,27,0.7539716643831087,0.7140777830618061,0.84,0.18,-0.08602833561689127,0.08602833561689127,0.375
2,33,1.1833053510353821,0.6251348431331347,1.59,0.15,-0.40669464896461793,0.40669464896461793,0.26666666666666666
2,36,1.4694823891914506,0.6318728958546814,1.14,0.26,0.3294823891914507,0.3294823891914507,0.7906976744186046
2,39,0.2796798940332339,0.6094698848576346,-0.27,0.37,0.5496798940332339,0.5496798940332339,0.7368421052631579
2,44,1.005808658618549,0.6658447296225762,-0.21,0.17,1.215808658618549,1.215808658618549,0.4897959183673469
2,45,1.060872271892291,0.568900902320433,1.14,0.11,-0.07912772810770896,0.07912772810770896,0.6333333333333333
2,57,1.6828708805979093,0.6566559617578925,1.89,0.13,-0.20712911940209056,0.20712911940209056,0.6792452830188679
2,64,1.0926536779881006,0.6574682759247832,-0.41,0.25,1.5026536779881006,1.5026536779881006,0.24489795918367346
2,79,1.2747267051724993,0.7007249152654258,0.3,0.15,0.9747267051724993,0.9747267051724993,0.2982456140350877
2,82,1.343438053072861,0.6962385544209984,1.31,0.15,0.03343805307286085,0.03343805307286085,0.7894736842105263
2,85,1.6571228662205713,0.7554800785942982,2.35,0.13,-0.6928771337794288,0.6928771337794288,0.47619047619047616
2,87,1.1970737474195332,0.6255450903968137,1.1,0.17,0.09707374741953312,0.09707374741953312,0.7647058823529411
2,92,1.4499625538345529,0.6781560139425712,1.99,0.18,-0.5400374461654471,0.5400374461654471,0.2391304347826087
2,93,1.5047155558352694,0.6488600970636383,1.97,0.24,-0.4652844441647306,0.4652844441647306,0.7567567567567568
2,95,1.3080719586066207,0.7325921683025776,2.34,0.55,-1.0319280413933791,1.0319280413933791,0.4375
2,98,0.5531090460305089,0.7400475350426801,-0.39,0.25,0.9431090460305089,0.9431090460305089,0.3333333333333333
2,104,0.2393363974988436,0.6722215918863441,0.99,0.07,-0.7506636025011564,0.7506636025011564,0.5454545454545454
2,105,1.7119547258460943,0.6389311707131732,1.17,0.35,0.5419547258460944,0.5419547258460944,0.6216216216216216
2,106,1.6156938854101366,0.5719754480071743,1.9,0.19,-0.2843061145898633,0.2843061145898633,0.7058823529411765
2,115,0.9228123642617494,0.6269915958357801,1.0,0.11,-0.0771876357382506,0.0771876357382506,0.6491228070175439
2,127,1.278946809163166,0.595827253650494,-0.11,0.2,1.388946809163166,1.388946809163166,0.6458333333333334
2,133,1.557452116360721,0.5959390962068467,-0.62,0.2,2.177452116360721,2.177452116360721,0.75
2,140,0.9662233510186615,0.7637861774298758,0.09,0.16,0.8762233510186616,0.8762233510186616,0.2903225806451613
2,144,0.8348769496746269,0.7223365572715523,1.34,0.3,-0.5051230503253732,0.5051230503253732,0.5142857142857142
2,145,1.133328413459223,0.6169947660757685,2.52,0.11,-1.386671586540777,1.386671586540777,0.6410256410256411
2,147,1.4375743375195222,0.6658601825954491,0.96,0.11,0.4775743375195223,0.4775743375195223,0.6333333333333333
2,149,1.2582900921510913,0.667226427785117,0.72,0.3,0.5382900921510914,0.5382900921510914,0.6415094339622641
2,151,1.239727298697622,0.6455683925401025,1.72,0.26,-0.480272701302378,0.480272701302378,0.46938775510204084
2,153,1.6652333962602879,0.6683426580940476,0.2,0.28,1.465233396260288,1.465233396260288,0.24444444444444444
2,162,1.093166853578453,0.6354157994772671,0.7,0.13,0.39316685357845294,0.39316685357845294,0.5172413793103449
2,170,0.7982565404209152,0.6600171884744152,1.17,0.28,-0.3717434595790847,0.3717434595790847,0.5555555555555556
2,184,0.7673993848820754,0.6582264546462777,0.8,0.28,-0.03260061511792467,0.03260061511792467,0.6764705882352942
2,186,0.6160313199967735,0.6633313800780916,0.37,0.33,0.24603131999677352,0.24603131999677352,0.46153846153846156
2,189,1.241032205127402,0.6968528241383902,1.02,0.25,0.22103220512740207,0.22103220512740207,0.38461538461538464
2,190,1.2844401195456225,0.6332794049995063,1.6,0.35,-0.31555988045437755,0.31555988045437755,0.8421052631578947
2,191,1.7670910220530014,0.6867359523384974,2.59,0.11,-0.8229089779469985,0.8229089779469985,0.5740740740740741
2,196,0.5365779155300766,0.7326123265520885,0.79,0.17,-0.2534220844699234,0.2534220844699234,0.2777777777777778
2,208,1.1453610050583862,0.7422232432811172,1.24,0.26,-0.09463899494161376,0.09463899494161376,0.2916666666666667
2,210,1.252835791303587,0.7041852141601663,2.1,0.26,-0.8471642086964131,0.8471642086964131,0.2537313432835821
2,215,1.003461619888567,0.7488023202960296,1.28,0.18,-0.27653838011143295,0.27653838011143295,0.3076923076923077
2,220,1.6343567197097557,0.68239062622152,1.62,0.11,0.014356719709755605,0.014356719709755605,0.2602739726027397
2,228,0.896953886701457,0.5689759773657669,1.24,0.31,-0.34304611329854295,0.34304611329854295,0.7954545454545454
2,229,0.5023453893565843,0.7701948801868239,-0.93,0.43,1.4323453893565845,1.4323453893565845,0.22857142857142856
2,233,1.51542247324101,0.6945990450415375,0.41,0.15,1.10542247324101,1.10542247324101,0.4827586206896552
2,234,1.550131866607565,0.6325094008025508,2.28,0.17,-0.7298681333924348,0.7298681333924348,0.45
2,237,0.7607223993176266,0.6446160303070766,1.5,0.32,-0.7392776006823734,0.7392776006823734,0.6333333333333333
2,243,0.9249043429469397,0.7091229684745188,1.38,0.36,-0.4550956570530602,0.4550956570530602,0.5
2,252,1.1312881851838719,0.5311735707058726,0.87,0.19,0.26128818518387187,0.26128818518387187,0.7692307692307693
2,253,0.8925132466818394,0.6077815143884946,-0.42,0.26,1.3125132466818394,1.3125132466818394,0.6727272727272727
2,254,1.7599531316684693,0.657185252053548,1.31,0.32,0.4499531316684693,0.4499531316684693,0.8163265306122449
2,256,1.643557189327853,0.6968635949247531,2.33,0.41,-0.686442810672147,0.686442810672147,0.5862068965517241
2,259,0.4445682429793869,0.5892048556323891,-1.49,0.9,1.934568242979387,1.934568242979387,0.5869565217391305
2,260,0.8274943887774677,0.6253581400862488,0.36,0.38,0.46749438877746774,0.46749438877746774,0.6307692307692307
2,261,1.0558404583733207,0.6103924101701106,0.85,0.35,0.20584045837332077,0.20584045837332077,0.7931034482758621
2,264,0.7276725712141208,0.6527537846962636,0.2,0.25,0.5276725712141208,0.5276725712141208,0.7241379310344828
2,269,2.16852127810275,0.5764326251084874,1.0,0.23,1.1685212781027499,1.1685212781027499,0.5909090909090909
2,270,2.031296351024485,0.7354721135665269,1.99,0.57,0.04129635102448481,0.04129635102448481,0.803921568627451
2,274,1.6541114458562274,0.7298638034652679,1.57,0.29,0.08411144585622732,0.08411144585622732,0.6052631578947368
2,277,2.2849685894195746,0.6260389048315452,2.24,0.1,0.04496858941957438,0.04496858941957438,0.7272727272727273
2,278,1.0911284257300682,0.6218279578025288,1.85,0.16,-0.7588715742699319,0.7588715742699319,0.4444444444444444
2,282,-0.08514419141658869,0.7050069593917099,0.74,0.12,-0.8251441914165887,0.8251441914165887,0.11764705882352941
2,283,0.9867741037876403,0.6426964968806216,1.25,0.3,-0.2632258962123597,0.2632258962123597,0.5454545454545454
2,290,1.54839639292353,0.6435537356829691,1.57,0.18,-0.02160360707647002,0.02160360707647002,0.7708333333333334
2,298,1.486791931968014,0.6886950762170495,2.09,0.19,-0.6032080680319858,0.6032080680319858,0.5454545454545454
2,301,1.3613227476570267,0.6675168206363797,0.85,0.24,0.5113227476570267,0.5113227476570267,0.6086956521739131
2,303,1.4934788953403886,0.5450389974497883,-0.47,0.25,1.9634788953403886,1.9634788953403886,0.7272727272727273
2,306,1.309905971181206,0.6628855965918486,1.0,0.17,0.309905971181206,0.309905971181206,0.5263157894736842
2,307,1.4496981008704377,0.6541111553146383,1.53,0.2,-0.08030189912956232,0.08030189912956232,0.6521739130434783
2,313,0.9201992954931472,0.7373227211985032,1.17,0.15,-0.24980070450685277,0.24980070450685277,0.48214285714285715
2,320,1.4843414502715155,0.727788911868732,1.86,0.24,-0.37565854972848456,0.37565854972848456,0.45121951219512196
2,332,1.053497271625632,0.5884630588045531,-0.27,0.2,1.323497271625632,1.323497271625632,0.6060606060606061
2,337,1.35785113431847,0.4764426298429037,1.16,0.18,0.19785113431847012,0.19785113431847012,0.8775510204081632
2,339,1.476185880312048,0.633415752992701,2.48,0.14,-1.003814119687952,1.003814119687952,0.52
2,341,2.1580837037568648,0.6489418808190387,0.95,0.15,1.2080837037568648,1.2080837037568648,0.7333333333333333
2,349,1.3183985018304145,0.638310965376834,1.74,0.15,-0.4216014981695855,0.4216014981695855,0.45
2,350,0.9549469945062816,0.7886411759952682,-0.14,0.22,1.0949469945062815,1.0949469945062815,0.3829787234042553
2,357,1.6226296767918258,0.4578495542878935,1.54,0.14,0.08262967679182576,0.08262967679182576,0.85
2,358,1.1723579916002216,0.6202903248638156,0.09,0.2,1.0823579916002215,1.0823579916002215,0.4107142857142857
2,362,1.2005956891386695,0.5100046612175672,1.16,0.11,0.04059568913866962,0.04059568913866962,0.7906976744186046
2,368,0.865145159423963,0.5737872254675456,0.56,0.22,0.3051451594239629,0.3051451594239629,0.5714285714285714
2,380,1.2620078621825983,0.7015449478373209,1.56,0.26,-0.29799213781740175,0.29799213781740175,0.39344262295081966
2,383,1.5082861874324434,0.6242205333804859,1.63,0.16,-0.12171381256755653,0.12171381256755653,0.8928571428571429
2,389,1.1226777102039354,0.6645336559391943,1.15,0.18,-0.027322289796064547,0.027322289796064547,0.7045454545454546
2,390,1.1350755793903542,0.4792631246115554,0.97,0.05,0.16507557939035422,0.16507557939035422,0.75
2,395,1.004198229430107,0.6914207566710606,1.7,0.19,-0.6958017705698929,0.6958017705698929,0.4146341463414634
2,403,-0.1716680464458833,0.703354839825175,-0.09,0.23,-0.0816680464458833,0.0816680464458833,0.3333333333333333
2,408,1.1523447260804223,0.707225685792621,2.0,0.19,-0.8476552739195777,0.8476552739195777,0.3939393939393939
2,410,0.9147858781038434,0.7113564867498208,1.39,0.2,-0.4752141218961565,0.4752141218961565,0.62
2,413,0.8366491397019673,0.6935755022203859,-1.5,0.94,2.3366491397019673,2.3366491397019673,0.5121951219512195
2,415,1.3914606412105726,0.666489165957519,1.0,0.09,0.39146064121057256,0.39146064121057256,0.75
2,420,1.0648307232736731,0.6956633543588587,1.4,0.06,-0.3351692767263268,0.3351692767263268,0.8421052631578947
2,421,0.8041468156170613,0.833858707229583,2.15,0.23,-1.3458531843829387,1.3458531843829387,0.07142857142857142
2,422,1.6747650492525659,0.6377403526395056,1.75,0.16,-0.07523495074743414,0.07523495074743414,0.5111111111111111
2,428,0.6282257524492495,0.6215117690795287,-0.82,0.25,1.4482257524492494,1.4482257524492494,0.8085106382978723
2,430,0.2759658607411096,0.5721168711783875,0.69,0.16,-0.4140341392588903,0.4140341392588903,0.5272727272727272
2,435,1.929855583844539,0.652975053778214,1.41,0.21,0.5198555838445391,0.5198555838445391,0.6410256410256411
2,448,1.1294947358304903,0.6172004872845438,0.09,0.24,1.0394947358304902,1.0394947358304902,0.47058823529411764
2,449,1.4447133388197126,0.7395502344219839,1.19,0.14,0.2547133388197127,0.2547133388197127,0.2857142857142857
2,469,1.4020246612169776,0.6212792000946739,1.54,0.24,-0.13797533878302248,0.13797533878302248,0.68
2,494,1.1946398437377967,0.6346045015844769,2.48,0.37,-1.2853601562622032,1.2853601562622032,0.6486486486486487
2,495,1.3228515044125722,0.6952343684794426,1.12,0.26,0.20285150441257205,0.20285150441257205,0.6470588235294118
2,497,2.1914429717949218,0.493082706469952,2.11,0.17,0.08144297179492188,0.08144297179492188,0.6865671641791045
2,500,2.195557318966823,0.6821262140048766,2.18,0.16,0.015557318966822997,0.015557318966822997,0.6538461538461539
2,501,1.3771097646977908,0.7117154169641721,1.3,0.3,0.07710976469779074,0.07710976469779074,0.4594594594594595
2,507,0.9686370075352325,0.6949346112640161,-0.45,0.43,1.4186370075352326,1.4186370075352326,0.6774193548387096
2,516,0.9910826903548775,0.6049460017691701,2.07,0.14,-1.0789173096451223,1.0789173096451223,0.7906976744186046
2,517,1.8586435183963048,0.5054305599333261,1.6,0.2,0.25864351839630473,0.25864351839630473,0.8369565217391305
2,523,1.2759703369190425,0.8176387516110775,0.79,0.33,0.48597033691904246,0.48597033691904246,0.6428571428571429
2,531,1.320716853972204,0.6119582089390231,1.31,0.32,0.01071685397220401,0.01071685397220401,0.7272727272727273
2,533,1.9314447557583794,0.662177144068239,0.69,0.13,1.2414447557583794,1.2414447557583794,0.6530612244897959
2,543,0.9340750385141152,0.6033431357000175,0.97,0.15,-0.035924961485884754,0.035924961485884754,0.7058823529411765
2,547,1.1968067250972065,0.6712546731500284,1.27,0.2,-0.07319327490279348,0.07319327490279348,0.35714285714285715
2,548,1.7184752065503814,0.6263160313773511,2.14,0.24,-0.4215247934496187,0.4215247934496187,0.5925925925925926
2,554,0.9951635341482596,0.6689004805744602,1.76,0.23,-0.7648364658517404,0.7648364658517404,0.4
2,560,0.8875304471627163,0.7004769493716033,1.02,0.19,-0.13246955283728368,0.13246955283728368,0.26666666666666666
2,575,1.671885101556029,0.6640175316162054,1.96,0.21,-0.288114898443971,0.288114898443971,0.5151515151515151
2,583,0.662631880724956,0.7104867174579754,0.98,0.07,-0.31736811927504394,0.31736811927504394,0.391304347826087
2,586,1.6536111450144118,0.7778791217574306,1.72,0.45,-0.06638885498558822,0.06638885498558822,0.5263157894736842
2,594,0.8339655020673773,0.6710518114961164,2.1,0.34,-1.2660344979326228,1.2660344979326228,0.5806451612903226
2,600,1.683001940411164,0.629233591501847,1.67,0.3,0.013001940411164092,0.013001940411164092,0.75
2,603,0.8443145117765274,0.7012683717295044,0.97,0.21,-0.12568548822347259,0.12568548822347259,0.6170212765957447
2,605,1.5878679678409868,0.7279130356874324,1.46,0.13,0.12786796784098686,0.12786796784098686,0.2962962962962963
2,613,1.8262075361154841,0.6646447253121464,3.44,0.44,-1.6137924638845158,1.6137924638845158,0.4426229508196721
2,617,1.348690163662038,0.5256245472240454,1.48,0.09,-0.1313098363379619,0.1313098363379619,0.7647058823529411
2,620,0.691331372524711,0.6360213830721893,0.49,0.15,0.201331372524711,0.201331372524711,0.46153846153846156
2,623,0.5133997219801139,0.6561181548055197,0.03,0.2,0.48339972198011383,0.48339972198011383,0.38461538461538464
2,625,1.6210736005458186,0.7496692781055077,1.64,0.35,-0.018926399454181286,0.018926399454181286,0.375
2,629,1.4772628265965357,0.5434193940279419,2.0,0.15,-0.5227371734034643,0.5227371734034643,0.8301886792452831
2,633,2.4035299313410476,0.6084302373346461,2.94,0.25,-0.5364700686589523,0.5364700686589523,0.7903225806451613
2,656,1.601741706194566,0.4495904971043568,1.95,0.25,-0.34825829380543394,0.34825829380543394,0.9117647058823529
2,657,1.1426972714664783,0.6334968896520644,0.59,0.06,0.5526972714664783,0.5526972714664783,0.8135593220338984
2,663,1.863476031133854,0.6337529862365859,2.17,0.14,-0.30652396886614586,0.30652396886614586,0.6153846153846154
2,664,1.0995156320929855,0.5961738134484595,2.87,0.24,-1.7704843679070146,1.7704843679070146,0.52
2,668,1.829949147610769,0.6441812866223915,1.86,0.16,-0.03005085238923111,0.03005085238923111,0.5490196078431373
2,669,0.8920449931037183,0.6259558641530488,1.26,0.58,-0.3679550068962817,0.3679550068962817,0.7105263157894737
2,671,1.307492025286265,0.6385851539638825,1.01,0.21,0.29749202528626495,0.29749202528626495,0.7948717948717948
2,673,1.2150740470651884,0.8322963298655502,1.15,0.18,0.06507404706518849,0.06507404706518849,0.24242424242424243
2,675,1.536302553864661,0.6606020098176683,1.9,0.29,-0.36369744613533883,0.36369744613533883,0.7222222222222222
2,681,1.473969114394103,0.6292409077596629,0.9,0.1,0.5739691143941029,0.5739691143941029,0.8205128205128205
2,682,1.0529911694250873,0.6941297789793728,0.34,0.26,0.7129911694250872,0.7129911694250872,0.6938775510204082
2,684,0.8701622152230399,0.6701847959292645,-0.5,0.24,1.37016221522304,1.37016221522304,0.7931034482758621
2,688,1.372051707289724,0.6304456314269156,1.14,0.17,0.23205170728972413,0.23205170728972413,0.7857142857142857
2,693,1.551685983507793,0.6230286678819893,1.73,0.12,-0.17831401649220702,0.17831401649220702,0.6333333333333333
2,696,2.0695600345380036,0.6359469081938203,2.84,0.14,-0.7704399654619962,0.7704399654619962,0.6774193548387096
2,698,0.5032023407749378,0.6296071478035473,-0.5,0.13,1.0032023407749378,1.0032023407749378,0.7894736842105263
2,704,0.28963385721922086,0.7098568238883262,0.36,0.18,-0.07036614278077913,0.07036614278077913,0.20689655172413793
2,706,1.7470740499894137,0.7403642262936024,1.92,0.1,-0.1729259500105862,0.1729259500105862,0.6190476190476191
2,723,1.4796914853858079,0.7162205786331298,1.77,0.34,-0.29030851461419216,0.29030851461419216,0.3829787234042553
2,724,1.846393892745521,0.7010373137830664,2.18,0.1,-0.33360610725447915,0.33360610725447915,0.36764705882352944
2,728,1.2147499160543163,0.6284723008603053,2.0,0.1,-0.7852500839456837,0.7852500839456837,0.8727272727272727
2,737,0.8836875713222945,0.6885224100809895,-0.81,0.11,1.6936875713222945,1.6936875713222945,0.6571428571428571
2,739,0.6523135107148367,0.774777028401487,-0.62,0.62,1.2723135107148367,1.2723135107148367,0.2903225806451613
2,743,1.0998639213396986,0.7680810037997741,0.33,0.37,0.7698639213396985,0.7698639213396985,0.2112676056338028
2,762,1.3819104326594553,0.6207824635447992,1.74,0.12,-0.35808956734054465,0.35808956734054465,0.8947368421052632
2,768,0.3332064728611498,0.7138093126849239,0.41,0.23,-0.07679352713885018,0.07679352713885018,0.37037037037037035
2,771,1.1392759975796516,0.7429202646333112,2.39,0.19,-1.2507240024203485,1.2507240024203485,0.3
2,775,1.1471381865651114,0.6017412089376395,4.29,0.95,-3.1428618134348887,3.1428618134348887,0.71875
2,777,0.9249862465066101,0.776406229726207,0.41,0.24,0.5149862465066102,0.5149862465066102,0.7857142857142857
2,790,1.436168919559765,0.7192472172488787,-1.41,0.9,2.846168919559765,2.846168919559765,0.6666666666666666
2,792,1.1613280360104983,0.6871978723548973,-1.26,0.42,2.4213280360104985,2.4213280360104985,0.4827586206896552
2,794,1.6066010408971358,0.628661313364556,1.92,0.22,-0.3133989591028641,0.3133989591028641,0.7727272727272727
2,799,1.747056629655659,0.6087453687427541,-0.19,0.49,1.937056629655659,1.937056629655659,0.5294117647058824
2,802,1.4553299654436143,0.6996829320231943,1.12,0.28,0.33532996544361415,0.33532996544361415,0.48484848484848486
2,814,1.455670633244319,0.5772161431501983,1.95,0.15,-0.49432936675568095,0.49432936675568095,0.5
2,817,1.3431453825976398,0.6012482588884496,1.89,0.08,-0.5468546174023601,0.5468546174023601,0.6808510638297872
2,820,1.6094214712253527,0.6573068012306751,2.08,0.16,-0.47057852877464734,0.47057852877464734,0.75
2,839,0.5734149380650745,0.7353394649231727,-0.37,0.28,0.9434149380650745,0.9434149380650745,0.20689655172413793
2,844,1.2553501085309897,0.6616315488080788,2.25,0.4,-0.9946498914690103,0.9946498914690103,0.6388888888888888
2,859,2.4379808551029067,0.6520348187268314,3.95,1.06,-1.5120191448970934,1.5120191448970934,0.5737704918032787
2,0,1.2225850598456225,0.7761201765895975,2.51,0.12,-1.2874149401543773,1.2874149401543773,0.4222222222222222
2,8,1.7745213551915615,0.4460008837861298,1.57,0.32,0.20452135519156145,0.20452135519156145,0.75
2,19,1.9148038750256973,0.6573742426348258,1.41,0.17,0.5048038750256973,0.5048038750256973,0.7954545454545454
2,21,0.5293788176932422,0.6329143818618704,-2.1,0.84,2.6293788176932424,2.6293788176932424,0.5454545454545454
2,26,1.8984864212344879,0.6408444282791211,1.64,0.06,0.25848642123448795,0.25848642123448795,0.7027027027027027
2,31,1.5821388146246917,0.704525415384752,1.72,0.24,-0.13786118537530823,0.13786118537530823,0.5490196078431373
2,34,0.5690614470799991,0.6122849188815778,1.22,0.08,-0.6509385529200009,0.6509385529200009,0.5869565217391305
2,43,1.8807282974648538,0.6722988859969942,1.17,0.14,0.7107282974648539,0.7107282974648539,0.8461538461538461
2,46,1.291767112635619,0.6730800907289923,0.7,0.14,0.591767112635619,0.591767112635619,0.782608695652174
2,47,1.0833075783301378,0.605679423800121,0.6,0.1,0.4833075783301378,0.4833075783301378,0.6129032258064516
2,49,1.667838159712335,0.7194689815081532,2.3,0.16,-0.6321618402876648,0.6321618402876648,0.19230769230769232
2,50,0.9975828017845689,0.8172533828623172,0.1,0.11,0.897582801784569,0.897582801784569,0.8181818181818182
2,51,2.0996653105609426,0.47837841157273475,2.37,0.36,-0.2703346894390575,0.2703346894390575,0.6617647058823529
2,56,1.0015631309720832,0.6692475865679242,0.68,0.16,0.3215631309720831,0.3215631309720831,0.41935483870967744
2,59,0.5114411895074622,0.6609642783890436,-0.17,0.38,0.6814411895074622,0.6814411895074622,0.46774193548387094
2,61,0.3735497637483026,0.708399854757518,0.04,0.36,0.33354976374830264,0.33354976374830264,0.4864864864864865
2,63,1.8613648085588967,0.7297278289306548,1.35,0.13,0.5113648085588967,0.5113648085588967,0.6190476190476191
2,75,1.1098749129559946,0.7537862168255847,1.39,0.08,-0.2801250870440053,0.2801250870440053,0.7142857142857143
2,81,1.5072922236776358,0.5365255337252112,2.53,0.1,-1.022707776322364,1.022707776322364,0.7592592592592593
2,83,1.6501994999947462,0.7650880980527268,2.51,0.15,-0.8598005000052535,0.8598005000052535,0.3888888888888889
2,86,1.0720237278671885,0.7346371245605191,1.54,0.13,-0.46797627213281157,0.46797627213281157,0.5588235294117647
2,88,0.8472781226379298,0.6224510330011108,0.7,0.34,0.14727812263792983,0.14727812263792983,0.5111111111111111
2,96,1.5187680451218268,0.6618782925170974,1.07,0.37,0.4487680451218268,0.4487680451218268,0.6666666666666666
2,97,0.9936917397770214,0.6264394926264366,1.81,0.07,-0.8163082602229786,0.8163082602229786,0.75
2,102,0.7149634446794939,0.645149703744563,1.55,0.13,-0.8350365553205061,0.8350365553205061,0.5333333333333333
2,121,0.9707572319176729,0.7577147349968901,1.97,0.13,-0.999242768082327,0.999242768082327,0.86
2,122,1.3431112896062447,0.7743769814874356,1.96,0.27,-0.6168887103937553,0.6168887103937553,0.6521739130434783
2,124,1.4779448175134418,0.6006794545337075,1.72,0.13,-0.24205518248655822,0.24205518248655822,0.8928571428571429
2,125,1.312541215060245,0.6942991740093982,1.99,0.36,-0.6774587849397551,0.6774587849397551,0.5714285714285714
2,132,1.4662598910010465,0.5964146371058067,1.84,0.09,-0.3737401089989536,0.3737401089989536,0.8775510204081632
2,135,1.3018736461563039,0.6373739052951297,1.58,0.1,-0.2781263538436962,0.2781263538436962,0.7555555555555555
2,138,1.0018086881789712,0.7266408241148963,0.43,0.75,0.5718086881789712,0.5718086881789712,0.3939393939393939
2,148,0.789505569530299,0.7729568447775169,0.93,0.22,-0.140494430469701,0.140494430469701,0.2903225806451613
2,168,0.8134255553097265,0.6962240505011824,-0.53,0.15,1.3434255553097265,1.3434255553097265,0.6428571428571429
2,187,0.6648490110225828,0.6480808571654687,1.3,0.12,-0.6351509889774173,0.6351509889774173,0.7258064516129032
2,195,1.2152725717403159,0.5998051451042778,1.55,0.18,-0.33472742825968416,0.33472742825968416,0.7954545454545454
2,201,1.7564240552394366,0.5929830412334636,1.48,0.07,0.2764240552394366,0.2764240552394366,0.7450980392156863
2,207,1.1606424133533344,0.6741503305148824,0.83,0.54,0.33064241335333444,0.33064241335333444,0.5476190476190477
2,211,1.2667949948445167,0.5568076428645727,1.45,0.1,-0.1832050051554832,0.1832050051554832,0.6538461538461539
2,218,1.3023445541546435,0.7242672216403121,1.07,0.11,0.2323445541546434,0.2323445541546434,0.4444444444444444
2,219,0.15739621555380268,0.7264289523589267,-0.5,0.21,0.6573962155538027,0.6573962155538027,0.8
2,224,1.3036312891625665,0.7282948115625091,1.61,0.18,-0.30636871083743356,0.30636871083743356,0.3
2,238,0.926746672921485,0.6638617841705113,1.04,0.07,-0.11325332707851499,0.11325332707851499,0.6382978723404256
2,245,0.8963609784749853,0.6646597826700603,0.42,0.23,0.4763609784749853,0.4763609784749853,0.4230769230769231
2,255,1.0724409070440044,0.7070375207034235,0.93,0.14,0.14244090704400436,0.14244090704400436,0.4375
2,263,0.9033514133249525,0.650694922104883,1.29,0.26,-0.38664858667504753,0.38664858667504753,0.5333333333333333
2,271,1.6663900573609156,0.5748207629995011,1.29,0.1,0.3763900573609156,0.3763900573609156,0.8148148148148148
2,287,0.7162602056797089,0.72535660483886,0.5,0.36,0.21626020567970894,0.21626020567970894,0.5909090909090909
2,296,1.5367857290710587,0.6668614151009425,0.87,0.25,0.6667857290710587,0.6667857290710587,0.6153846153846154
2,299,0.5115545167553279,0.7075562686082428,0.09,0.25,0.42155451675532796,0.42155451675532796,0.4782608695652174
2,302,0.7260818933039513,0.7744129857925812,2.4,0.53,-1.6739181066960485,1.6739181066960485,0.86
2,316,1.4822153289707614,0.5560658636793699,1.61,0.22,-0.12778467102923874,0.12778467102923874,0.7959183673469388
2,319,1.114267506708412,0.8544002804887045,-0.22,0.48,1.334267506708412,1.334267506708412,0.125
2,323,0.5066287269466326,0.6585503728038439,-0.78,0.28,1.2866287269466326,1.2866287269466326,0.46153846153846156
2,324,1.398564371566089,0.679501236097168,2.45,0.45,-1.0514356284339113,1.0514356284339113,0.5416666666666666
2,325,1.0940094223910979,0.7499200388810778,1.79,0.13,-0.6959905776089022,0.6959905776089022,0.6724137931034483
2,326,0.8575844505469534,0.807671421799341,1.34,0.13,-0.48241554945304665,0.48241554945304665,0.15789473684210525
2,336,1.8205464732721106,0.7443184510151002,1.94,0.23,-0.11945352672788934,0.11945352672788934,0.8297872340425532
2,348,1.4868159053096237,0.6561313364905463,1.5,0.17,-0.013184094690376291,0.013184094690376291,0.6052631578947368
2,351,0.45889788268047693,0.7909505908063473,-2.21,0.83,2.668897882680477,2.668897882680477,0.5
2,359,0.8125372220599887,0.6308306601861661,0.8,0.23,0.01253722205998864,0.01253722205998864,0.7241379310344828
2,360,0.6202564920867248,0.6631606941187908,0.14,0.18,0.48025649208672483,0.48025649208672483,0.4032258064516129
2,361,1.1671023700853242,0.8190820704892902,2.4,0.16,-1.2328976299146757,1.2328976299146757,0.3548387096774194
2,364,2.448696537937083,0.6998483610920265,2.11,0.16,0.338696537937083,0.338696537937083,0.7966101694915254
2,366,1.721674105931303,0.7086471906276663,1.9,0.2,-0.17832589406869692,0.17832589406869692,0.4666666666666667
2,367,2.080397684490191,0.6858779674271476,1.69,0.21,0.39039768449019085,0.39039768449019085,0.8387096774193549
2,385,2.0208675613488465,0.6939307321614988,1.82,0.61,0.20086756134884642,0.20086756134884642,0.4489795918367347
2,392,0.543915973632753,0.7267933852139057,-2.09,0.9,2.633915973632753,2.633915973632753,0.3333333333333333
2,401,1.4792282013165132,0.21286236607152514,1.86,0.24,-0.3807717986834869,0.3807717986834869,0.6727272727272727
2,404,1.6037995085477856,0.6014963159438023,1.3,0.12,0.3037995085477856,0.3037995085477856,0.8333333333333334
2,405,2.142492015746548,0.7051974220998475,0.86,0.18,1.282492015746548,1.282492015746548,0.8548387096774194
2,406,1.6462112150198003,0.6071173352447886,2.4,0.18,-0.7537887849801996,0.7537887849801996,0.5909090909090909
2,424,0.5868629264803834,0.6344985551091255,0.81,0.17,-0.22313707351961665,0.22313707351961665,0.8448275862068966
2,433,0.6617678068427774,0.7595868733875751,-1.08,1.04,1.7417678068427773,1.7417678068427773,0.4117647058823529
2,434,1.6821049852028451,0.6918385138933173,0.52,0.3,1.162104985202845,1.162104985202845,0.6071428571428571
2,442,1.904210691473379,0.642698738586164,2.16,0.3,-0.2557893085266212,0.2557893085266212,0.6666666666666666
2,446,1.0883210449921954,0.6783504990977277,1.35,0.26,-0.2616789550078047,0.2616789550078047,0.7435897435897436
2,450,1.5440276958264478,0.6537280153595776,1.96,0.2,-0.41597230417355213,0.41597230417355213,0.6486486486486487
2,454,1.2539845678974684,0.7556276756947405,2.4,0.23,-1.1460154321025315,1.1460154321025315,0.3888888888888889
2,461,0.3597202799202198,0.7167648196921708,-1.53,1.11,1.88972027992022,1.88972027992022,0.3870967741935484
2,466,1.245972680407181,0.6999564386235706,1.24,0.3,0.005972680407180908,0.005972680407180908,0.7105263157894737
2,474,2.5117644121651828,0.7148015456664684,1.96,0.26,0.5517644121651828,0.5517644121651828,0.8524590163934426
2,477,0.8864378859336495,0.6448337427090601,1.71,0.08,-0.8235621140663505,0.8235621140663505,0.7674418604651163
2,478,1.6677412170484054,0.7345432919856679,1.77,0.08,-0.10225878295159463,0.10225878295159463,0.8490566037735849
2,482,0.9216109483425592,0.7153047001652919,1.43,0.33,-0.5083890516574407,0.5083890516574407,0.75
2,483,2.3165786271306894,0.6626733046390187,1.58,0.13,0.7365786271306893,0.7365786271306893,0.8064516129032258
2,485,2.0133507087279074,0.7531531852246799,2.09,0.38,-0.07664929127209241,0.07664929127209241,0.49122807017543857
2,487,1.9208095591792906,0.6939782617911621,2.12,0.19,-0.19919044082070947,0.19919044082070947,0.5882352941176471
2,491,1.0754291635024271,0.711533632301132,1.09,0.24,-0.014570836497572959,0.014570836497572959,0.5806451612903226
2,493,0.6919264091174333,0.6421882230798895,0.77,0.18,-0.07807359088256671,0.07807359088256671,0.54
2,498,1.5526382918594335,0.6662608557877452,0.59,0.23,0.9626382918594335,0.9626382918594335,0.6086956521739131
2,506,1.412503343594466,0.7152963157690359,1.48,0.13,-0.06749665640553393,0.06749665640553393,0.5925925925925926
2,509,1.4372835184198682,0.6574282294893492,-0.08,0.13,1.5172835184198683,1.5172835184198683,0.7241379310344828
2,527,1.7147166999547792,0.7124488068905003,0.62,0.1,1.094716699954779,1.094716699954779,0.38
2,528,0.03822077976651128,0.5384746386981145,-0.06,0.12,0.09822077976651128,0.09822077976651128,1.0
2,534,1.3423726722796796,0.67062195479359,1.41,0.15,-0.06762732772032032,0.06762732772032032,0.7719298245614035
2,538,0.49605142801832713,0.7476417542728095,1.02,0.12,-0.5239485719816729,0.5239485719816729,0.5882352941176471
2,539,1.2922556518281811,0.9678837117932446,1.38,0.36,-0.08774434817181875,0.08774434817181875,0.15833333333333333
2,545,0.8112145496813826,0.7064817169830349,1.1,0.18,-0.28878545031861746,0.28878545031861746,0.6415094339622641
2,550,1.2238446926534177,0.7020028635432063,1.88,0.09,-0.6561553073465822,0.6561553073465822,0.40425531914893614
2,555,1.9686956012390047,0.4544759917345698,1.94,0.24,0.02869560123900472,0.02869560123900472,0.7755102040816326
2,561,1.0004760891181608,0.7559687229716329,2.43,0.14,-1.4295239108818394,1.4295239108818394,0.2826086956521739
2,562,1.3920023017268581,0.6887721829867329,0.62,0.23,0.7720023017268581,0.7720023017268581,0.5789473684210527
2,564,1.1961632229510795,0.6643406195728037,-0.46,0.1,1.6561632229510794,1.6561632229510794,0.8363636363636363
2,570,1.0287159126346577,0.5735927604215243,1.44,0.11,-0.4112840873653423,0.4112840873653423,0.7843137254901961
2,574,1.2714574327967476,0.7629391056866601,1.41,0.25,-0.1385425672032523,0.1385425672032523,0.42857142857142855
2,584,0.5774902666140773,0.7297683161474928,-0.09,0.36,0.6674902666140773,0.6674902666140773,0.40625
2,585,0.5096785733021564,0.7103536071758374,1.1,0.1,-0.5903214266978437,0.5903214266978437,0.5454545454545454
2,587,1.7980629926714977,0.6864973495930051,1.55,0.13,0.24806299267149767,0.24806299267149767,0.6666666666666666
2,588,1.3949778351197064,0.7104904257985218,1.69,0.17,-0.29502216488029354,0.29502216488029354,0.8269230769230769
2,590,0.38333145904021215,0.6119860756114252,-0.2,0.35,0.5833314590402121,0.5833314590402121,0.7368421052631579
2,592,1.2988506868233498,0.6048888212869183,1.13,0.23,0.16885068682334992,0.16885068682334992,0.6666666666666666
2,604,1.3998702797629459,0.6906243122893468,1.85,0.12,-0.4501297202370542,0.4501297202370542,0.5581395348837209
2,607,1.059445574668599,0.6921971179500769,1.12,0.27,-0.06055442533140121,0.06055442533140121,0.4838709677419355
2,609,1.0387548638156958,0.7504041229708152,-0.19,0.68,1.2287548638156958,1.2287548638156958,0.3939393939393939
2,619,0.8647017266506543,0.7366004399857232,0.72,0.26,0.14470172665065428,0.14470172665065428,0.2692307692307692
2,622,1.0868231981199072,0.6749745186207565,1.64,0.16,-0.5531768018800927,0.5531768018800927,0.4482758620689655
2,628,1.3151733395743554,0.6843267103250128,1.5,0.15,-0.18482666042564455,0.18482666042564455,0.8412698412698413
2,635,1.7615871368970641,0.6888872081263017,2.02,0.32,-0.2584128631029359,0.2584128631029359,0.5918367346938775
2,647,2.00951692173639,0.6663164371686683,1.78,0.06,0.22951692173638993,0.22951692173638993,0.6
2,648,1.7991710913715846,0.6445334565566166,2.09,0.2,-0.29082890862841526,0.29082890862841526,0.7608695652173914
2,649,1.892877841292782,0.7349365788059756,4.37,0.95,-2.477122158707218,2.477122158707218,0.6274509803921569
2,651,0.615337867370152,0.7740998137428085,-0.02,0.22,0.635337867370152,0.635337867370152,0.19047619047619047
2,655,0.6512228099539847,0.6975619313620122,0.3,0.27,0.35122280995398475,0.35122280995398475,0.4909090909090909
2,661,1.1694385782445595,0.6986654457136928,-0.74,0.19,1.9094385782445595,1.9094385782445595,0.5641025641025641
2,670,0.7716946361592938,0.6309428045076884,0.19,0.39,0.5816946361592938,0.5816946361592938,0.6153846153846154
2,674,1.3287914365501805,0.6913160943960427,0.97,0.13,0.35879143655018053,0.35879143655018053,0.5581395348837209
2,679,1.207925848020506,0.721342236216735,1.21,0.17,-0.00207415197949401,0.00207415197949401,0.4
2,680,1.5780232803460366,0.7067140432876521,1.94,0.12,-0.3619767196539634,0.3619767196539634,0.6326530612244898
2,689,0.47688428364443725,0.7262479755955028,0.5,0.16,-0.023115716355562754,0.023115716355562754,0.36585365853658536
2,697,1.5226364550292715,0.6792233101569611,1.48,0.27,0.04263645502927149,0.04263645502927149,0.7906976744186046
2,703,0.5940453844293433,0.7068753486609031,-0.7,0.41,1.2940453844293431,1.2940453844293431,0.7058823529411765
2,707,1.2682146657982796,0.7047648989822625,0.97,0.16,0.2982146657982796,0.2982146657982796,0.782608695652174
2,708,1.5872509711650988,0.6834938851682028,1.74,0.2,-0.15274902883490116,0.15274902883490116,0.7608695652173914
2,714,1.8981989619480033,0.7388003335113624,1.56,0.28,0.33819896194800325,0.33819896194800325,0.4576271186440678
2,720,1.5624442793705822,0.7577166124615171,1.25,0.16,0.31244427937058217,0.31244427937058217,0.4
2,725,0.8259269828330851,0.7733341235068917,-0.05,0.17,0.8759269828330851,0.8759269828330851,0.5161290322580645
2,727,1.7688478422502762,0.7445342317983944,2.0,0.41,-0.23115215774972375,0.23115215774972375,0.5
2,730,1.7057051160080658,0.6239022867736239,2.13,0.26,-0.42429488399193405,0.42429488399193405,0.631578947368421
2,732,1.3093446722724509,0.6215036954410637,1.94,0.06,-0.6306553277275491,0.6306553277275491,0.7843137254901961
2,734,1.3986967732744429,0.6908943641150418,1.24,0.09,0.15869677327444287,0.15869677327444287,0.8571428571428571
2,736,0.7011254368312819,0.692328931486806,0.79,0.2,-0.08887456316871811,0.08887456316871811,0.40384615384615385
2,741,1.51251001438834,0.747869029234063,1.7,0.27,-0.18748998561165986,0.18748998561165986,0.8070175438596491
2,745,1.7454663814849067,0.7150944208246035,2.36,0.2,-0.6145336185150931,0.6145336185150931,0.5
2,753,1.7431615721462121,0.5836830153406205,2.26,0.16,-0.5168384278537876,0.5168384278537876,0.7435897435897436
2,758,1.6437749933643309,0.488045683675008,1.63,0.13,0.013774993364330967,0.013774993364330967,0.85
2,759,1.4837922960278882,0.5738981921256319,1.73,0.06,-0.24620770397211178,0.24620770397211178,0.7058823529411765
2,760,0.7301217818811284,0.7263381709927996,1.81,0.08,-1.0798782181188717,1.0798782181188717,0.35185185185185186
2,764,1.1108175928563173,0.7187684385369578,1.97,0.11,-0.8591824071436827,0.8591824071436827,0.8269230769230769
2,766,0.8364533343666521,0.628241293107499,0.96,0.36,-0.12354666563334782,0.12354666563334782,0.5111111111111111
2,772,0.47657884052897503,0.7393871026062295,-1.2,0.95,1.676578840528975,1.676578840528975,0.37037037037037035
2,778,1.2458153708197441,0.7866361607575797,2.52,0.47,-1.2741846291802559,1.2741846291802559,0.43478260869565216
2,779,1.545447038745377,0.6955813480902618,1.3,0.11,0.24544703874537688,0.24544703874537688,0.45161290322580644
2,793,1.5030042421898395,0.6474066009825414,1.91,0.21,-0.4069957578101604,0.4069957578101604,0.4883720930232558
2,805,0.5894136503996648,0.7438287933251106,0.6,0.58,-0.010586349600335221,0.010586349600335221,0.4666666666666667
2,806,0.8077319031367114,0.5341546310887492,1.4,0.2,-0.5922680968632885,0.5922680968632885,0.5357142857142857
2,807,1.08758678895705,0.7305119394768981,1.58,0.22,-0.49241321104295,0.49241321104295,0.391304347826087
2,810,1.051553001125984,0.6036338866813494,2.43,0.57,-1.3784469988740162,1.3784469988740162,0.6530612244897959
2,812,1.4385893248530954,0.6715413353315725,1.76,0.24,-0.3214106751469046,0.3214106751469046,0.5862068965517241
2,823,1.3011491941164746,0.5727071631063793,1.07,0.07,0.2311491941164745,0.2311491941164745,0.71875
2,825,1.2343815446872124,0.7318529129362515,1.32,0.17,-0.08561845531278767,0.08561845531278767,0.14285714285714285
2,828,1.4766084349127677,0.7293570987123814,-0.6,0.2,2.076608434912768,2.076608434912768,0.4444444444444444
2,831,1.7679741041653894,0.6349615943310911,1.89,0.29,-0.12202589583461054,0.12202589583461054,0.7608695652173914
2,832,0.995920494911744,0.6491788049606685,1.51,0.13,-0.5140795050882561,0.5140795050882561,0.6458333333333334
2,836,2.0401220225174654,0.7416246091117636,2.96,0.09,-0.9198779774825345,0.9198779774825345,0.6338028169014085
2,845,1.0241551011440755,0.7458957809791208,-0.38,0.49,1.4041551011440756,1.4041551011440756,0.32
2,851,1.7307064547373598,0.7420756549968454,2.0,0.11,-0.26929354526264015,0.26929354526264015,0.7073170731707317
2,852,1.6002335313633247,0.6061284875979496,2.11,0.1,-0.5097664686366752,0.5097664686366752,0.48148148148148145
2,856,0.7248585924625667,0.7182132847950575,-1.24,0.97,1.9648585924625666,1.9648585924625666,0.3333333333333333
2,857,1.8259824831188731,0.6914628762252405,2.13,0.15,-0.30401751688112677,0.30401751688112677,0.7708333333333334
2,858,0.8150630713126987,0.6774236644842292,-0.44,0.17,1.2550630713126987,1.2550630713126987,0.6307692307692307
2,861,1.455192060344628,0.6755403545404247,1.08,0.19,0.37519206034462793,0.37519206034462793,0.71875
3,4,1.2024137523940577,0.6944771692903201,0.92,0.13,0.28241375239405764,0.28241375239405764,0.4634146341463415
3,10,1.006725428892034,0.6378473186397698,1.01,0.24,-0.003274571107966029,0.003274571107966029,0.6470588235294118
3,16,1.5763973887762752,0.6102861820627177,2.19,0.13,-0.6136026112237247,0.6136026112237247,0.6530612244897959
3,27,0.6152842211443872,0.733493407162614,0.84,0.18,-0.22471577885561278,0.22471577885561278,0.375
3,28,1.2030117515317265,0.6390735461368421,1.01,0.24,0.19301175153172645,0.19301175153172645,0.8888888888888888
3,30,0.4073756429444999,0.6338464016504848,0.52,0.18,-0.11262435705550011,0.11262435705550011,0.4634146341463415
3,41,1.1692816049498491,0.6577060688475964,2.0,0.19,-0.8307183950501509,0.8307183950501509,0.5263157894736842
3,45,0.8707194476501908,0.5659358363602982,1.14,0.11,-0.2692805523498091,0.2692805523498091,0.6333333333333333
3,46,1.1094809534382426,0.6258547249917704,0.7,0.14,0.40948095343824265,0.40948095343824265,0.782608695652174
3,48,1.3700736539972316,0.6100280242517075,2.75,0.3,-1.3799263460027684,1.3799263460027684,0.7954545454545454
3,51,2.066925556484798,0.46177796863054466,2.37,0.36,-0.30307444351520196,0.30307444351520196,0.6617647058823529
3,58,0.7389460621350337,0.6561754404090503,3.23,0.35,-2.491053937864966,2.491053937864966,0.4473684210526316
3,61,0.406114501043202,0.6934625689767919,0.04,0.36,0.36611450104320203,0.36611450104320203,0.4864864864864865
3,65,1.4367279354989164,0.5309982134981428,1.32,0.2,0.11672793549891636,0.11672793549891636,0.5208333333333334
3,73,1.5846933230882114,0.6442960474012942,0.97,0.16,0.6146933230882115,0.6146933230882115,0.6296296296296297
3,78,1.7430970768938725,0.5609386726561273,1.3,0.15,0.44309707689387245,0.44309707689387245,0.8738738738738738
3,80,0.21485701629372667,0.7112438290549283,0.68,0.06,-0.4651429837062734,0.4651429837062734,0.5
3,81,1.4356533249848566,0.5458126784575118,2.53,0.1,-1.0943466750151432,1.0943466750151432,0.7592592592592593
3,85,1.6204926216950672,0.7693307807732981,2.35,0.13,-0.7295073783049328,0.7295073783049328,0.47619047619047616
3,86,1.0226217678808136,0.7139740628503309,1.54,0.13,-0.5173782321191864,0.5173782321191864,0.5588235294117647
3,91,1.3982540832404626,0.6649826839476763,2.34,0.2,-0.9417459167595372,0.9417459167595372,0.875
3,101,1.5588423877270494,0.6807784915859031,1.78,0.15,-0.2211576122729506,0.2211576122729506,0.5
3,102,0.7601757109713634,0.5983533407993022,1.55,0.13,-0.7898242890286367,0.7898242890286367,0.5333333333333333
3,103,1.414591539383655,0.7015342837980295,0.8,0.16,0.614591539383655,0.614591539383655,0.42424242424242425
3,108,1.8637741684286704,0.7534001110461662,1.54,0.14,0.32377416842867035,0.32377416842867035,0.8311688311688312
3,109,0.3029265696989304,0.6629222777814866,-0.24,0.2,0.5429265696989304,0.5429265696989304,0.8085106382978723
3,111,0.6736160922081587,0.6354988900095261,1.34,0.19,-0.6663839077918414,0.6663839077918414,0.75
3,121,1.2251816899867973,0.7049753693427062,1.97,0.13,-0.7448183100132026,0.7448183100132026,0.86
3,123,1.4903238437882829,0.7155456720347343,0.79,0.17,0.7003238437882828,0.7003238437882828,0.8571428571428571
3,124,1.4624888448485915,0.5753205350077933,1.72,0.13,-0.25751115515140843,0.25751115515140843,0.8928571428571429
3,126,1.1705936877212895,0.616311835274978,1.57,0.1,-0.3994063122787106,0.3994063122787106,0.8833333333333333
3,128,0.9277427716885807,0.5845567107816539,1.28,0.22,-0.35225722831141937,0.35225722831141937,0.6181818181818182
3,134,0.7024529191646816,0.6661490945067096,-1.17,0.44,1.8724529191646815,1.8724529191646815,0.5714285714285714
3,137,1.3541500571292415,0.6219622363520255,1.59,0.18,-0.23584994287075856,0.23584994287075856,0.6296296296296297
3,143,1.309881304313387,0.688122626172037,1.67,0.35,-0.3601186956866129,0.3601186956866129,0.4489795918367347
3,144,0.783653695508806,0.7115668164561801,1.34,0.3,-0.556346304491194,0.556346304491194,0.5142857142857142
3,145,1.0818836268412129,0.6533610694890659,2.52,0.11,-1.4381163731587872,1.4381163731587872,0.6410256410256411
3,146,1.3904568862654982,0.6455782769680168,1.2,0.35,0.19045688626549828,0.19045688626549828,0.8727272727272727
3,155,1.3642926541743345,0.7194162966512664,1.26,0.23,0.10429265417433453,0.10429265417433453,0.4489795918367347
3,157,0.9634030469655002,0.688891161348776,-1.36,0.93,2.3234030469655003,2.3234030469655003,0.45161290322580644
3,163,1.1929884371898454,0.5418019617369835,1.3,0.25,-0.10701156281015467,0.10701156281015467,0.6041666666666666
3,164,0.34344715743229715,0.7432169037080141,1.36,0.22,-1.016552842567703,1.016552842567703,0.2903225806451613
3,175,1.267156841111432,0.6378437369695644,0.71,0.3,0.557156841111432,0.557156841111432,0.6046511627906976
3,177,1.8155457426837518,0.7390661602062575,2.02,0.11,-0.20445425731624822,0.20445425731624822,0.6785714285714286
3,180,1.0987726335390666,0.6258903834027617,1.43,0.34,-0.3312273664609333,0.3312273664609333,0.38095238095238093
3,192,0.8735204961903915,0.619722517533649,1.7,0.24,-0.8264795038096084,0.8264795038096084,0.34285714285714286
3,194,1.925627783925214,0.579692411951025,2.11,0.17,-0.18437221607478582,0.18437221607478582,0.6170212765957447
3,195,1.2138593885519142,0.6088846806209682,1.55,0.18,-0.3361406114480858,0.3361406114480858,0.7954545454545454
3,199,1.0022251232635047,0.6957363781949215,1.57,0.23,-0.5677748767364954,0.5677748767364954,0.27906976744186046
3,201,1.740842525024032,0.6067060631837736,1.48,0.07,0.26084252502403205,0.26084252502403205,0.7450980392156863
3,209,0.9892490158767161,0.7126065122649804,1.49,0.16,-0.5007509841232839,0.5007509841232839,0.5555555555555556
3,211,1.1136394744702474,0.6349000824185427,1.45,0.1,-0.3363605255297526,0.3363605255297526,0.6538461538461539
3,214,1.6936425722068527,0.6685838638599344,1.36,0.08,0.33364257220685256,0.33364257220685256,0.5
3,216,1.5426032579554678,0.7086738056040452,2.12,0.15,-0.5773967420445323,0.5773967420445323,0.3235294117647059
3,235,1.6807480013861709,0.6797749602008547,0.1,0.19,1.5807480013861708,1.5807480013861708,0.8085106382978723
3,237,0.6673857918277459,0.6551067358224718,1.5,0.32,-0.8326142081722541,0.8326142081722541,0.6333333333333333
3,238,1.008481498404422,0.6618560393637261,1.04,0.07,-0.03151850159557812,0.03151850159557812,0.6382978723404256
3,239,1.3243794032468104,0.6750873260461137,2.18,0.08,-0.8556205967531898,0.8556205967531898,0.5151515151515151
3,247,0.597824598595998,0.6909320080641235,1.21,0.34,-0.612175401404002,0.612175401404002,0.40540540540540543
3,263,0.8069334223177266,0.6256166402535921,1.29,0.26,-0.48306657768227346,0.48306657768227346,0.5333333333333333
3,264,0.8239963268561736,0.6923520623664393,0.2,0.25,0.6239963268561737,0.6239963268561737,0.7241379310344828
3,266,1.4513755015110412,0.6695588942893433,3.29,0.39,-1.8386244984889588,1.8386244984889588,0.5116279069767442
3,270,1.9880335509538074,0.7335564587359933,1.99,0.57,-0.0019664490461925865,0.0019664490461925865,0.803921568627451
3,279,1.4455712253573603,0.6988187057689585,2.44,0.14,-0.9944287746426397,0.9944287746426397,0.8461538461538461
3,288,0.5353194712509547,0.6925201132385428,1.48,0.08,-0.9446805287490453,0.9446805287490453,0.5306122448979592
3,317,1.6115128410317379,0.6258875559867719,1.7,0.11,-0.08848715896826209,0.08848715896826209,0.7857142857142857
3,322,2.0058239660425636,0.6476294676228602,2.77,0.36,-0.7641760339574364,0.7641760339574364,0.717391304347826
3,323,0.37406522789530827,0.64024150323256,-0.78,0.28,1.1540652278953083,1.1540652278953083,0.46153846153846156
3,327,1.904998932974583,0.677791596144156,1.85,0.24,0.054998932974582804,0.054998932974582804,0.8297872340425532
3,330,0.7725051500774724,0.7975721944086274,0.18,0.58,0.5925051500774725,0.5925051500774725,0.16666666666666666
3,346,0.7339689631790891,0.6359422753877599,0.98,0.17,-0.24603103682091088,0.24603103682091088,0.52
3,349,1.0465379021408503,0.5773366004351717,1.74,0.15,-0.6934620978591497,0.6934620978591497,0.45
3,351,0.1832302576506808,0.8113095069240543,-2.21,0.83,2.3932302576506808,2.3932302576506808,0.5
3,355,1.1392033444130472,0.6939396343223213,-0.19,0.31,1.329203344413047,1.329203344413047,0.543859649122807
3,356,1.6748883661763996,0.4528106272687321,1.48,0.08,0.1948883661763996,0.1948883661763996,0.8846153846153846
3,358,0.5131898934936463,0.6198188229401539,0.09,0.2,0.42318989349364633,0.42318989349364633,0.4107142857142857
3,359,1.0363766202530975,0.6468471276803737,0.8,0.23,0.23637662025309747,0.23637662025309747,0.7241379310344828
3,378,1.399118426805284,0.5878113111802159,2.44,0.12,-1.0408815731947159,1.0408815731947159,0.8076923076923077
3,381,1.6392566340312738,0.6374902105917736,2.05,0.23,-0.41074336596872607,0.41074336596872607,0.6071428571428571
3,385,1.8971192164689277,0.6695464442359008,1.82,0.61,0.07711921646892761,0.07711921646892761,0.4489795918367347
3,386,0.7461502938975135,0.6588246096978905,0.4,0.13,0.3461502938975135,0.3461502938975135,0.46153846153846156
3,389,1.0179476828718679,0.6371731190781681,1.15,0.18,-0.13205231712813204,0.13205231712813204,0.7045454545454546
3,393,1.7893735808038769,0.5041869683183609,2.22,0.36,-0.4306264191961233,0.4306264191961233,0.8333333333333334
3,395,1.0347080682334688,0.7017650693672189,1.7,0.19,-0.6652919317665311,0.6652919317665311,0.4146341463414634
3,399,1.9628460728057728,0.6515601121612838,2.28,0.09,-0.31715392719422697,0.31715392719422697,0.48484848484848486
3,400,1.021712812970095,0.6244670382619008,0.12,0.22,0.901712812970095,0.901712812970095,0.5294117647058824
3,401,1.4604596974645867,0.21059990889159372,1.86,0.24,-0.3995403025354134,0.3995403025354134,0.6727272727272727
3,409,1.3909220173393662,0.4910683162418496,1.4,0.16,-0.009077982660633754,0.009077982660633754,0.8541666666666666
3,427,0.45000284934358437,0.7405281939138433,1.23,0.14,-0.7799971506564156,0.7799971506564156,0.4375
3,431,1.2279333670961008,0.8305417709959513,4.31,1.0,-3.082066632903899,3.082066632903899,0.3076923076923077
3,432,1.7661281350671132,0.6350001112596056,1.36,0.14,0.4061281350671131,0.4061281350671131,0.5588235294117647
3,439,0.5423316778642204,0.7258839342171001,1.02,0.22,-0.4776683221357796,0.4776683221357796,0.32608695652173914
3,443,1.2196502588867513,0.679153484981805,-1.99,0.84,3.209650258886751,3.209650258886751,0.2926829268292683
3,445,1.872226188123621,0.681947001606975,0.84,0.25,1.0322261881236212,1.0322261881236212,0.7346938775510204
3,446,1.0283597862270528,0.6391424254666828,1.35,0.26,-0.32164021377294727,0.32164021377294727,0.7435897435897436
3,447,1.3112942998104802,0.5311921249911925,1.0,0.25,0.3112942998104802,0.3112942998104802,0.5555555555555556
3,453,1.1413702509745083,0.6854444373428267,1.95,0.13,-0.8086297490254917,0.8086297490254917,0.5849056603773585
3,458,1.5062045270482753,0.7125580825035888,1.8,0.28,-0.2937954729517247,0.2937954729517247,0.5789473684210527
3,469,1.1037657195481076,0.6456587414168686,1.54,0.24,-0.4362342804518924,0.4362342804518924,0.68
3,477,0.9276997010917861,0.6191652808406118,1.71,0.08,-0.7823002989082138,0.7823002989082138,0.7674418604651163
3,487,1.58087449626003,0.6800379640734768,2.12,0.19,-0.53912550373997,0.53912550373997,0.5882352941176471
3,499,0.4478075254383679,0.703218644698892,2.18,0.15,-1.7321924745616322,1.7321924745616322,0.2962962962962963
3,506,1.052359683657861,0.6795913030089727,1.48,0.13,-0.42764031634213895,0.42764031634213895,0.5925925925925926
3,518,1.2719552839408552,0.6757647253129203,2.14,0.18,-0.8680447160591449,0.8680447160591449,0.5142857142857142
3,523,1.2597935691728024,0.8288726621375406,0.79,0.33,0.46979356917280235,0.46979356917280235,0.6428571428571429
3,526,1.576531948495201,0.6943437712342223,2.47,0.26,-0.8934680515047992,0.8934680515047992,0.3333333333333333
3,527,1.4276831867387805,0.694981566405583,0.62,0.1,0.8076831867387805,0.8076831867387805,0.38
3,529,1.834012884488335,0.5827096628424021,2.39,0.14,-0.5559871155116651,0.5559871155116651,0.6140350877192983
3,532,0.8252370730600367,0.6904872432920335,1.64,0.18,-0.8147629269399632,0.8147629269399632,0.47368421052631576
3,534,1.3688468932434286,0.6458623058259044,1.41,0.15,-0.041153106756571356,0.041153106756571356,0.7719298245614035
3,535,1.1600561810877419,0.6395201292075751,0.4,0.23,0.7600561810877419,0.7600561810877419,0.34146341463414637
3,543,1.0612239394842018,0.6422528608264847,0.97,0.15,0.09122393948420182,0.09122393948420182,0.7058823529411765
3,546,1.450362502445654,0.6950029277537728,1.62,0.16,-0.1696374975543462,0.1696374975543462,0.8947368421052632
3,550,1.4443941050305016,0.6826493609804176,1.88,0.09,-0.4356058949694983,0.4356058949694983,0.40425531914893614
3,552,1.4819687943983477,0.5889443345746825,1.32,0.29,0.16196879439834766,0.16196879439834766,0.8333333333333334
3,563,0.34963272112015864,0.6816221754539468,1.01,0.59,-0.6603672788798414,0.6603672788798414,0.2682926829268293
3,569,1.7999920348856073,0.6621807768008259,2.04,0.14,-0.2400079651143927,0.2400079651143927,0.7
3,571,1.2547951400324078,0.6425233470423415,2.1,0.09,-0.8452048599675923,0.8452048599675923,0.8490566037735849
3,578,2.069639047568682,0.6230662377248603,1.94,0.1,0.12963904756868194,0.12963904756868194,0.52
3,579,1.5826269422232437,0.466667993849726,2.03,0.14,-0.44737305777675607,0.44737305777675607,0.7272727272727273
3,585,0.5071399026028893,0.6899567615933802,1.1,0.1,-0.5928600973971108,0.5928600973971108,0.5454545454545454
3,587,1.8770832527280596,0.6538004263582509,1.55,0.13,0.3270832527280596,0.3270832527280596,0.6666666666666666
3,594,0.6629473295337821,0.6747209655074404,2.1,0.34,-1.437052670466218,1.437052670466218,0.5806451612903226
3,599,1.7547457224169294,0.6659726613139418,1.78,0.08,-0.02525427758307064,0.02525427758307064,0.3090909090909091
3,610,1.2330557326738179,0.670611060202784,2.06,0.22,-0.8269442673261822,0.8269442673261822,0.7941176470588235
3,614,1.8435658838119047,0.7146603976599607,1.87,0.12,-0.026434116188095436,0.026434116188095436,0.7659574468085106
3,617,1.1641333713678828,0.6160152414693776,1.48,0.09,-0.31586662863211723,0.31586662863211723,0.7647058823529411
3,620,0.7150003900207209,0.6520553492802365,0.49,0.15,0.22500039002072092,0.22500039002072092,0.46153846153846156
3,621,1.6594761569494945,0.594200356080983,2.37,0.2,-0.7105238430505056,0.7105238430505056,0.8548387096774194
3,624,1.6545199226872696,0.7272333034128572,1.34,0.18,0.31451992268726947,0.31451992268726947,0.6724137931034483
3,629,1.2906475946358429,0.5816195709217165,2.0,0.15,-0.7093524053641571,0.7093524053641571,0.8301886792452831
3,630,1.3615378941852339,0.6118638072185274,1.46,0.1,-0.09846210581476611,0.09846210581476611,0.8636363636363636
3,639,0.1820702143316788,0.6327985248422283,0.95,0.2,-0.7679297856683212,0.7679297856683212,0.3958333333333333
3,649,1.965153277308465,0.7117626778613769,4.37,0.95,-2.404846722691535,2.404846722691535,0.6274509803921569
3,652,0.7735938282748076,0.7232317871509836,1.69,0.11,-0.9164061717251923,0.9164061717251923,0.30952380952380953
3,663,1.9522797559562934,0.6459045139678087,2.17,0.14,-0.2177202440437065,0.2177202440437065,0.6153846153846154
3,666,0.7004207962936255,0.6092677586952514,-0.75,0.35,1.4504207962936255,1.4504207962936255,0.7560975609756098
3,671,1.2930699386695925,0.6007831017986545,1.01,0.21,0.2830699386695925,0.2830699386695925,0.7948717948717948
3,676,1.8266298172310822,0.5967890128565739,2.38,0.24,-0.5533701827689177,0.5533701827689177,0.6666666666666666
3,680,1.5666036255482254,0.6853937329577001,1.94,0.12,-0.37339637445177454,0.37339637445177454,0.6326530612244898
3,695,1.363003745668387,0.6634814749642117,1.49,0.14,-0.126996254331613,0.126996254331613,0.6428571428571429
3,696,2.0826590415548143,0.6399295462769343,2.84,0.14,-0.7573409584451856,0.7573409584451856,0.6774193548387096
3,698,0.40534652991382714,0.6261955256147572,-0.5,0.13,0.9053465299138271,0.9053465299138271,0.7894736842105263
3,699,1.632710115826681,0.6260342209190055,2.49,0.16,-0.8572898841733192,0.8572898841733192,0.4827586206896552
3,701,1.4047143264026163,0.7542019654906895,1.98,0.18,-0.5752856735973837,0.5752856735973837,0.6071428571428571
3,702,1.0724368361062846,0.6133653058661643,0.54,0.2,0.5324368361062846,0.5324368361062846,0.5357142857142857
3,703,0.9466293700430906,0.7081616955265957,-0.7,0.41,1.6466293700430905,1.6466293700430905,0.7058823529411765
3,711,0.9897550874330878,0.6489451276274288,1.9,0.24,-0.9102449125669121,0.9102449125669121,0.631578947368421
3,713,1.827371802769475,0.60419606173533,2.42,0.14,-0.592628197230525,0.592628197230525,0.6140350877192983
3,715,1.3495660506771872,0.7205528810228371,1.87,0.09,-0.520433949322813,0.520433949322813,0.13114754098360656
3,722,0.13153966096462955,0.616566562212123,1.2,0.2,-1.0684603390353704,1.0684603390353704,0.7288135593220338
3,730,1.2356851990305082,0.637876820158318,2.13,0.26,-0.8943148009694917,0.8943148009694917,0.631578947368421
3,732,1.1148765301546544,0.6159780299034989,1.94,0.06,-0.8251234698453456,0.8251234698453456,0.7843137254901961
3,734,1.5024686177073292,0.7069492311577131,1.24,0.09,0.2624686177073292,0.2624686177073292,0.8571428571428571
3,742,0.3442856271433974,0.6456557260281865,-2.29,0.79,2.6342856271433974,2.6342856271433974,0.6444444444444445
3,756,0.38901422309012157,0.6945218115082044,0.95,0.23,-0.5609857769098784,0.5609857769098784,0.625
3,770,1.5532350353177002,0.722245167417801,1.73,0.42,-0.17676496468229974,0.17676496468229974,0.4107142857142857
3,771,0.9567830360252562,0.7505543135015343,2.39,0.19,-1.4332169639747439,1.4332169639747439,0.3
3,780,1.4211962801669908,0.634964215525754,2.73,0.27,-1.3088037198330091,1.3088037198330091,0.4864864864864865
3,781,1.671387938159215,0.6905409330529887,3.48,0.31,-1.808612061840785,1.808612061840785,0.3728813559322034
3,791,1.1632944537501468,0.734973933032784,0.88,0.27,0.28329445375014684,0.28329445375014684,0.5714285714285714
3,798,0.9789771817622468,0.5547483946755303,1.56,0.35,-0.5810228182377533,0.5810228182377533,0.7083333333333334
3,800,1.253632530211842,0.7125094856788259,-0.09,0.26,1.3436325302118421,1.3436325302118421,0.875
3,801,1.3667063801025185,0.5282699115319768,1.48,0.06,-0.11329361989748143,0.11329361989748143,0.8367346938775511
3,804,1.835703272013556,0.7007245108295256,0.54,0.2,1.295703272013556,1.295703272013556,0.5681818181818182
3,808,2.3274104619735683,0.716649931737382,2.56,0.19,-0.23258953802643179,0.23258953802643179,0.4827586206896552
3,814,1.3235588259943598,0.6008002514276481,1.95,0.15,-0.6264411740056401,0.6264411740056401,0.5
3,822,0.802031705847625,0.738503227875438,0.57,0.57,0.232031705847625,0.232031705847625,0.2777777777777778
3,835,1.235667852394579,0.5626778577213056,1.54,0.11,-0.30433214760542104,0.30433214760542104,0.8301886792452831
3,848,1.3857345411383326,0.6792172656368728,1.23,0.28,0.15573454113833263,0.15573454113833263,0.5
3,855,0.4853508676259445,0.7111369371230979,-1.57,1.02,2.0553508676259447,2.0553508676259447,0.4444444444444444
3,859,2.431449940454251,0.6628886641297106,3.95,1.06,-1.518550059545749,1.518550059545749,0.5737704918032787
3,862,1.5080407212041462,0.707203458800675,2.2,0.1,-0.691959278795854,0.691959278795854,0.5757575757575758
3,3,1.6634426487049567,0.634331091054182,-0.16,0.26,1.8234426487049566,1.8234426487049566,0.71875
3,5,2.196322455534411,0.6000711706339686,2.37,0.12,-0.17367754446558914,0.17367754446558914,0.7547169811320755
3,14,1.2090353963150076,0.6595170959135365,2.07,0.11,-0.8609646036849923,0.8609646036849923,0.6888888888888889
3,19,2.1142172487715705,0.6252556300751536,1.41,0.17,0.7042172487715705,0.7042172487715705,0.7954545454545454
3,31,1.6285929080111452,0.6657959996724323,1.72,0.24,-0.09140709198885477,0.09140709198885477,0.5490196078431373
3,37,1.4175711011447836,0.6496534844732202,1.74,0.26,-0.3224288988552164,0.3224288988552164,0.6666666666666666
3,39,0.19942664253243425,0.5956879583041851,-0.27,0.37,0.46942664253243427,0.46942664253243427,0.7368421052631579
3,43,1.8763610039526317,0.6515020836734373,1.17,0.14,0.7063610039526318,0.7063610039526318,0.8461538461538461
3,53,0.9655613549076205,0.7192101109111866,0.9,0.08,0.0655613549076205,0.0655613549076205,0.34210526315789475
3,64,1.5268037266957177,0.6518611347053089,-0.41,0.25,1.9368037266957177,1.9368037266957177,0.24489795918367346
3,67,1.1700405638660214,0.6914378526249225,-0.1,0.6,1.2700405638660215,1.2700405638660215,0.5
3,68,2.015133517969325,0.646787249568433,2.04,0.11,-0.024866482030675208,0.024866482030675208,0.7297297297297297
3,95,1.6573486106480844,0.7608578900644526,2.34,0.55,-0.6826513893519155,0.6826513893519155,0.4375
3,97,1.019939417690665,0.5806917941404176,1.81,0.07,-0.790060582309335,0.790060582309335,0.75
3,99,1.456211443165862,0.590202989100779,1.5,0.27,-0.04378855683413807,0.04378855683413807,0.6530612244897959
3,105,1.842632183719385,0.6045821959847077,1.17,0.35,0.6726321837193852,0.6726321837193852,0.6216216216216216
3,106,1.4292230740104597,0.5500423013165011,1.9,0.19,-0.47077692598954024,0.47077692598954024,0.7058823529411765
3,107,1.6925737189788514,0.7327186636879252,2.01,0.16,-0.31742628102114834,0.31742628102114834,0.5681818181818182
3,112,2.1223733893918193,0.6466670230321321,1.6,0.21,0.5223733893918192,0.5223733893918192,0.6666666666666666
3,114,1.8850401921301407,0.646035144980862,1.35,0.57,0.5350401921301406,0.5350401921301406,0.525
3,115,0.9424320622760858,0.6154728238884467,1.0,0.11,-0.05756793772391422,0.05756793772391422,0.6491228070175439
3,116,1.5480477821724596,0.6811428716226104,1.15,0.18,0.39804778217245973,0.39804778217245973,0.6818181818181818
3,127,1.2719068900885426,0.5885397613394551,-0.11,0.2,1.3819068900885427,1.3819068900885427,0.6458333333333334
3,129,1.4557805659174385,0.5660731207430526,1.69,0.1,-0.2342194340825614,0.2342194340825614,0.7954545454545454
3,130,1.8490212207781054,0.6974696176128123,-0.5,0.1,2.3490212207781056,2.3490212207781056,0.4107142857142857
3,131,1.7022134914805178,0.8072283169182711,0.71,0.23,0.9922134914805179,0.9922134914805179,0.6851851851851852
3,132,1.4017547035212594,0.5299128997878828,1.84,0.09,-0.43824529647874066,0.43824529647874066,0.8775510204081632
3,136,2.081987687501943,0.6713251175028473,1.32,0.25,0.7619876875019431,0.7619876875019431,0.6388888888888888
3,142,1.199298728681612,0.6756251460067461,0.24,0.24,0.9592987286816119,0.9592987286816119,0.6086956521739131
3,150,1.2059726480194568,0.623644290401484,1.5,0.19,-0.2940273519805432,0.2940273519805432,0.8205128205128205
3,151,1.2917275104128232,0.6309282721967436,1.72,0.26,-0.4282724895871768,0.4282724895871768,0.46938775510204084
3,159,1.4781599834080803,0.5093438184708422,1.82,0.57,-0.34184001659191976,0.34184001659191976,0.9117647058823529
3,169,0.7137267332515684,0.5137635358214984,0.88,0.2,-0.16627326674843157,0.16627326674843157,0.5483870967741935
3,170,0.930337205622563,0.6560573737989138,1.17,0.28,-0.23966279437743698,0.23966279437743698,0.5555555555555556
3,185,1.7849346844298075,0.6936096912638611,1.63,0.56,0.15493468442980762,0.15493468442980762,0.7297297297297297
3,186,0.5291751404541263,0.7205165886868522,0.37,0.33,0.15917514045412628,0.15917514045412628,0.46153846153846156
3,188,0.9108087989482264,0.7940725100997026,1.45,0.1,-0.5391912010517735,0.5391912010517735,0.18181818181818182
3,190,1.2877603479161768,0.6148708702563358,1.6,0.35,-0.3122396520838233,0.3122396520838233,0.8421052631578947
3,197,0.41151423681803767,0.738261819959769,0.28,0.59,0.13151423681803764,0.13151423681803764,0.4857142857142857
3,206,1.196030769717826,0.558260063270055,2.16,0.25,-0.9639692302821741,0.9639692302821741,0.78
3,210,1.6652431048592502,0.7017852972568434,2.1,0.26,-0.4347568951407499,0.4347568951407499,0.2537313432835821
3,215,0.9163215586244722,0.7155737875405148,1.28,0.18,-0.36367844137552785,0.36367844137552785,0.3076923076923077
3,224,1.3982543023881584,0.7312358769427647,1.61,0.18,-0.2117456976118417,0.2117456976118417,0.3
3,229,0.44405506478524404,0.828368858624676,-0.93,0.43,1.374055064785244,1.374055064785244,0.22857142857142856
3,230,-0.09066029978002921,0.7329458168272215,-0.63,0.2,0.5393397002199708,0.5393397002199708,0.5
3,232,1.938411615212916,0.6121433378880077,0.81,0.25,1.128411615212916,1.128411615212916,0.6041666666666666
3,233,1.5660035617703774,0.7238578387202356,0.41,0.15,1.1560035617703774,1.1560035617703774,0.4827586206896552
3,236,1.8418833363809224,0.4910609216720787,1.88,0.23,-0.03811666361907751,0.03811666361907751,0.8369565217391305
3,243,0.8795803662064059,0.7100781057555176,1.38,0.36,-0.500419633793594,0.500419633793594,0.5
3,246,1.2409900630825499,0.6252077857940983,-0.3,0.2,1.54099006308255,1.54099006308255,0.7096774193548387
3,251,1.0780563305108497,0.5880344383502765,1.39,0.11,-0.3119436694891502,0.3119436694891502,0.6153846153846154
3,269,2.168625829425546,0.5645796612221023,1.0,0.23,1.168625829425546,1.168625829425546,0.5909090909090909
3,271,1.6156454342848607,0.5469327017708412,1.29,0.1,0.3256454342848607,0.3256454342848607,0.8148148148148148
3,283,1.015582613085933,0.6332996615977176,1.25,0.3,-0.2344173869140671,0.2344173869140671,0.5454545454545454
3,284,1.4226472028302868,0.6866136677304823,0.65,0.27,0.7726472028302868,0.7726472028302868,0.6764705882352942
3,287,0.619488199675489,0.7474204310629566,0.5,0.36,0.11948819967548896,0.11948819967548896,0.5909090909090909
3,290,1.6972675808657622,0.6396537824454449,1.57,0.18,0.12726758086576218,0.12726758086576218,0.7708333333333334
3,291,1.5116728956185934,0.7911724458342464,2.07,0.57,-0.5583271043814064,0.5583271043814064,0.48148148148148145
3,293,1.026632880282846,0.5873305240526814,0.95,0.12,0.07663288028284598,0.07663288028284598,0.8604651162790697
3,294,1.5678987079397515,0.6096590239414623,0.99,0.23,0.5778987079397515,0.5778987079397515,0.7272727272727273
3,296,1.470535499722072,0.6336036860079264,0.87,0.25,0.6005354997220721,0.6005354997220721,0.6153846153846154
3,301,1.308206246648607,0.6619661997931389,0.85,0.24,0.4582062466486071,0.4582062466486071,0.6086956521739131
3,303,2.09841792965776,0.5944373500051578,-0.47,0.25,2.56841792965776,2.56841792965776,0.7272727272727273
3,304,0.2898154462846886,0.6907061693331794,1.31,0.32,-1.0201845537153114,1.0201845537153114,0.41379310344827586
3,313,0.6281022521772862,0.7497317934154543,1.17,0.15,-0.5418977478227137,0.5418977478227137,0.48214285714285715
3,314,1.8578851087627968,0.6902497690942294,0.81,0.2,1.0478851087627967,1.0478851087627967,0.71875
3,319,1.199068242247494,0.8911480814167351,-0.22,0.48,1.419068242247494,1.419068242247494,0.125
3,324,1.484504898644364,0.6425134457622569,2.45,0.45,-0.9654951013556361,0.9654951013556361,0.5416666666666666
3,328,1.2124408969475662,0.5716594020565458,1.33,0.25,-0.11755910305243389,0.11755910305243389,0.8360655737704918
3,329,1.2679286418571012,0.625010455449046,1.54,0.1,-0.27207135814289884,0.27207135814289884,0.4594594594594595
3,333,1.9110132053687447,0.6491392342578111,2.27,0.14,-0.35898679463125527,0.35898679463125527,0.5
3,336,1.8784163356075219,0.7174840700120028,1.94,0.23,-0.06158366439247809,0.06158366439247809,0.8297872340425532
3,339,1.6715170688911942,0.6147574818809488,2.48,0.14,-0.8084829311088058,0.8084829311088058,0.52
3,347,1.448297470477253,0.664261154532872,1.09,0.29,0.358297470477253,0.358297470477253,0.8333333333333334
3,350,0.3843183815891734,0.8629863705805498,-0.14,0.22,0.5243183815891734,0.5243183815891734,0.3829787234042553
3,352,2.167831686526458,0.6806241484953235,1.29,0.27,0.8778316865264579,0.8778316865264579,0.7708333333333334
3,354,0.8146002292408516,0.665590053912708,0.19,0.48,0.6246002292408517,0.6246002292408517,0.34375
3,357,1.6142520492002919,0.4749265113967191,1.54,0.14,0.07425204920029183,0.07425204920029183,0.85
3,360,0.4057907391229232,0.6358798633084203,0.14,0.18,0.26579073912292317,0.26579073912292317,0.4032258064516129
3,362,1.1751142593391044,0.40506881487366775,1.16,0.11,0.015114259339104485,0.015114259339104485,0.7906976744186046
3,371,1.2143538594038763,0.7326752112991004,3.33,0.45,-2.115646140596124,2.115646140596124,0.2
3,373,1.901347170330876,0.8264739850307896,2.36,0.16,-0.4586528296691239,0.4586528296691239,0.3
3,376,0.8220821645072691,0.624795658618266,-0.42,0.22,1.242082164507269,1.242082164507269,0.6896551724137931
3,377,1.875715093622526,0.4306870982389306,2.25,0.17,-0.374284906377474,0.374284906377474,0.7755102040816326
3,387,1.5371073631251484,0.6011654411196167,1.94,0.17,-0.40289263687485155,0.40289263687485155,0.8928571428571429
3,388,0.731257410699145,0.588725453389898,1.5,0.08,-0.768742589300855,0.768742589300855,0.39473684210526316
3,391,1.8447536367126205,0.7527694004627258,1.42,0.34,0.42475363671262056,0.42475363671262056,0.3333333333333333
3,397,0.9841252579733213,0.6849967188460602,1.78,0.18,-0.7958747420266787,0.7958747420266787,0.5151515151515151
3,407,1.2107527680636376,0.49739528740298633,1.13,0.07,0.08075276806363774,0.08075276806363774,0.7959183673469388
3,411,1.99628509683204,0.6620276222564367,2.05,0.26,-0.05371490316795979,0.05371490316795979,0.8372093023255814
3,437,0.8457953773816215,0.7331304331224903,1.54,0.24,-0.6942046226183786,0.6942046226183786,0.3333333333333333
3,442,1.9030571034216008,0.612462249557137,2.16,0.3,-0.2569428965783993,0.2569428965783993,0.6666666666666666
3,454,1.2098957310449945,0.7356460546333855,2.4,0.23,-1.1901042689550054,1.1901042689550054,0.3888888888888889
3,464,1.4401770510924312,0.79110284946106,2.06,0.38,-0.6198229489075688,0.6198229489075688,0.6851851851851852
3,465,1.0012234324137403,0.7242551502250656,0.34,0.08,0.6612234324137403,0.6612234324137403,0.6956521739130435
3,472,0.9154179284336865,0.6224000543591047,1.37,0.06,-0.4545820715663136,0.4545820715663136,0.8269230769230769
3,475,1.8738058077386734,0.9435478826513076,1.93,0.25,-0.05619419226132649,0.05619419226132649,0.5652173913043478
3,478,1.8215400028295998,0.6979826660240127,1.77,0.08,0.05154000282959981,0.05154000282959981,0.8490566037735849
3,490,1.5770368905662733,0.7527976897842974,0.96,0.22,0.6170368905662733,0.6170368905662733,0.47619047619047616
3,491,1.225641394992831,0.6774693151064874,1.09,0.24,0.135641394992831,0.135641394992831,0.5806451612903226
3,492,1.3466222413335036,0.6952508760640941,2.16,0.26,-0.8133777586664965,0.8133777586664965,0.66
3,498,1.5742766320138704,0.6218220627125749,0.59,0.23,0.9842766320138704,0.9842766320138704,0.6086956521739131
3,501,1.1223999211071476,0.706859660613443,1.3,0.3,-0.17760007889285245,0.17760007889285245,0.4594594594594595
3,505,0.5168595272094181,0.7242301612146218,0.5,0.15,0.01685952720941808,0.01685952720941808,0.4
3,512,1.1672992259236799,0.6018129098822331,1.6,0.1,-0.43270077407632024,0.43270077407632024,0.4838709677419355
3,514,1.5182131608421146,0.5938239656134077,2.32,0.11,-0.8017868391578853,0.8017868391578853,0.6
3,530,2.4342390415557995,0.6529291306799205,2.55,0.25,-0.11576095844420031,0.11576095844420031,0.8524590163934426
3,533,1.6850285717993767,0.6796706928135815,0.69,0.13,0.9950285717993768,0.9950285717993768,0.6530612244897959
3,537,1.6618611123666582,0.6024743553809283,1.41,0.36,0.2518611123666583,0.2518611123666583,0.8928571428571429
3,539,1.4017794359515603,1.0697481581710335,1.38,0.36,0.0217794359515604,0.0217794359515604,0.15833333333333333
3,542,1.3861213521019093,0.6679841230022958,2.12,0.17,-0.7338786478980908,0.7338786478980908,0.6888888888888889
3,556,1.3720230050875515,0.6149855437115739,1.79,0.24,-0.41797699491244855,0.41797699491244855,0.8
3,562,1.5157474807410067,0.6525073194884625,0.62,0.23,0.8957474807410067,0.8957474807410067,0.5789473684210527
3,565,0.5641202815963869,0.6506496852363963,-0.1,0.2,0.6641202815963869,0.6641202815963869,0.38461538461538464
3,567,0.4046858110825363,0.6869385489535981,-0.1,0.61,0.5046858110825363,0.5046858110825363,0.3870967741935484
3,570,0.969966173890459,0.5794520159211469,1.44,0.11,-0.4700338261095409,0.4700338261095409,0.7843137254901961
3,574,1.2773070859259275,0.7441292867914333,1.41,0.25,-0.13269291407407247,0.13269291407407247,0.42857142857142855
3,584,0.7701801731727642,0.7127245319985378,-0.09,0.36,0.8601801731727642,0.8601801731727642,0.40625
3,591,1.1030100116314676,0.6675468212984652,1.2,0.23,-0.09698998836853234,0.09698998836853234,0.46296296296296297
3,592,1.3457125498561533,0.5820580032611069,1.13,0.23,0.2157125498561534,0.2157125498561534,0.6666666666666666
3,613,1.5449302269118912,0.6656894674650138,3.44,0.44,-1.8950697730881088,1.8950697730881088,0.4426229508196721
3,615,1.3605534040366292,0.597976390939631,1.54,0.26,-0.17944659596337087,0.17944659596337087,0.4482758620689655
3,627,0.7865444020668126,0.6656054287120547,0.01,0.59,0.7765444020668126,0.7765444020668126,0.3103448275862069
3,628,1.3174012214894717,0.6680061055121194,1.5,0.15,-0.1825987785105283,0.1825987785105283,0.8412698412698413
3,631,1.5108235933490053,0.6288946561112444,2.37,0.14,-0.8591764066509948,0.8591764066509948,0.4186046511627907
3,633,2.3512216579551732,0.6654804253745624,2.94,0.25,-0.5887783420448267,0.5887783420448267,0.7903225806451613
3,635,1.949710042652554,0.6506798845160127,2.02,0.32,-0.07028995734744603,0.07028995734744603,0.5918367346938775
3,636,1.1780866646096149,0.4757553236822531,0.86,0.09,0.3180866646096149,0.3180866646096149,0.6666666666666666
3,640,1.4750005923616005,0.6617290887928231,2.26,0.19,-0.7849994076383993,0.7849994076383993,0.6818181818181818
3,646,1.0605642087322893,0.7278092241312762,0.51,0.21,0.5505642087322893,0.5505642087322893,0.38095238095238093
3,654,2.0678118833315784,0.6912372925577477,0.97,0.13,1.0978118833315784,1.0978118833315784,0.4666666666666667
3,656,1.4864283485968985,0.5042746559065399,1.95,0.25,-0.4635716514031014,0.4635716514031014,0.9117647058823529
3,658,1.8357926742341308,0.6685259589585283,1.6,0.4,0.23579267423413075,0.23579267423413075,0.6041666666666666
3,661,1.3487064349799185,0.6660200643738374,-0.74,0.19,2.0887064349799185,2.0887064349799185,0.5641025641025641
3,665,1.9912247726258074,0.6867661079710555,2.33,0.12,-0.33877522737419263,0.33877522737419263,0.7
3,669,0.7901896171334166,0.6246156038076656,1.26,0.58,-0.4698103828665834,0.4698103828665834,0.7105263157894737
3,673,1.2364643469391938,0.8710455383596506,1.15,0.18,0.08646434693919391,0.08646434693919391,0.24242424242424243
3,674,1.5705629984120588,0.6325470749854298,0.97,0.13,0.6005629984120588,0.6005629984120588,0.5581395348837209
3,678,1.4389422979175324,0.6766954801133869,-0.0,0.47,1.4389422979175324,1.4389422979175324,0.5714285714285714
3,682,1.1150751366240146,0.6916303213338132,0.34,0.26,0.7750751366240145,0.7750751366240145,0.6938775510204082
3,683,1.3314235194180064,0.6908720572686903,0.25,0.28,1.0814235194180064,1.0814235194180064,0.5142857142857142
3,689,0.1945994032273597,0.7035994042747706,0.5,0.16,-0.3054005967726403,0.3054005967726403,0.36585365853658536
3,692,1.9450558901291932,0.7081726607117599,0.45,0.19,1.4950558901291933,1.4950558901291933,0.71875
3,707,1.3298259394684182,0.6618016667553026,0.97,0.16,0.35982593946841823,0.35982593946841823,0.782608695652174
3,716,1.099928679051061,0.6397645809126811,1.18,0.29,-0.08007132094893898,0.08007132094893898,0.6666666666666666
3,724,2.059266993631751,0.6996827881287542,2.18,0.1,-0.12073300636824902,0.12073300636824902,0.36764705882352944
3,729,0.7205159238229624,0.7997555797699659,0.45,0.19,0.27051592382296236,0.27051592382296236,0.5909090909090909
3,735,1.4795883782187929,0.7568481114922022,0.98,0.14,0.4995883782187929,0.4995883782187929,0.6415094339622641
3,741,1.5189135226633685,0.7119772385726747,1.7,0.27,-0.1810864773366314,0.1810864773366314,0.8070175438596491
3,743,1.3077865722514108,0.8786883691340895,0.33,0.37,0.9777865722514107,0.9777865722514107,0.2112676056338028
3,746,1.1233446481571137,0.6761452856431465,0.28,0.25,0.8433446481571136,0.8433446481571136,0.4782608695652174
3,749,2.246552947282516,0.7095582618048977,2.37,0.18,-0.12344705271748424,0.12344705271748424,0.5737704918032787
3,751,0.9380092196478672,0.7373665931769128,1.83,0.16,-0.8919907803521329,0.8919907803521329,0.4897959183673469
3,752,1.2778556867475017,0.6600272770880897,1.5,0.09,-0.22214431325249828,0.22214431325249828,0.47368421052631576
3,757,1.4314276290846477,0.7838523772646375,0.9,0.16,0.5314276290846477,0.5314276290846477,0.23076923076923078
3,758,1.6024514154407314,0.4653402514124172,1.63,0.13,-0.027548584559268452,0.027548584559268452,0.85
3,762,1.4052033716756487,0.6171225951507601,1.74,0.12,-0.3347966283243513,0.3347966283243513,0.8947368421052632
3,772,0.47095259815785295,0.7135766938070924,-1.2,0.95,1.6709525981578528,1.6709525981578528,0.37037037037037035
3,782,1.9579370661215625,0.6375133352205172,1.23,0.28,0.7279370661215625,0.7279370661215625,0.7708333333333334
3,792,1.237215583681622,0.6905034657830452,-1.26,0.42,2.497215583681622,2.497215583681622,0.4827586206896552
3,793,1.3449997672771374,0.6394850603860553,1.91,0.21,-0.5650002327228625,0.5650002327228625,0.4883720930232558
3,802,1.8302548011583148,0.7146280214861322,1.12,0.28,0.7102548011583147,0.7102548011583147,0.48484848484848486
3,807,1.129241171725592,0.6965062529069234,1.58,0.22,-0.45075882827440816,0.45075882827440816,0.391304347826087
3,811,0.3779030346430061,0.5988889836712266,1.07,0.21,-0.6920969653569939,0.6920969653569939,0.631578947368421
3,815,1.21659076927732,0.5966956566777942,1.35,0.11,-0.13340923072268018,0.13340923072268018,0.7843137254901961
3,816,1.771160185101245,0.6961022690366324,2.16,0.11,-0.3888398148987551,0.3888398148987551,0.6296296296296297
3,820,1.3036557347798179,0.6100081546413741,2.08,0.16,-0.7763442652201822,0.7763442652201822,0.75
3,833,1.9529640063944937,0.5951555235309735,1.07,0.1,0.8829640063944937,0.8829640063944937,0.6052631578947368
3,836,1.851358951928582,0.6936923704151927,2.96,0.09,-1.108641048071418,1.108641048071418,0.6338028169014085
3,849,0.40679268902773336,0.7669289182652768,0.68,0.13,-0.2732073109722667,0.2732073109722667,0.6666666666666666
3,850,1.2769386347113003,0.6333231979622379,0.54,0.1,0.7369386347113003,0.7369386347113003,0.5806451612903226
3,854,2.001459440190458,0.6090786551914115,3.78,1.1,-1.7785405598095418,1.7785405598095418,0.425531914893617
3,861,1.3801497525643525,0.6310675631822896,1.08,0.19,0.3001497525643524,0.3001497525643524,0.71875
3,7,1.415729608007161,0.6613812418608774,-2.0,0.85,3.415729608007161,3.415729608007161,0.725
3,8,1.7730560088039455,0.44448964462597124,1.57,0.32,0.20305600880394548,0.20305600880394548,0.75
3,15,1.2721428104324692,0.6577855742813846,2.34,0.26,-1.0678571895675306,1.0678571895675306,0.8125
3,18,1.6343272283408272,0.6217246482904071,1.46,0.12,0.17432722834082726,0.17432722834082726,0.8076923076923077
3,24,1.427391040526853,0.6667912907687703,1.86,0.19,-0.43260895947314704,0.43260895947314704,0.7567567567567568
3,25,1.4149858033080807,0.7106065106345878,1.53,0.16,-0.11501419669191937,0.11501419669191937,0.6382978723404256
3,29,0.5110593540581181,0.5484505730774797,0.2,0.2,0.3110593540581181,0.3110593540581181,0.65
3,40,1.664094291952237,0.6574614676764243,2.48,0.17,-0.815905708047763,0.815905708047763,0.8125
3,47,0.9905642447532577,0.6171211504414923,0.6,0.1,0.3905642447532577,0.3905642447532577,0.6129032258064516
3,49,1.8659474281147888,0.7146105160319058,2.3,0.16,-0.43405257188521107,0.43405257188521107,0.19230769230769232
3,54,1.3840566931730505,0.6781152926954305,1.41,0.25,-0.025943306826949453,0.025943306826949453,0.47058823529411764
3,55,1.3255396964836208,0.7630037602679687,0.28,0.21,1.0455396964836208,1.0455396964836208,0.5
3,56,0.9301064946546392,0.66298376986982,0.68,0.16,0.2501064946546392,0.2501064946546392,0.41935483870967744
3,57,1.6884352663257758,0.6813312927758127,1.89,0.13,-0.20156473367422412,0.20156473367422412,0.6792452830188679
3,59,0.47850702434467685,0.6535856449353328,-0.17,0.38,0.6485070243446769,0.6485070243446769,0.46774193548387094
3,66,0.6340049181625429,0.6613507767418025,-1.9,0.94,2.534004918162543,2.534004918162543,0.45901639344262296
3,70,1.3552402236025507,0.6828524052466762,1.52,0.21,-0.16475977639744932,0.16475977639744932,0.8947368421052632
3,71,1.0384538955226363,0.6850519113532071,1.17,0.41,-0.1315461044773636,0.1315461044773636,0.5294117647058824
3,79,1.049699250519429,0.7443026558791246,0.3,0.15,0.7496992505194289,0.7496992505194289,0.2982456140350877
3,82,1.2256355294813661,0.7151900257453487,1.31,0.15,-0.08436447051863394,0.08436447051863394,0.7894736842105263
3,83,1.5582818831341105,0.7708807263902931,2.51,0.15,-0.9517181168658893,0.9517181168658893,0.3888888888888889
3,87,1.1595760946910083,0.6339988561324577,1.1,0.17,0.05957609469100822,0.05957609469100822,0.7647058823529411
3,88,0.7483708876409766,0.6184826710521458,0.7,0.34,0.048370887640976634,0.048370887640976634,0.5111111111111111
3,92,1.5292957375864313,0.7043027414291414,1.99,0.18,-0.46070426241356865,0.46070426241356865,0.2391304347826087
3,93,1.345285384618484,0.7143274391350064,1.97,0.24,-0.624714615381516,0.624714615381516,0.7567567567567568
3,96,1.60443393043597,0.628393415346409,1.07,0.37,0.53443393043597,0.53443393043597,0.6666666666666666
3,104,0.2485245779029801,0.6907822900647819,0.99,0.07,-0.7414754220970199,0.7414754220970199,0.5454545454545454
3,118,1.4162461085425857,0.6791743546137781,0.81,0.18,0.6062461085425856,0.6062461085425856,0.8
3,135,1.196011179274587,0.615008047367558,1.58,0.1,-0.38398882072541296,0.38398882072541296,0.7555555555555555
3,138,0.7123768380052146,0.6703000360220023,0.43,0.75,0.28237683800521457,0.28237683800521457,0.3939393939393939
3,139,0.6653441115243428,0.6670615228269773,1.7,0.08,-1.0346558884756571,1.0346558884756571,0.6458333333333334
3,147,1.6092625293643281,0.6881535372948128,0.96,0.11,0.6492625293643282,0.6492625293643282,0.6333333333333333
3,153,1.4223598147912833,0.6899458726409367,0.2,0.28,1.2223598147912833,1.2223598147912833,0.24444444444444444
3,158,1.4688168408681628,0.6592129758692009,1.99,0.1,-0.5211831591318372,0.5211831591318372,0.6666666666666666
3,161,1.3217453668141457,0.6726403215600122,1.92,0.11,-0.5982546331858543,0.5982546331858543,0.4117647058823529
3,166,1.9062121800287564,0.6916502087883517,2.25,0.17,-0.34378781997124364,0.34378781997124364,0.8333333333333334
3,168,0.8572447561859555,0.6871614335569144,-0.53,0.15,1.3872447561859556,1.3872447561859556,0.6428571428571429
3,174,1.6611700554334772,0.7319380081055192,2.01,0.12,-0.3488299445665226,0.3488299445665226,0.6274509803921569
3,179,2.069999863700959,0.7023797723412502,2.87,0.1,-0.8000001362990412,0.8000001362990412,0.5471698113207547
3,181,1.3109259233871686,0.6500305923474904,1.67,0.32,-0.3590740766128313,0.3590740766128313,0.5918367346938775
3,189,1.1703340848522663,0.7315569095817542,1.02,0.25,0.1503340848522663,0.1503340848522663,0.38461538461538464
3,193,1.5001852140791883,0.704846945142784,1.55,0.22,-0.04981478592081179,0.04981478592081179,0.6808510638297872
3,202,1.707363134262282,0.7988327357711346,1.38,0.1,0.32736313426228203,0.32736313426228203,0.6037735849056604
3,203,0.5123300282194249,0.6954837604892713,1.29,0.11,-0.7776699717805752,0.7776699717805752,0.6774193548387096
3,204,1.3483669592321312,0.5900670519309521,1.5,0.11,-0.15163304076786877,0.15163304076786877,0.5945945945945946
3,218,1.1480765139921703,0.7082690527105977,1.07,0.11,0.0780765139921702,0.0780765139921702,0.4444444444444444
3,222,0.7715126364530152,0.7569385459181367,1.73,0.15,-0.9584873635469848,0.9584873635469848,0.28125
3,225,0.635637783330033,0.6351648979041631,1.25,0.22,-0.614362216669967,0.614362216669967,0.7241379310344828
3,227,1.0018972621105826,0.6319830249450766,0.5,0.14,0.5018972621105826,0.5018972621105826,0.8604651162790697
3,241,1.9730915292651168,0.6932584463483232,2.04,0.06,-0.06690847073488326,0.06690847073488326,0.6774193548387096
3,244,1.2977353977255077,0.6663465844350012,1.45,0.25,-0.15226460227449223,0.15226460227449223,0.7045454545454546
3,250,0.9636382987094547,0.7842584494695397,0.89,0.2,0.07363829870945471,0.07363829870945471,0.37037037037037035
3,254,1.724887403109812,0.66371292714206,1.31,0.32,0.414887403109812,0.414887403109812,0.8163265306122449
3,255,0.9580426243791806,0.7007921619475604,0.93,0.14,0.028042624379180592,0.028042624379180592,0.4375
3,261,0.7005362704189819,0.6152669490383392,0.85,0.35,-0.14946372958101806,0.14946372958101806,0.7931034482758621
3,268,1.343989928927443,0.7253238584899697,1.21,0.2,0.1339899289274431,0.1339899289274431,0.3888888888888889
3,272,1.73367004306035,0.7437311451565591,1.86,0.16,-0.1263299569396501,0.1263299569396501,0.32142857142857145
3,276,1.0351667182036222,0.6438624543386935,1.22,0.31,-0.1848332817963778,0.1848332817963778,0.6470588235294118
3,280,0.8614906001685017,0.6350908930764808,-1.04,0.26,1.9014906001685017,1.9014906001685017,0.8148148148148148
3,286,1.2944044278353806,0.7202970079038703,1.62,0.2,-0.32559557216461954,0.32559557216461954,0.723404255319149
3,298,1.6334568849207995,0.714042377093234,2.09,0.19,-0.4565431150792003,0.4565431150792003,0.5454545454545454
3,306,1.3749177008533815,0.6804537251046892,1.0,0.17,0.3749177008533815,0.3749177008533815,0.5263157894736842
3,312,1.17681859339711,0.7459546881079355,2.24,0.13,-1.0631814066028902,1.0631814066028902,0.37142857142857144
3,315,1.3323590038418682,0.7377408513607845,0.43,0.26,0.9023590038418683,0.9023590038418683,0.6666666666666666
3,321,0.891148097876834,0.8028999525536321,1.08,0.25,-0.18885190212316605,0.18885190212316605,0.4489795918367347
3,326,0.8893139613215477,0.795288192977702,1.34,0.13,-0.45068603867845236,0.45068603867845236,0.15789473684210525
3,338,0.9656882710484187,0.7117786041885324,-0.33,0.16,1.2956882710484188,1.2956882710484188,0.625
3,342,0.9052769439842991,0.7111804624086486,-0.56,0.16,1.4652769439842992,1.4652769439842992,0.625
3,361,1.2530683588732079,0.8103745654934723,2.4,0.16,-1.146931641126792,1.146931641126792,0.3548387096774194
3,364,2.332277762709044,0.7052263050340367,2.11,0.16,0.22227776270904398,0.22227776270904398,0.7966101694915254
3,366,1.6537167166641382,0.7077374205400498,1.9,0.2,-0.2462832833358617,0.2462832833358617,0.4666666666666667
3,370,0.9226600847922684,0.6703641208064376,0.61,0.18,0.31266008479226837,0.31266008479226837,0.40425531914893614
3,382,0.5307839600376684,0.7994266392870514,0.19,0.55,0.34078396003766837,0.34078396003766837,0.25
3,384,0.9270016397048917,0.6462650992095957,1.08,0.18,-0.15299836029510838,0.15299836029510838,0.8
3,390,1.0957205412846551,0.42175004138791006,0.97,0.05,0.12572054128465515,0.12572054128465515,0.75
3,392,0.41464951056193855,0.7282087514368669,-2.09,0.9,2.504649510561938,2.504649510561938,0.3333333333333333
3,402,1.4278086525704137,0.6902463553546099,1.51,0.14,-0.08219134742958634,0.08219134742958634,0.8412698412698413
3,404,1.5381079718416244,0.592383946695544,1.3,0.12,0.23810797184162436,0.23810797184162436,0.8333333333333334
3,406,1.6983015603203133,0.607058784955461,2.4,0.18,-0.7016984396796866,0.7016984396796866,0.5909090909090909
3,410,0.9810992840703276,0.6975772583673413,1.39,0.2,-0.40890071592967225,0.40890071592967225,0.62
3,412,0.7821449907429734,0.6175786421082432,0.99,0.11,-0.2078550092570266,0.2078550092570266,0.6129032258064516
3,415,1.733431608529132,0.6692718535275023,1.0,0.09,0.7334316085291319,0.7334316085291319,0.75
3,416,1.1591818965225256,0.6816836261389171,1.78,0.08,-0.6208181034774745,0.6208181034774745,0.6666666666666666
3,417,1.8409602274821224,0.6726885768726308,2.43,0.15,-0.5890397725178778,0.5890397725178778,0.723404255319149
3,419,1.2422718569103528,0.5968229110820834,0.39,0.18,0.8522718569103528,0.8522718569103528,0.5531914893617021
3,424,0.9717695563573363,0.531852805411002,0.81,0.17,0.16176955635733625,0.16176955635733625,0.8448275862068966
3,428,0.5495461238631555,0.6454833300262907,-0.82,0.25,1.3695461238631554,1.3695461238631554,0.8085106382978723
3,429,1.9926229677881349,0.6794961787350686,1.89,0.19,0.10262296778813496,0.10262296778813496,0.6774193548387096
3,430,0.023425246527032373,0.6019857526706968,0.69,0.16,-0.6665747534729676,0.6665747534729676,0.5272727272727272
3,440,2.44052347040702,0.6397583499494224,2.29,0.16,0.15052347040701974,0.15052347040701974,0.7377049180327869
3,448,1.3293410572914535,0.7029317989404218,0.09,0.24,1.2393410572914534,1.2393410572914534,0.47058823529411764
3,449,1.3737198361692018,0.7684387428202296,1.19,0.14,0.18371983616920184,0.18371983616920184,0.2857142857142857
3,450,1.603708343536995,0.6561506437626256,1.96,0.2,-0.356291656463005,0.356291656463005,0.6486486486486487
3,451,1.4990706089971197,0.5377939027037636,1.72,0.36,-0.22092939100288023,0.22092939100288023,0.8738738738738738
3,452,1.181439297382606,0.711238831569468,1.48,0.16,-0.298560702617394,0.298560702617394,0.24489795918367346
3,456,1.3094197068816826,0.7161279701830812,0.54,0.12,0.7694197068816826,0.7694197068816826,0.7142857142857143
3,457,1.1488005971734043,0.6185965434518098,0.23,0.27,0.9188005971734043,0.9188005971734043,0.7096774193548387
3,459,1.8187901343138013,0.6750193051357485,2.77,0.24,-0.9512098656861987,0.9512098656861987,0.6774193548387096
3,460,1.3315793569123353,0.550009659701155,1.55,0.59,-0.21842064308766473,0.21842064308766473,0.6060606060606061
3,461,0.3450623779415769,0.718819734411609,-1.53,1.11,1.875062377941577,1.875062377941577,0.3870967741935484
3,466,1.1127902918474177,0.6780935109825695,1.24,0.3,-0.12720970815258226,0.12720970815258226,0.7105263157894737
3,467,0.8312848389762681,0.5816925989557847,-0.35,0.1,1.1812848389762682,1.1812848389762682,0.7647058823529411
3,468,1.3006845315597455,0.695594834565833,0.73,0.29,0.5706845315597455,0.5706845315597455,0.868421052631579
3,479,2.140077111085869,0.6076526193652427,2.34,0.06,-0.19992288891413068,0.19992288891413068,0.819672131147541
3,488,1.8537669046982304,0.21067152955323012,1.5,0.24,0.35376690469823036,0.35376690469823036,0.6727272727272727
3,509,1.3253912364513807,0.6261082886289112,-0.08,0.13,1.4053912364513808,1.4053912364513808,0.7241379310344828
3,521,1.1897500680291382,0.6577569336239097,0.43,0.13,0.7597500680291382,0.7597500680291382,0.5
3,522,0.9494933628076633,0.653446803905322,1.3,0.16,-0.35050663719233677,0.35050663719233677,0.5
3,524,1.462068137393414,0.6166771953606205,1.51,0.13,-0.047931862606586106,0.047931862606586106,0.7924528301886793
3,525,1.6699835778133159,0.79561856218647,1.03,0.14,0.6399835778133158,0.6399835778133158,0.6428571428571429
3,528,0.06539740031521069,0.5378377818339402,-0.06,0.12,0.12539740031521068,0.12539740031521068,1.0
3,536,1.6261442410192783,0.7636601811437337,1.92,0.56,-0.2938557589807216,0.2938557589807216,0.5263157894736842
3,548,1.6735632896221038,0.6561460745648114,2.14,0.24,-0.46643671037789636,0.46643671037789636,0.5925925925925926
3,549,0.8726508917443618,0.6970904458994877,0.5,0.22,0.37265089174436183,0.37265089174436183,0.5714285714285714
3,554,0.7724360037248863,0.6934209194207898,1.76,0.23,-0.9875639962751137,0.9875639962751137,0.4
3,555,1.9946714979224174,0.4493264106745816,1.94,0.24,0.054671497922417434,0.054671497922417434,0.7755102040816326
3,558,1.676274450980669,0.7064768514286016,1.7,0.14,-0.023725549019330883,0.023725549019330883,0.6785714285714286
3,568,1.6259969913354773,0.5346290707273563,2.13,0.21,-0.5040030086645226,0.5040030086645226,0.8333333333333334
3,573,0.9869426301559917,0.6941543774336654,1.6,0.12,-0.6130573698440084,0.6130573698440084,0.5932203389830508
3,575,1.4357542301359845,0.6999289606529081,1.96,0.21,-0.5242457698640155,0.5242457698640155,0.5151515151515151
3,586,1.569965625959303,0.7855247116477707,1.72,0.45,-0.15003437404069708,0.15003437404069708,0.5263157894736842
3,589,2.5154947735627973,0.6902180017690561,2.83,0.15,-0.3145052264372028,0.3145052264372028,0.7966101694915254
3,593,1.5778627254167337,0.6020701733239204,1.37,0.16,0.20786272541673356,0.20786272541673356,0.6785714285714286
3,596,1.4312274976439079,0.7703024388026706,1.66,0.6,-0.22877250235609203,0.22877250235609203,0.5238095238095238
3,600,1.063327526779473,0.6486392929737478,1.67,0.3,-0.6066724732205269,0.6066724732205269,0.75
3,612,1.1853927335573453,0.6760399339744747,0.98,0.16,0.20539273355734533,0.20539273355734533,0.8833333333333333
3,619,0.842053053247386,0.7278208789669521,0.72,0.26,0.12205305324738602,0.12205305324738602,0.2692307692307692
3,623,0.447940132187003,0.6897061971584921,0.03,0.2,0.417940132187003,0.417940132187003,0.38461538461538464
3,626,1.1872782566931865,0.6164350767306721,0.97,0.1,0.21727825669318657,0.21727825669318657,0.6545454545454545
3,634,1.7891206783936693,0.6572617251567253,3.29,0.43,-1.5008793216063308,1.5008793216063308,0.7
3,638,1.4001434412128158,0.6937417216947742,-1.12,0.33,2.5201434412128156,2.5201434412128156,0.675
3,648,1.8398994546719245,0.47868247847676143,2.09,0.2,-0.25010054532807535,0.25010054532807535,0.7608695652173914
3,667,1.5226071572361903,0.6509540613343527,-0.1,0.27,1.6226071572361904,1.6226071572361904,0.5862068965517241
3,668,1.6887942940319536,0.6807775624877428,1.86,0.16,-0.17120570596804652,0.17120570596804652,0.5490196078431373
3,675,1.3564087800601863,0.6632963637769118,1.9,0.29,-0.5435912199398136,0.5435912199398136,0.7222222222222222
3,685,0.9032365429515294,0.7089116459638503,1.42,0.12,-0.5167634570484705,0.5167634570484705,0.3125
3,687,1.4540888061785258,0.6045850248953514,0.62,0.34,0.8340888061785258,0.8340888061785258,0.6727272727272727
3,691,1.477222438863379,0.6524196965734907,1.93,0.16,-0.45277756113662093,0.45277756113662093,0.5862068965517241
3,700,0.9101813733944879,0.6804271501475064,1.98,0.29,-1.069818626605512,1.069818626605512,0.8461538461538461
3,706,1.8834730604848038,0.7679971604944523,1.92,0.1,-0.036526939515196144,0.036526939515196144,0.6190476190476191
3,710,0.9486599106177627,0.6079075280980727,0.94,0.14,0.008659910617762723,0.008659910617762723,0.7083333333333334
3,712,1.1668313054044241,0.7051560472561554,0.57,0.12,0.5968313054044242,0.5968313054044242,0.6170212765957447
3,719,2.2185856539690527,0.7127009422051747,2.35,0.1,-0.13141434603094737,0.13141434603094737,0.2786885245901639
3,726,0.8533223783292977,0.6295369610915272,-1.03,0.61,1.8833223783292978,1.8833223783292978,0.6825396825396826
3,736,0.9859253055480512,0.6499181881617468,0.79,0.2,0.1959253055480512,0.1959253055480512,0.40384615384615385
3,745,1.6296243791647662,0.718723175477019,2.36,0.2,-0.7303756208352337,0.7303756208352337,0.5
3,750,0.9785383229934292,0.6399076724105899,1.64,0.14,-0.6614616770065707,0.6614616770065707,0.6938775510204082
3,755,1.3077678730963378,0.6704286211789351,1.03,0.28,0.27776787309633777,0.27776787309633777,0.75
3,761,1.6169103535650637,0.6992742320025094,0.66,0.12,0.9569103535650637,0.9569103535650637,0.525
3,766,0.7819429729321298,0.6435653886781836,0.96,0.36,-0.1780570270678702,0.1780570270678702,0.5111111111111111
3,768,0.4516300367831594,0.7353177333823856,0.41,0.23,0.04163003678315941,0.04163003678315941,0.37037037037037035
3,775,1.071846273453799,0.6364810073928289,4.29,0.95,-3.218153726546201,3.218153726546201,0.71875
3,776,1.5873942103792338,0.6001481783924377,1.43,0.22,0.15739421037923385,0.15739421037923385,0.7410714285714286
3,777,0.9584192691926547,0.8027057178812408,0.41,0.24,0.5484192691926548,0.5484192691926548,0.7857142857142857
3,779,1.6516912831709776,0.7029460934481985,1.3,0.11,0.35169128317097753,0.35169128317097753,0.45161290322580644
3,784,1.1875084172267911,0.7373994733511611,0.0,0.24,1.1875084172267911,1.1875084172267911,0.532258064516129
3,790,1.3697302106725973,0.7716073526686948,-1.41,0.9,2.7797302106725974,2.7797302106725974,0.6666666666666666
3,799,1.257940414479944,0.6184780047972032,-0.19,0.49,1.447940414479944,1.447940414479944,0.5294117647058824
3,803,0.9685412529250753,0.6929630892672797,0.55,0.19,0.41854125292507527,0.41854125292507527,0.7727272727272727
3,806,0.807175941171504,0.5381234708083154,1.4,0.2,-0.5928240588284959,0.5928240588284959,0.5357142857142857
3,810,1.00911911072973,0.5978596126433595,2.43,0.57,-1.4208808892702702,1.4208808892702702,0.6530612244897959
3,817,1.382664848147074,0.713091259322038,1.89,0.08,-0.5073351518529259,0.5073351518529259,0.6808510638297872
3,819,1.1651450068955904,0.7291575618884046,1.15,0.19,0.015145006895590507,0.015145006895590507,0.62
3,823,1.3509855996561182,0.5786082611716767,1.07,0.07,0.28098559965611813,0.28098559965611813,0.71875
3,824,1.850647622158842,0.6442754434147724,1.22,0.25,0.630647622158842,0.630647622158842,0.6181818181818182
3,829,0.9499926854620551,0.6643725690274135,0.8,0.22,0.14999268546205502,0.14999268546205502,0.5384615384615384
3,832,0.614747326563381,0.6824115376753115,1.51,0.13,-0.895252673436619,0.895252673436619,0.6458333333333334
3,838,1.0844243863708658,0.7054345592792253,1.07,0.21,0.014424386370865738,0.014424386370865738,0.4838709677419355
3,841,1.6660805948142734,0.6397816427698937,3.32,0.5,-1.6539194051857264,1.6539194051857264,0.5227272727272727
3,843,1.3990897933592157,0.6321266332240141,1.8,0.27,-0.40091020664078436,0.40091020664078436,0.6808510638297872
3,853,1.304434790321654,0.7157174222097531,0.91,0.27,0.39443479032165396,0.39443479032165396,0.5116279069767442
3,857,1.8227634921130091,0.680275083860404,2.13,0.15,-0.30723650788699075,0.30723650788699075,0.7708333333333334
3,858,0.9150119106607104,0.6521845093838445,-0.44,0.17,1.3550119106607104,1.3550119106607104,0.6307692307692307
3,6,1.4026019949313164,0.7128449364811519,0.88,0.1,0.5226019949313164,0.5226019949313164,0.4794520547945205
3,11,1.4285960037345664,0.6268576080501551,1.61,0.17,-0.1814039962654337,0.1814039962654337,0.8888888888888888
3,12,1.606315911965898,0.5621100026978134,1.79,0.26,-0.18368408803410197,0.18368408803410197,0.8725490196078431
3,13,1.2138235767169887,0.7503837451765047,1.79,0.24,-0.5761764232830113,0.5761764232830113,0.3333333333333333
3,17,1.6210397025543644,0.6892610335253544,-0.22,0.24,1.8410397025543643,1.8410397025543643,0.725
3,21,0.7215594340530157,0.6058651451990498,-2.1,0.84,2.821559434053016,2.821559434053016,0.5454545454545454
3,23,2.1295226493397896,0.7029283173193387,2.31,0.19,-0.18047735066021042,0.18047735066021042,0.6774193548387096
3,34,0.8928654741231126,0.5865813294662428,1.22,0.08,-0.3271345258768874,0.3271345258768874,0.5869565217391305
3,38,1.460613007458742,0.6394713224316363,2.12,0.21,-0.6593869925412581,0.6593869925412581,0.5833333333333334
3,42,1.454127903916496,0.8068346397684163,2.79,0.56,-1.335872096083504,1.335872096083504,0.8421052631578947
3,50,1.056779304600394,0.8303976637253355,0.1,0.11,0.956779304600394,0.956779304600394,0.8181818181818182
3,63,1.9100828715117917,0.7106791923155135,1.35,0.13,0.5600828715117916,0.5600828715117916,0.6190476190476191
3,69,0.45952144954506113,0.6609239135949142,-0.48,0.25,0.9395214495450611,0.9395214495450611,0.8
3,72,1.3440510780134174,0.6588474235487997,1.57,0.13,-0.22594892198658267,0.22594892198658267,0.7608695652173914
3,74,1.3280229890839401,0.6496922897683528,0.31,0.2,1.01802298908394,1.01802298908394,0.8113207547169812
3,75,1.31732773726099,0.7344832760400074,1.39,0.08,-0.07267226273900995,0.07267226273900995,0.7142857142857143
3,77,0.9630875329593438,0.5799337134451942,1.49,0.11,-0.5269124670406562,0.5269124670406562,0.6666666666666666
3,84,1.107765518441666,0.6488655940347198,0.63,0.24,0.4777655184416659,0.4777655184416659,0.8846153846153846
3,89,1.984018783238792,0.640930740090951,1.77,0.16,0.2140187832387921,0.2140187832387921,0.8163265306122449
3,90,0.6792028742532706,0.6680169725854727,0.45,0.37,0.22920287425327063,0.22920287425327063,0.71875
3,94,1.0829488508409884,0.7647149585380633,1.65,0.31,-0.5670511491590116,0.5670511491590116,0.7727272727272727
3,98,0.4894863640299931,0.7487886724017591,-0.39,0.25,0.8794863640299931,0.8794863640299931,0.3333333333333333
3,110,1.2147217571927713,0.6707575600590693,1.32,0.06,-0.10527824280722875,0.10527824280722875,0.4594594594594595
3,122,1.370233804858685,0.7737390117192936,1.96,0.27,-0.5897661951413149,0.5897661951413149,0.6521739130434783
3,125,1.5227645500139606,0.7039721376451297,1.99,0.36,-0.4672354499860394,0.4672354499860394,0.5714285714285714
3,140,1.0277580694874497,0.7572560310237966,0.09,0.16,0.9377580694874498,0.9377580694874498,0.2903225806451613
3,149,1.1757420900068416,0.6913860964374438,0.72,0.3,0.4557420900068416,0.4557420900068416,0.6415094339622641
3,154,1.1201021272152132,0.6407975226863626,1.77,0.66,-0.6498978727847868,0.6498978727847868,0.7941176470588235
3,162,1.2347302283011636,0.6552103682957252,0.7,0.13,0.5347302283011637,0.5347302283011637,0.5172413793103449
3,167,0.8333352353574031,0.7199480567187622,1.46,0.16,-0.6266647646425969,0.6266647646425969,0.5277777777777778
3,187,0.9497353111770725,0.5401821230921694,1.3,0.12,-0.3502646888229275,0.3502646888229275,0.7258064516129032
3,191,1.7875665863862351,0.7049418127730038,2.59,0.11,-0.8024334136137647,0.8024334136137647,0.5740740740740741
3,196,0.6316494996577502,0.7364386754940628,0.79,0.17,-0.15835050034224984,0.15835050034224984,0.2777777777777778
3,198,1.4706623526011442,0.6860935879020013,2.8,0.18,-1.3293376473988556,1.3293376473988556,0.30158730158730157
3,205,1.4783843175605806,0.7059283499206427,1.57,0.31,-0.09161568243941942,0.09161568243941942,0.46808510638297873
3,207,1.1209434450213498,0.6655729110960245,0.83,0.54,0.29094344502134983,0.29094344502134983,0.5476190476190477
3,208,1.1980146234720306,0.7512172323749445,1.24,0.26,-0.04198537652796941,0.04198537652796941,0.2916666666666667
3,213,0.08718701906782389,0.6847481761818898,-1.03,1.06,1.117187019067824,1.117187019067824,0.5333333333333333
3,217,0.986397168870119,0.6739230895777777,1.35,0.25,-0.3636028311298811,0.3636028311298811,0.6153846153846154
3,219,0.6011318444740342,0.7411535127237969,-0.5,0.21,1.1011318444740343,1.1011318444740343,0.8
3,220,1.7676455661849437,0.698272442075357,1.62,0.11,0.14764556618494362,0.14764556618494362,0.2602739726027397
3,221,1.382390123505388,0.7035603354564652,2.32,0.26,-0.9376098764946119,0.9376098764946119,0.8222222222222222
3,226,1.4762194562515538,0.7724562708569767,1.13,0.16,0.3462194562515539,0.3462194562515539,0.29411764705882354
3,228,1.113740283233339,0.5852484967298738,1.24,0.31,-0.12625971676666103,0.12625971676666103,0.7954545454545454
3,231,1.5054285628860773,0.7339208729655404,1.75,0.26,-0.2445714371139227,0.2445714371139227,0.8070175438596491
3,234,1.659106253086826,0.6654908050169118,2.28,0.17,-0.6208937469131739,0.6208937469131739,0.45
3,240,1.4733534439436768,0.7222932096831594,1.58,0.17,-0.10664655605632323,0.10664655605632323,0.7857142857142857
3,245,0.980523383510328,0.6722461268891659,0.42,0.23,0.560523383510328,0.560523383510328,0.4230769230769231
3,248,0.6077689025469495,0.6777908286196935,1.07,0.28,-0.4622310974530506,0.4622310974530506,0.5454545454545454
3,253,0.9927277910274693,0.6293137761421683,-0.42,0.26,1.4127277910274694,1.4127277910274694,0.6727272727272727
3,259,0.5588692684280382,0.6184410590749139,-1.49,0.9,2.0488692684280383,2.0488692684280383,0.5869565217391305
3,260,0.6901838121937175,0.6474848246650489,0.36,0.38,0.3301838121937175,0.3301838121937175,0.6307692307692307
3,262,1.0287703706415625,0.5736403888667085,-1.31,0.3,2.3387703706415626,2.3387703706415626,0.6727272727272727
3,265,1.0937172841535872,0.6798063225497303,1.33,0.11,-0.23628271584641292,0.23628271584641292,0.6571428571428571
3,273,0.863833251437262,0.6655307138691726,0.6,0.18,0.263833251437262,0.263833251437262,0.696969696969697
3,278,1.2158775249060896,0.637489452357156,1.85,0.16,-0.6341224750939105,0.6341224750939105,0.4444444444444444
3,281,1.1547519685393761,0.6861869380286574,2.32,0.2,-1.1652480314606237,1.1652480314606237,0.35714285714285715
3,282,-0.12112641802837221,0.7215508973627943,0.74,0.12,-0.8611264180283722,0.8611264180283722,0.11764705882352941
3,297,1.082816731901987,0.5531217703157799,1.63,0.25,-0.5471832680980129,0.5471832680980129,0.75
3,299,0.6881398231748147,0.6848488322562145,0.09,0.25,0.5981398231748147,0.5981398231748147,0.4782608695652174
3,302,1.118988460137904,0.7147449799365639,2.4,0.53,-1.2810115398620958,1.2810115398620958,0.86
3,305,0.8546916878501922,0.6840902663596242,0.67,0.15,0.1846916878501922,0.1846916878501922,0.7619047619047619
3,307,1.164749488218851,0.6414656474262694,1.53,0.2,-0.3652505117811491,0.3652505117811491,0.6521739130434783
3,310,0.9912055054584994,0.7196101635970319,0.27,0.15,0.7212055054584994,0.7212055054584994,0.6222222222222222
3,318,0.936796322383904,0.7722581927757756,0.61,0.12,0.326796322383904,0.326796322383904,0.8181818181818182
3,320,1.613105267010119,0.7465459047954776,1.86,0.24,-0.24689473298988118,0.24689473298988118,0.45121951219512196
3,325,1.2319041610171342,0.7576033634981958,1.79,0.13,-0.5580958389828659,0.5580958389828659,0.6724137931034483
3,331,0.3213854422174428,0.7402801648138745,0.79,0.26,-0.46861455778255723,0.46861455778255723,0.5
3,332,1.1931417496958494,0.5973282849217642,-0.27,0.2,1.4631417496958494,1.4631417496958494,0.6060606060606061
3,334,1.1821266006011277,0.705986777536498,1.82,0.27,-0.6378733993988723,0.6378733993988723,0.7021276595744681
3,340,1.2262726647607367,0.6721162865494494,1.5,0.13,-0.2737273352392633,0.2737273352392633,0.6530612244897959
3,341,1.966794801371811,0.685138809782727,0.95,0.15,1.016794801371811,1.016794801371811,0.7333333333333333
3,343,0.4113138950221267,0.6939549349799269,-0.31,0.23,0.7213138950221267,0.7213138950221267,0.7692307692307693
3,344,1.8347859652542873,0.7468362745403897,1.27,0.25,0.5647859652542873,0.5647859652542873,0.46296296296296297
3,345,1.640294910559097,0.6459895859415179,2.27,0.23,-0.6297050894409031,0.6297050894409031,0.7333333333333333
3,348,1.218448723923495,0.7249833983863996,1.5,0.17,-0.2815512760765051,0.2815512760765051,0.6052631578947368
3,353,1.9495131343990448,0.7852683182006023,1.56,0.26,0.3895131343990448,0.3895131343990448,0.4375
3,365,1.7412343275403392,0.6647279099747133,2.51,0.13,-0.7687656724596605,0.7687656724596605,0.6538461538461539
3,367,1.7484470514245516,0.6094872741197872,1.69,0.21,0.058447051424551644,0.058447051424551644,0.8387096774193549
3,369,1.0211006465854362,0.6781443243907845,-0.4,0.19,1.4211006465854363,1.4211006465854363,0.8448275862068966
3,374,1.5588680909034702,0.6458000493461209,1.18,0.04,0.3788680909034703,0.3788680909034703,0.717391304347826
3,375,1.2878974795494829,0.6849794497754299,2.62,0.16,-1.3321025204505172,1.3321025204505172,0.6097560975609756
3,380,1.2835172702499664,0.7249133355111185,1.56,0.26,-0.27648272975003363,0.27648272975003363,0.39344262295081966
3,394,0.6359015296080196,0.6871266641184941,-0.91,0.12,1.5459015296080196,1.5459015296080196,0.5882352941176471
3,396,1.5156548807005645,0.7388023865761012,1.53,0.25,-0.014345119299435494,0.014345119299435494,0.6078431372549019
3,403,-0.21229674366305296,0.7233320871961679,-0.09,0.23,-0.12229674366305296,0.12229674366305296,0.3333333333333333
3,418,1.0664632702701236,0.6648247002282489,0.66,0.2,0.4064632702701235,0.4064632702701235,0.5833333333333334
3,420,1.2004356361032948,0.6938009729203649,1.4,0.06,-0.19956436389670507,0.19956436389670507,0.8421052631578947
3,425,0.6936015130538598,0.684643839184415,-1.1,0.28,1.7936015130538598,1.7936015130538598,0.3877551020408163
3,426,1.4005247212993697,0.6457594234342066,2.03,0.25,-0.6294752787006301,0.6294752787006301,0.5576923076923077
3,433,0.7317654583535438,0.7422437827267355,-1.08,1.04,1.8117654583535439,1.8117654583535439,0.4117647058823529
3,434,1.6809111677677375,0.6965558014959525,0.52,0.3,1.1609111677677375,1.1609111677677375,0.6071428571428571
3,435,2.021717585146499,0.6789859825427795,1.41,0.21,0.6117175851464991,0.6117175851464991,0.6410256410256411
3,436,1.8600290842329743,0.7142085189449003,2.75,0.14,-0.8899709157670257,0.8899709157670257,0.48484848484848486
3,438,1.9149948531862484,0.6443231436191753,2.15,0.17,-0.2350051468137515,0.2350051468137515,0.7547169811320755
3,455,1.1840043519831298,0.6493943148943444,0.67,0.16,0.5140043519831298,0.5140043519831298,0.6530612244897959
3,462,0.8589104955137596,0.7424275050829565,0.98,0.11,-0.12108950448624034,0.12108950448624034,0.7671232876712328
3,463,0.8133546602690142,0.67496734398132,1.1,0.15,-0.28664533973098594,0.28664533973098594,0.47058823529411764
3,470,0.9468485981043332,0.7057205311295119,-0.35,0.22,1.2968485981043332,1.2968485981043332,0.3333333333333333
3,473,1.3115152807417518,0.7122895179024086,1.0,0.23,0.31151528074175183,0.31151528074175183,0.3
3,482,1.1607266196743937,0.7083946559659547,1.43,0.33,-0.2692733803256062,0.2692733803256062,0.75
3,485,1.7137293730810859,0.7419684582250188,2.09,0.38,-0.376270626918914,0.376270626918914,0.49122807017543857
3,486,1.0814995969028995,0.676784051302103,1.74,0.12,-0.6585004030971005,0.6585004030971005,0.5428571428571428
3,493,0.6174449478014802,0.6179936102761239,0.77,0.18,-0.15255505219851984,0.15255505219851984,0.54
3,494,1.2720723994251506,0.6378872640374595,2.48,0.37,-1.2079276005748494,1.2079276005748494,0.6486486486486487
3,502,1.3939135510768665,0.7094827675212929,1.63,0.58,-0.23608644892313335,0.23608644892313335,0.42857142857142855
3,513,1.3140260745424412,0.6702287505246264,1.18,0.24,0.1340260745424413,0.1340260745424413,0.6666666666666666
3,515,1.5724988853386779,0.6676445652696805,2.04,0.19,-0.46750111466132216,0.46750111466132216,0.7530864197530864
3,516,0.8943564630761143,0.6243250151577905,2.07,0.14,-1.1756435369238856,1.1756435369238856,0.7906976744186046
3,517,1.8549470999736457,0.5164574376397519,1.6,0.2,0.2549470999736456,0.2549470999736456,0.8369565217391305
3,541,1.7581231322315918,0.6941309101734682,1.99,0.16,-0.2318768677684082,0.2318768677684082,0.6521739130434783
3,547,1.2903762961645724,0.6840649277242776,1.27,0.2,0.02037629616457237,0.02037629616457237,0.35714285714285715
3,553,0.871841940628311,0.6595987773040857,0.54,0.13,0.33184194062831096,0.33184194062831096,0.8448275862068966
3,557,1.441782562356719,0.6737755627188323,1.43,0.24,0.01178256235671915,0.01178256235671915,0.4418604651162791
3,559,0.9811964580694945,0.6443608443105684,1.2,0.18,-0.21880354193050544,0.21880354193050544,0.7297297297297297
3,564,1.0989902403925251,0.6543731899596574,-0.46,0.1,1.558990240392525,1.558990240392525,0.8363636363636363
3,572,1.1098083087843353,0.7139025536708531,1.53,0.16,-0.4201916912156647,0.4201916912156647,0.3333333333333333
3,576,1.237625773881235,0.6845998234130153,1.71,0.24,-0.4723742261187649,0.4723742261187649,0.5142857142857142
3,577,1.32288032580193,0.6570104244060494,1.71,0.27,-0.38711967419807003,0.38711967419807003,0.6041666666666666
3,580,0.3136317703490177,0.6446653588060621,-0.24,0.34,0.5536317703490177,0.5536317703490177,0.7894736842105263
3,582,1.6187458926085103,0.6951667717085516,1.55,0.17,0.06874589260851027,0.06874589260851027,0.6976744186046512
3,590,0.27754864067169027,0.5904983908881519,-0.2,0.35,0.4775486406716903,0.4775486406716903,0.7368421052631579
3,595,0.5791786745625245,0.6678663671052752,0.43,0.26,0.14917867456252448,0.14917867456252448,0.696969696969697
3,597,2.07172541854728,0.7490768532336157,1.78,0.1,0.2917254185472802,0.2917254185472802,0.6071428571428571
3,601,1.2501973148895644,1.0428112989116074,1.95,0.45,-0.6998026851104355,0.6998026851104355,0.574468085106383
3,602,1.3867073666266856,0.7021629074432114,2.07,0.26,-0.6832926333733143,0.6832926333733143,0.8222222222222222
3,606,1.2136956227796902,0.689132181229563,0.91,0.4,0.3036956227796902,0.3036956227796902,0.5294117647058824
3,607,1.2594893469437178,0.6838400008217048,1.12,0.27,0.13948934694371773,0.13948934694371773,0.4838709677419355
3,608,2.60688384135846,0.6525567845455209,3.36,0.44,-0.7531161586415398,0.7531161586415398,0.7903225806451613
3,632,0.6868377730230912,0.7079537392916685,0.72,0.55,-0.03316222697690874,0.03316222697690874,0.25
3,637,1.3088431798860476,0.661296815698558,1.01,0.2,0.2988431798860476,0.2988431798860476,0.45
3,642,1.8454534868023345,0.6989727306353126,1.54,0.14,0.3054534868023344,0.3054534868023344,0.723404255319149
3,644,1.0734655673282623,0.6305750648525916,1.02,0.23,0.05346556732826224,0.05346556732826224,0.45
3,645,-0.11727125909777403,0.6998737983496952,0.12,0.24,-0.23727125909777402,0.23727125909777402,0.46153846153846156
3,651,0.7132796971509758,0.7601727721660332,-0.02,0.22,0.7332796971509759,0.7332796971509759,0.19047619047619047
3,653,2.1503980349215297,0.7054542521314217,2.5,0.13,-0.3496019650784703,0.3496019650784703,0.4827586206896552
3,655,0.6156439006455151,0.7016454629577806,0.3,0.27,0.3156439006455151,0.3156439006455151,0.4909090909090909
3,694,1.9091865923339912,0.6522058314004332,2.39,0.22,-0.4808134076660089,0.4808134076660089,0.5625
3,705,1.44154699171419,0.8088220785040643,2.12,0.56,-0.67845300828581,0.67845300828581,0.845360824742268
3,708,1.4654866469224923,0.7011917969748773,1.74,0.2,-0.2745133530775077,0.2745133530775077,0.7608695652173914
3,709,1.1541555106198733,0.7042045000721565,1.18,0.11,-0.025844489380126623,0.025844489380126623,0.59375
3,717,1.8063034749688052,0.7232990795482791,1.21,0.13,0.5963034749688052,0.5963034749688052,0.5
3,721,0.74393376479589,0.6435398141198654,-0.87,1.02,1.61393376479589,1.61393376479589,0.5909090909090909
3,725,0.6734210442077357,0.7711351149079096,-0.05,0.17,0.7234210442077358,0.7234210442077358,0.5161290322580645
3,737,0.9019925680636356,0.6940924413114625,-0.81,0.11,1.7119925680636356,1.7119925680636356,0.6571428571428571
3,748,1.3086161189471968,0.5465564372013102,2.04,0.33,-0.7313838810528033,0.7313838810528033,0.7272727272727273
3,753,1.720281655367588,0.6065705737192864,2.26,0.16,-0.5397183446324119,0.5397183446324119,0.7435897435897436
3,760,0.8460458684997176,0.7108300954882153,1.81,0.08,-0.9639541315002824,0.9639541315002824,0.35185185185185186
3,763,1.6171102528405545,0.6734208111948143,1.61,0.09,0.007110252840554443,0.007110252840554443,0.725
3,769,1.7027280469321293,0.6075902698414467,0.99,0.06,0.7127280469321293,0.7127280469321293,0.8636363636363636
3,773,1.5374871600617452,0.5325500235991609,1.65,0.21,-0.11251283993825467,0.11251283993825467,0.5208333333333334
3,774,1.054554118676494,0.5304712707883312,1.51,0.04,-0.45544588132350605,0.45544588132350605,0.8367346938775511
3,778,1.2325422494055807,0.7778893787818827,2.52,0.47,-1.2874577505944194,1.2874577505944194,0.43478260869565216
3,783,0.7857515717616624,0.6475744085622325,0.7,0.18,0.08575157176166248,0.08575157176166248,0.5588235294117647
3,795,0.8242618461700841,0.5761033202382878,1.72,0.07,-0.8957381538299158,0.8957381538299158,0.8360655737704918
3,796,1.2460642010638752,0.6705217295091573,1.04,0.25,0.20606420106387513,0.20606420106387513,0.8085106382978723
3,797,1.3426879900709883,0.6056336698293459,1.9,0.18,-0.5573120099290116,0.5573120099290116,0.7407407407407407
3,809,1.5644709956668859,0.6766559556613044,1.51,0.2,0.054470995666885846,0.054470995666885846,0.6444444444444445
3,818,1.5567148841035674,0.6067435006194847,1.36,0.12,0.1967148841035673,0.1967148841035673,0.5
3,821,1.039420762928674,0.6684677309807796,0.84,0.28,0.19942076292867406,0.19942076292867406,0.71875
3,826,1.7687080626573934,0.6774325059405593,2.06,0.22,-0.2912919373426066,0.2912919373426066,0.6744186046511628
3,827,0.7948579021508633,0.6406887073754602,0.87,0.22,-0.07514209784913672,0.07514209784913672,0.696969696969697
3,831,1.981377276243926,0.43974017197903487,1.89,0.29,0.091377276243926,0.091377276243926,0.7608695652173914
3,837,1.5069562280371553,0.7167322159319788,1.92,0.3,-0.4130437719628446,0.4130437719628446,0.39473684210526316
3,839,0.8217671170005065,0.7616833036933054,-0.37,0.28,1.1917671170005066,1.1917671170005066,0.20689655172413793
3,840,1.2215483183036875,0.7223910732457303,2.09,0.34,-0.8684516816963124,0.8684516816963124,0.6052631578947368
3,844,1.2825961182732606,0.6766424389658043,2.25,0.4,-0.9674038817267394,0.9674038817267394,0.6388888888888888
3,846,1.5724100509348635,0.6658772661639366,0.89,0.57,0.6824100509348635,0.6824100509348635,0.5714285714285714
3,847,1.053900895416662,0.7872117688333634,0.78,0.1,0.27390089541666196,0.27390089541666196,0.6666666666666666
3,851,1.7630057643185437,0.72096028509029,2.0,0.11,-0.23699423568145628,0.23699423568145628,0.7073170731707317
3,852,1.9069157994522357,0.5588770707172518,2.11,0.1,-0.20308420054776422,0.20308420054776422,0.48148148148148145
3,856,0.7537799199792524,0.7261636528745833,-1.24,0.97,1.9937799199792523,1.9937799199792523,0.3333333333333333
3,860,2.133698913723729,0.6870948358414739,2.66,0.08,-0.5263010862762711,0.5263010862762711,0.36065573770491804
3,0,1.3612736103656362,0.7764258977836485,2.51,0.12,-1.1487263896343636,1.1487263896343636,0.4222222222222222
3,1,1.0984987165292615,0.7508008203888408,1.32,0.14,-0.2215012834707386,0.2215012834707386,0.5454545454545454
3,2,1.9143150524887425,0.5926222637052243,1.59,0.21,0.3243150524887424,0.3243150524887424,0.7435897435897436
3,9,1.5702855298219212,0.716468367069174,2.31,0.09,-0.7397144701780789,0.7397144701780789,0.5862068965517241
3,20,0.6924793195958824,0.6281517302487141,0.58,0.13,0.11247931959588242,0.11247931959588242,0.5652173913043478
3,22,1.2174549530086263,0.5950584294443252,1.07,0.08,0.1474549530086262,0.1474549530086262,0.7631578947368421
3,26,1.9151389906793395,0.6339740029161317,1.64,0.06,0.27513899067933956,0.27513899067933956,0.7027027027027027
3,32,0.42180579534415463,0.6523040778133258,-0.33,0.14,0.7518057953441546,0.7518057953441546,0.7647058823529411
3,33,1.310744453360706,0.6469386853515148,1.59,0.15,-0.2792555466392941,0.2792555466392941,0.26666666666666666
3,35,1.3122708947890511,0.8375437686578209,2.28,0.13,-0.9677291052109487,0.9677291052109487,0.42105263157894735
3,36,1.5786900802731085,0.6899444841056208,1.14,0.26,0.43869008027310863,0.43869008027310863,0.7906976744186046
3,44,0.7851248455123563,0.7041938672799266,-0.21,0.17,0.9951248455123562,0.9951248455123562,0.4897959183673469
3,52,1.8865646012790265,0.6926853855461894,2.26,0.37,-0.3734353987209733,0.3734353987209733,0.6
3,60,0.5255816582454853,0.7530009308589174,0.08,0.12,0.4455816582454853,0.4455816582454853,0.4166666666666667
3,62,1.2761228851652178,0.7833746235260739,1.33,0.13,-0.0538771148347823,0.0538771148347823,0.7121212121212122
3,76,1.7916750316971917,0.6811379365736371,2.23,0.11,-0.4383249683028083,0.4383249683028083,0.6
3,100,0.9218112138244946,0.6970077797107782,1.13,0.1,-0.2081887861755053,0.2081887861755053,0.6101694915254238
3,113,1.7243527871519984,0.7047669199637606,1.2,0.1,0.5243527871519984,0.5243527871519984,0.4666666666666667
3,117,0.8607568657515051,0.6292805354082416,1.13,0.19,-0.2692431342484948,0.2692431342484948,0.7560975609756098
3,119,1.2006732084255276,0.6746384685880676,0.09,0.2,1.1106732084255275,1.1106732084255275,0.6086956521739131
3,120,1.2305773445493695,0.6440776871832673,0.99,0.22,0.24057734454936952,0.24057734454936952,0.8113207547169812
3,133,1.483365567037927,0.6049390254277435,-0.62,0.2,2.103365567037927,2.103365567037927,0.75
3,141,0.4866276824737258,0.6451757969991372,0.52,0.15,-0.03337231752627423,0.03337231752627423,0.6896551724137931
3,148,1.0622483747394493,0.8063263955246357,0.93,0.22,0.13224837473944928,0.13224837473944928,0.2903225806451613
3,152,-0.02287347941333584,0.6319621489160974,-0.42,0.28,0.39712652058666414,0.39712652058666414,0.5555555555555556
3,156,1.3932191608736602,0.7104244686906537,1.34,0.26,0.053219160873660076,0.053219160873660076,0.7222222222222222
3,160,0.26772151728754356,0.7593138254338977,1.49,0.13,-1.2222784827124564,1.2222784827124564,0.4482758620689655
3,165,1.2505257036292763,0.660130556539117,2.16,0.14,-0.9094742963707239,0.9094742963707239,0.725
3,171,1.7225862906463951,0.5700527685620045,1.41,0.18,0.3125862906463952,0.3125862906463952,0.6666666666666666
3,172,1.1057970380731654,0.688407339798064,1.39,0.13,-0.2842029619268345,0.2842029619268345,0.6666666666666666
3,173,1.4667715514862092,0.6897859390716118,1.27,0.31,0.19677155148620917,0.19677155148620917,0.7073170731707317
3,176,1.889936201150633,0.6511098761137494,1.06,0.13,0.829936201150633,0.829936201150633,0.845360824742268
3,178,1.1180986562499795,0.717919225312229,2.0,0.13,-0.8819013437500205,0.8819013437500205,0.5925925925925926
3,182,1.4331905952816435,0.7088105009264785,0.27,1.28,1.1631905952816435,1.1631905952816435,0.32608695652173914
3,183,1.1535040345838987,0.7478794372114096,0.94,0.56,0.21350403458389877,0.21350403458389877,0.5
3,184,0.7961612365407196,0.6474156958229677,0.8,0.28,-0.00383876345928047,0.00383876345928047,0.6764705882352942
3,200,0.9732879364077072,0.6371022734124687,2.08,0.35,-1.106712063592293,1.106712063592293,0.5531914893617021
3,212,0.5169579355378571,0.7011097332317102,-0.11,0.19,0.6269579355378571,0.6269579355378571,0.4857142857142857
3,223,0.878992692603003,0.6089754009337297,-0.42,0.16,1.2989926926030029,1.2989926926030029,0.5333333333333333
3,242,0.5156578379412715,0.6573708814979039,0.45,0.28,0.0656578379412715,0.0656578379412715,0.5526315789473685
3,249,1.2835636150281877,0.6319546726672205,0.76,0.25,0.5235636150281877,0.5235636150281877,0.6410256410256411
3,252,1.147010351269086,0.5521816629927645,0.87,0.19,0.2770103512690859,0.2770103512690859,0.7692307692307693
3,256,1.559249377821782,0.7271545467767708,2.33,0.41,-0.7707506221782181,0.7707506221782181,0.5862068965517241
3,257,1.6089167862858003,0.731331290632143,2.4,0.3,-0.7910832137141997,0.7910832137141997,0.53125
3,258,2.077790460454821,0.5268542710347874,3.72,1.03,-1.642209539545179,1.642209539545179,0.5471698113207547
3,267,0.8750444662898076,0.6404576495492481,1.0,0.08,-0.12495553371019241,0.12495553371019241,0.6491228070175439
3,274,1.6789995292494855,0.7497344242568568,1.57,0.29,0.10899952924948542,0.10899952924948542,0.6052631578947368
3,275,0.5163795307107394,0.7257039604257551,0.08,0.17,0.43637953071073937,0.43637953071073937,0.6666666666666666
3,277,1.9439644343578788,0.6525238764431469,2.24,0.1,-0.2960355656421214,0.2960355656421214,0.7272727272727273
3,285,0.8740698398258644,0.7054320055986364,1.9,0.25,-1.0259301601741355,1.0259301601741355,0.525
3,289,1.6386390723781774,0.5354033810232013,1.88,0.32,-0.24136092762182249,0.24136092762182249,0.8725490196078431
3,292,1.3716743271753258,0.7159269142933011,1.15,0.11,0.22167432717532587,0.22167432717532587,0.3333333333333333
3,295,0.9965117640840292,0.7087742929379827,1.44,0.21,-0.44348823591597075,0.44348823591597075,0.5333333333333333
3,300,0.932535422455018,0.7291535651661663,0.51,0.37,0.42253542245501796,0.42253542245501796,0.5121951219512195
3,308,1.5812792589176525,0.7657935507851366,1.99,0.19,-0.40872074108234746,0.40872074108234746,0.6
3,309,0.34940581194206,0.7302162345371792,0.18,0.84,0.16940581194206,0.16940581194206,0.41379310344827586
3,311,0.43401178266599105,0.7115226676048847,-1.06,0.36,1.494011782665991,1.494011782665991,0.5
3,316,1.6127262131698572,0.5209072130491328,1.61,0.22,0.0027262131698571057,0.0027262131698571057,0.7959183673469388
3,335,1.8714461473069783,0.7429162152093765,2.06,0.33,-0.18855385269302172,0.18855385269302172,0.5882352941176471
3,337,1.3463769748320629,0.4963253267835149,1.16,0.18,0.18637697483206295,0.18637697483206295,0.8775510204081632
3,363,1.9634860595449801,0.6546835402125029,2.23,0.1,-0.26651394045501986,0.26651394045501986,0.8372093023255814
3,368,0.8559404738987861,0.6037751363364723,0.56,0.22,0.2959404738987861,0.2959404738987861,0.5714285714285714
3,372,0.8143499026455565,0.6677292929645535,0.03,0.34,0.7843499026455565,0.7843499026455565,0.5789473684210527
3,379,1.0547532903248942,0.7030648976123056,1.44,0.18,-0.38524670967510577,0.38524670967510577,0.8
3,383,1.4242453280888583,0.6427699952282115,1.63,0.16,-0.2057546719111416,0.2057546719111416,0.8928571428571429
3,398,2.0016072927580546,0.7159754069663086,2.44,0.2,-0.43839270724194535,0.43839270724194535,0.7
3,405,2.0814114305345113,0.6398602809574815,0.86,0.18,1.2214114305345114,1.2214114305345114,0.8548387096774194
3,408,1.0626723187053957,0.7215309991224507,2.0,0.19,-0.9373276812946043,0.9373276812946043,0.3939393939393939
3,413,0.9971246829906976,0.7154503401591095,-1.5,0.94,2.4971246829906977,2.4971246829906977,0.5121951219512195
3,414,0.44070897999063685,0.5495476278095113,0.39,0.23,0.05070897999063684,0.05070897999063684,0.55
3,421,0.7058090583861566,0.8781973906506463,2.15,0.23,-1.4441909416138432,1.4441909416138432,0.07142857142857142
3,422,1.5133454646471185,0.6606362432363819,1.75,0.16,-0.2366545353528815,0.2366545353528815,0.5111111111111111
3,423,0.4294327265184552,0.7294648310046438,0.95,0.3,-0.5205672734815447,0.5205672734815447,0.3548387096774194
3,441,1.5253405164703127,0.6889476225318792,1.47,0.21,0.055340516470312684,0.055340516470312684,0.6037735849056604
3,444,1.682383794022639,0.6810836376422488,1.88,0.1,-0.19761620597736096,0.19761620597736096,0.8311688311688312
3,471,1.156008051583318,0.696711217563405,0.78,0.18,0.37600805158331796,0.37600805158331796,0.7948717948717948
3,474,2.5984858306455703,0.68475787403027,1.96,0.26,0.6384858306455703,0.6384858306455703,0.8524590163934426
3,476,1.1428279977046116,0.6344621887279708,1.44,0.11,-0.2971720022953883,0.2971720022953883,0.7435897435897436
3,480,0.04066316631233513,0.7165104664793397,0.74,0.24,-0.6993368336876649,0.6993368336876649,0.2608695652173913
3,481,1.4889470796103197,0.6695485760553817,2.29,0.36,-0.8010529203896803,0.8010529203896803,0.6296296296296297
3,483,2.2053701575956604,0.6553350972350255,1.58,0.13,0.6253701575956603,0.6253701575956603,0.8064516129032258
3,484,1.8182689378490808,0.7262270111970601,2.18,0.14,-0.3617310621509193,0.3617310621509193,0.5853658536585366
3,489,1.0710524562390484,0.6663128512486662,0.49,0.28,0.5810524562390484,0.5810524562390484,0.65625
3,495,1.1903853199361953,0.6980242814552527,1.12,0.26,0.07038531993619523,0.07038531993619523,0.6470588235294118
3,496,1.2844665894827205,0.7394450595241766,2.05,0.25,-0.7655334105172793,0.7655334105172793,0.7659574468085106
3,497,2.051003430403595,0.524459998433028,2.11,0.17,-0.05899656959640476,0.05899656959640476,0.6865671641791045
3,500,1.9277897609912964,0.7170992222775484,2.18,0.16,-0.25221023900870376,0.25221023900870376,0.6538461538461539
3,503,1.1130668554008432,0.6478138912839674,1.43,0.1,-0.3169331445991568,0.3169331445991568,0.5588235294117647
3,504,0.5436736762926488,0.5673174304283817,1.09,0.57,-0.5463263237073512,0.5463263237073512,0.5357142857142857
3,507,0.8838911571019699,0.7310341290227875,-0.45,0.43,1.3338911571019698,1.3338911571019698,0.6774193548387096
3,508,0.46781786092232425,0.7213452651603327,0.31,0.12,0.15781786092232425,0.15781786092232425,0.625
3,510,0.8166964434454417,0.6550175031704413,0.27,0.22,0.5466964434454417,0.5466964434454417,0.5833333333333334
3,511,1.2525651638994444,0.6926999250448932,0.88,0.27,0.3725651638994444,0.3725651638994444,0.41935483870967744
3,519,0.4200164969037349,0.6422606852749915,1.28,0.08,-0.8599835030962651,0.8599835030962651,0.6444444444444445
3,520,1.6027420906065393,0.621204728643901,1.45,0.12,0.15274209060653932,0.15274209060653932,0.8461538461538461
3,531,1.2897290243317485,0.6358016854275977,1.31,0.32,-0.020270975668251534,0.020270975668251534,0.7272727272727273
3,538,0.5173302739151481,0.7453871455854799,1.02,0.12,-0.5026697260848519,0.5026697260848519,0.5882352941176471
3,540,1.1691043954145244,0.7976541768689769,1.44,0.13,-0.27089560458547557,0.27089560458547557,0.5932203389830508
3,544,1.698536548241635,0.6969107256063035,-0.08,0.4,1.778536548241635,1.778536548241635,0.6222222222222222
3,545,0.7243270593587148,0.7215793408524238,1.1,0.18,-0.3756729406412853,0.3756729406412853,0.6415094339622641
3,551,2.0101559062972467,0.6574518661978698,2.28,0.21,-0.2698440937027531,0.2698440937027531,0.7377049180327869
3,560,0.7305462017213983,0.7742322863787513,1.02,0.19,-0.28945379827860174,0.28945379827860174,0.26666666666666666
3,561,1.0590806146175253,0.7522260403276383,2.43,0.14,-1.3709193853824748,1.3709193853824748,0.2826086956521739
3,566,1.1430032027717567,0.7300855037686659,0.84,0.24,0.30300320277175674,0.30300320277175674,0.3333333333333333
3,581,1.1061623773903444,0.603255850003154,0.73,0.15,0.3761623773903444,0.3761623773903444,0.5172413793103449
3,583,0.8154336237639785,0.7334830530062315,0.98,0.07,-0.16456637623602144,0.16456637623602144,0.391304347826087
3,588,1.4617113167845954,0.7169267475643517,1.69,0.17,-0.22828868321540452,0.22828868321540452,0.8269230769230769
3,598,1.2524191570989558,0.6238281807774961,1.35,0.24,-0.0975808429010443,0.0975808429010443,0.7358490566037735
3,603,1.022326566406507,0.679637033109185,0.97,0.21,0.052326566406507125,0.052326566406507125,0.6170212765957447
3,604,1.18426438518265,0.6657528098530971,1.85,0.12,-0.6657356148173501,0.6657356148173501,0.5581395348837209
3,605,1.6251594640825069,0.7595467717923802,1.46,0.13,0.16515946408250692,0.16515946408250692,0.2962962962962963
3,609,0.872612098699789,0.711675114455313,-0.19,0.68,1.062612098699789,1.062612098699789,0.3939393939393939
3,611,1.0096438065695987,0.6160812618548145,1.7,0.14,-0.6903561934304012,0.6903561934304012,0.6
3,616,1.6785237350992543,0.6994700835611148,0.91,0.19,0.7685237350992543,0.7685237350992543,0.5
3,618,0.34359125817501135,0.7024372504389452,-0.57,0.31,0.9135912581750113,0.9135912581750113,0.7692307692307693
3,622,0.4521254916988936,0.7847085026381984,1.64,0.16,-1.1878745083011064,1.1878745083011064,0.4482758620689655
3,625,1.3238277261515967,0.7850222326725012,1.64,0.35,-0.3161722738484032,0.3161722738484032,0.375
3,641,1.2430025819169697,0.764221210755264,0.24,0.23,1.0030025819169697,1.0030025819169697,0.4117647058823529
3,643,1.4628608377796777,0.6616464176991063,1.67,0.23,-0.20713916222032225,0.20713916222032225,0.6410256410256411
3,647,1.9836573675565525,0.6569076091225704,1.78,0.06,0.2036573675565525,0.2036573675565525,0.6
3,650,1.7494286428245875,0.6670454392407308,1.4,0.09,0.34942864282458763,0.34942864282458763,0.8269230769230769
3,657,1.1424077142525848,0.663036964789603,0.59,0.06,0.5524077142525848,0.5524077142525848,0.8135593220338984
3,659,1.7996034797211307,0.8071277668078306,1.87,0.22,-0.07039652027886945,0.07039652027886945,0.5714285714285714
3,660,-0.0765538790883451,0.41144666986901257,-0.05,0.58,-0.026553879088345098,0.026553879088345098,1.0
3,662,0.5690096597546704,0.7059217762228087,0.73,0.17,-0.16099034024532954,0.16099034024532954,0.56
3,664,1.1724144236478058,0.6192032267887984,2.87,0.24,-1.6975855763521943,1.6975855763521943,0.52
3,670,0.8137329855338289,0.6255529191945793,0.19,0.39,0.6237329855338289,0.6237329855338289,0.6153846153846154
3,672,2.0752028919853083,0.7623247794259499,2.4,0.45,-0.32479710801469164,0.32479710801469164,0.803921568627451
3,677,1.7565795888461675,0.7253037015423053,2.51,0.09,-0.7534204111538323,0.7534204111538323,0.5740740740740741
3,679,1.278977604164388,0.7469722220791817,1.21,0.17,0.06897760416438814,0.06897760416438814,0.4
3,681,1.3641542302734322,0.6525318134734928,0.9,0.1,0.46415423027343217,0.46415423027343217,0.8205128205128205
3,684,0.7766050359329167,0.6779457225484214,-0.5,0.24,1.2766050359329166,1.2766050359329166,0.7931034482758621
3,686,1.7509843744807236,0.6009779454618582,0.68,0.23,1.0709843744807235,1.0709843744807235,0.7592592592592593
3,688,1.3666551066345958,0.655823105824923,1.14,0.17,0.22665510663459587,0.22665510663459587,0.7857142857142857
3,690,1.956380755784267,0.6634591770757119,1.29,0.14,0.6663807557842669,0.6663807557842669,0.8421052631578947
3,693,1.3677617522703214,0.6205810505457374,1.73,0.12,-0.3622382477296786,0.3622382477296786,0.6333333333333333
3,697,1.7079977951545453,0.7029845058894595,1.48,0.27,0.22799779515454532,0.22799779515454532,0.7906976744186046
3,704,0.625904304822954,0.7642156866722611,0.36,0.18,0.265904304822954,0.265904304822954,0.20689655172413793
3,714,1.7535749058057144,0.7351168254491426,1.56,0.28,0.19357490580571435,0.19357490580571435,0.4576271186440678
3,718,1.985447205863807,0.7123105798083269,2.52,0.15,-0.5345527941361929,0.5345527941361929,0.6865671641791045
3,720,1.4880875807443668,0.7606400655575448,1.25,0.16,0.23808758074436676,0.23808758074436676,0.4
3,723,1.3006099200043537,0.7348226637384887,1.77,0.34,-0.4693900799956463,0.4693900799956463,0.3829787234042553
3,727,1.7070967608202094,0.7604156289537845,2.0,0.41,-0.29290323917979055,0.29290323917979055,0.5
3,728,1.3318392013212978,0.6560966321624522,2.0,0.1,-0.6681607986787022,0.6681607986787022,0.8727272727272727
3,731,1.0399758088864486,0.7086854429176331,0.75,0.14,0.2899758088864486,0.2899758088864486,0.7241379310344828
3,733,1.4716117071213723,0.710155917412628,1.35,0.42,0.12161170712137226,0.12161170712137226,0.8947368421052632
3,738,0.9582269950662174,0.6666283761523848,1.37,0.16,-0.41177300493378266,0.41177300493378266,0.65625
3,739,0.5933394433825777,0.8139049417675658,-0.62,0.62,1.2133394433825777,1.2133394433825777,0.2903225806451613
3,740,1.42428432462438,0.7564142945068594,0.59,0.26,0.83428432462438,0.83428432462438,0.7301587301587301
3,744,1.7614871833767853,0.7513475748253952,2.05,0.25,-0.2885128166232145,0.2885128166232145,0.6274509803921569
3,747,-0.007943107353106216,0.6932078334000489,0.52,0.22,-0.5279431073531062,0.5279431073531062,0.6857142857142857
3,754,1.412931693411935,0.7199749809867748,1.07,0.07,0.34293169341193486,0.34293169341193486,0.6666666666666666
3,759,1.5396458186444302,0.5834573042285612,1.73,0.06,-0.1903541813555698,0.1903541813555698,0.7058823529411765
3,764,1.1605554832434086,0.7236493164650347,1.97,0.11,-0.8094445167565913,0.8094445167565913,0.8269230769230769
3,765,1.2277542195650055,0.6549660180365616,1.37,0.12,-0.14224578043499458,0.14224578043499458,0.8846153846153846
3,767,1.6332172829985152,0.7348041421888797,1.74,0.1,-0.10678271700148478,0.10678271700148478,0.7027027027027027
3,785,0.7836690608485295,0.8179407751862887,0.9,0.05,-0.11633093915147052,0.11633093915147052,0.20833333333333334
3,786,0.9829452814567481,0.7159812188468749,1.12,0.1,-0.13705471854325202,0.13705471854325202,0.5
3,787,1.47615566398224,0.5689706172513845,1.14,0.25,0.33615566398224006,0.33615566398224006,0.6041666666666666
3,788,0.4694667387079797,0.7333884434510289,-0.55,0.14,1.0194667387079797,1.0194667387079797,0.4375
3,789,1.3540689905925796,0.759621006796236,0.11,0.2,1.2440689905925795,1.2440689905925795,0.34146341463414637
3,794,1.4421478880662626,0.613492980544415,1.92,0.22,-0.47785211193373733,0.47785211193373733,0.7727272727272727
3,805,0.5657241414729794,0.7470414041913043,0.6,0.58,-0.03427585852702053,0.03427585852702053,0.4666666666666667
3,812,1.3464470906023533,0.690679911856192,1.76,0.24,-0.41355290939764666,0.41355290939764666,0.5862068965517241
3,813,1.8415503607446873,0.7194283579183924,0.21,0.14,1.6315503607446873,1.6315503607446873,0.5416666666666666
3,825,0.9894782693343578,0.761482272408774,1.32,0.17,-0.3305217306656423,0.3305217306656423,0.14285714285714285
3,828,1.56544599102615,0.715094316883445,-0.6,0.2,2.16544599102615,2.16544599102615,0.4444444444444444
3,830,0.11016107467775638,0.7539030100973879,0.44,0.2,-0.3298389253222436,0.3298389253222436,0.3684210526315789
3,834,1.589253335584569,0.6606701148842117,2.07,0.06,-0.4807466644154308,0.4807466644154308,0.5
3,842,1.8627936490096755,0.7283068011185806,2.32,0.17,-0.45720635099032436,0.45720635099032436,0.6585365853658537
3,845,0.9090414505585319,0.7531409764109652,-0.38,0.49,1.289041450558532,1.289041450558532,0.32
3,863,1.2695747864108562,0.7165171978183404,1.04,0.21,0.22957478641085616,0.22957478641085616,0.868421052631579
4,11,1.4703245343252034,0.6173485552812514,1.61,0.17,-0.13967546567479672,0.13967546567479672,0.8888888888888888
4,13,1.0173286479605308,0.7423466320585502,1.79,0.24,-0.7726713520394692,0.7726713520394692,0.3333333333333333
4,17,1.4741033882591466,0.6487052472716764,-0.22,0.24,1.6941033882591465,1.6941033882591465,0.725
4,33,1.1361628526347491,0.6352572841782539,1.59,0.15,-0.45383714736525094,0.45383714736525094,0.26666666666666666
4,34,0.7714800607630439,0.5783043319867625,1.22,0.08,-0.4485199392369561,0.4485199392369561,0.5869565217391305
4,36,1.4974207901790795,0.6508687455087654,1.14,0.26,0.3574207901790796,0.3574207901790796,0.7906976744186046
4,42,1.7944751284058058,0.6280584344557786,2.79,0.56,-0.9955248715941942,0.9955248715941942,0.8421052631578947
4,47,1.012800348748843,0.6003778834726827,0.6,0.1,0.4128003487488431,0.4128003487488431,0.6129032258064516
4,62,1.4207541381107818,0.7630803232448449,1.33,0.13,0.0907541381107817,0.0907541381107817,0.7121212121212122
4,63,1.9662567985279005,0.6557299853977356,1.35,0.13,0.6162567985279004,0.6162567985279004,0.6190476190476191
4,65,1.626787482222144,0.5103401714051081,1.32,0.2,0.3067874822221439,0.3067874822221439,0.5208333333333334
4,66,0.3185807114813639,0.6471342271469613,-1.9,0.94,2.218580711481364,2.218580711481364,0.45901639344262296
4,67,0.9340830718650004,0.7021634524135789,-0.1,0.6,1.0340830718650005,1.0340830718650005,0.5
4,70,1.3522451181859458,0.6611622984148089,1.52,0.21,-0.16775488181405418,0.16775488181405418,0.8947368421052632
4,72,1.2632654882637016,0.644149217455897,1.57,0.13,-0.3067345117362985,0.3067345117362985,0.7608695652173914
4,74,1.3304571687780147,0.6349247261906912,0.31,0.2,1.0204571687780146,1.0204571687780146,0.8113207547169812
4,76,1.6294611051018542,0.6731944862125148,2.23,0.11,-0.6005388948981458,0.6005388948981458,0.6
4,77,1.0876038780841795,0.5787388551134782,1.49,0.11,-0.4023961219158205,0.4023961219158205,0.6666666666666666
4,89,2.0785058719449707,0.6440023868194588,1.77,0.16,0.3085058719449707,0.3085058719449707,0.8163265306122449
4,92,1.6257350443978278,0.6885005459038719,1.99,0.18,-0.3642649556021722,0.3642649556021722,0.2391304347826087
4,104,0.2681996603584954,0.6779689572927688,0.99,0.07,-0.7218003396415046,0.7218003396415046,0.5454545454545454
4,110,1.2234005752488626,0.6661724762019857,1.32,0.06,-0.09659942475113747,0.09659942475113747,0.4594594594594595
4,112,1.780812777639575,0.6799187176364908,1.6,0.21,0.18081277763957493,0.18081277763957493,0.6666666666666666
4,124,1.5748193128037127,0.639058593175688,1.72,0.13,-0.1451806871962873,0.1451806871962873,0.8928571428571429
4,127,1.3993953419835368,0.6046163125866489,-0.11,0.2,1.5093953419835369,1.5093953419835369,0.6458333333333334
4,133,1.4240077632125387,0.6062666355571126,-0.62,0.2,2.0440077632125386,2.0440077632125386,0.75
4,138,0.6176996445926275,0.6644069717968787,0.43,0.75,0.1876996445926275,0.1876996445926275,0.3939393939393939
4,146,1.4805066961513507,0.665055495343428,1.2,0.35,0.2805066961513507,0.2805066961513507,0.8727272727272727
4,147,1.45045691279838,0.6693033164023265,0.96,0.11,0.49045691279838,0.49045691279838,0.6333333333333333
4,152,-0.01278772236280501,0.5997758554742756,-0.42,0.28,0.407212277637195,0.407212277637195,0.5555555555555556
4,153,1.4833711471813722,0.6812041789813676,0.2,0.28,1.2833711471813722,1.2833711471813722,0.24444444444444444
4,154,1.0878692141555102,0.6271503164487874,1.77,0.66,-0.6821307858444898,0.6821307858444898,0.7941176470588235
4,155,1.2627119622117344,0.6935292131454116,1.26,0.23,0.00271196221173442,0.00271196221173442,0.4489795918367347
4,157,0.5747852385157434,0.6995729805172034,-1.36,0.93,1.9347852385157434,1.9347852385157434,0.45161290322580644
4,164,0.44753566711940596,0.7509000587748242,1.36,0.22,-0.9124643328805941,0.9124643328805941,0.2903225806451613
4,170,0.9294462446819243,0.6688829848963692,1.17,0.28,-0.24055375531807566,0.24055375531807566,0.5555555555555556
4,178,1.3367555049556863,0.6948033936580327,2.0,0.13,-0.6632444950443137,0.6632444950443137,0.5925925925925926
4,179,2.0599023527007274,0.6923757484666075,2.87,0.1,-0.8100976472992727,0.8100976472992727,0.5471698113207547
4,180,1.403462842611113,0.7241895665462735,1.43,0.34,-0.026537157388886845,0.026537157388886845,0.38095238095238093
4,191,1.9085542975736338,0.6977754397410062,2.59,0.11,-0.681445702426366,0.681445702426366,0.5740740740740741
4,193,1.1403028252822431,0.6632465643448096,1.55,0.22,-0.4096971747177569,0.4096971747177569,0.6808510638297872
4,194,2.1269998576582347,0.5712792450922585,2.11,0.17,0.016999857658234863,0.016999857658234863,0.6170212765957447
4,209,1.0360519911804749,0.7192296294078702,1.49,0.16,-0.45394800881952513,0.45394800881952513,0.5555555555555556
4,214,1.9976848679421955,0.623931622186639,1.36,0.08,0.6376848679421954,0.6376848679421954,0.5
4,224,1.30999148765289,0.7349487187872399,1.61,0.18,-0.3000085123471101,0.3000085123471101,0.3
4,228,0.8261137874181852,0.5819603931381933,1.24,0.31,-0.4138862125818148,0.4138862125818148,0.7954545454545454
4,236,1.7779457770645122,0.5302860439023981,1.88,0.23,-0.10205422293548772,0.10205422293548772,0.8369565217391305
4,238,1.125068946027959,0.6404841308584155,1.04,0.07,0.085068946027959,0.085068946027959,0.6382978723404256
4,239,1.2261652777591932,0.6766005143390973,2.18,0.08,-0.953834722240807,0.953834722240807,0.5151515151515151
4,244,1.338732964782561,0.6812453990433407,1.45,0.25,-0.11126703521743897,0.11126703521743897,0.7045454545454546
4,247,0.4030245386488489,0.6765213017892914,1.21,0.34,-0.8069754613511511,0.8069754613511511,0.40540540540540543
4,253,0.7499671778361834,0.6181479450058392,-0.42,0.26,1.1699671778361833,1.1699671778361833,0.6727272727272727
4,254,1.873213228860775,0.6529610919337357,1.31,0.32,0.563213228860775,0.563213228860775,0.8163265306122449
4,270,1.9476202919799417,0.7344663235496598,1.99,0.57,-0.042379708020058304,0.042379708020058304,0.803921568627451
4,273,0.8040208038467951,0.6245865146005479,0.6,0.18,0.2040208038467951,0.2040208038467951,0.696969696969697
4,287,0.632337575200923,0.7299124064609627,0.5,0.36,0.13233757520092304,0.13233757520092304,0.5909090909090909
4,295,0.9991652674170081,0.7135899286834132,1.44,0.21,-0.4408347325829919,0.4408347325829919,0.5333333333333333
4,299,0.4683605269425478,0.6778669871657405,0.09,0.25,0.37836052694254785,0.37836052694254785,0.4782608695652174
4,300,0.883455784122736,0.7134995234879363,0.51,0.37,0.37345578412273595,0.37345578412273595,0.5121951219512195
4,304,0.20225124468502553,0.6781200708574011,1.31,0.32,-1.1077487553149745,1.1077487553149745,0.41379310344827586
4,310,1.474715087551488,0.7061707331989531,0.27,0.15,1.204715087551488,1.204715087551488,0.6222222222222222
4,321,1.0405578214676774,0.793429128950887,1.08,0.25,-0.03944217853232268,0.03944217853232268,0.4489795918367347
4,324,1.3393952581551214,0.661103882791391,2.45,0.45,-1.1106047418448788,1.1106047418448788,0.5416666666666666
4,326,0.7786078613752081,0.7927086933691291,1.34,0.13,-0.561392138624792,0.561392138624792,0.15789473684210525
4,328,1.291728592482321,0.592141315726548,1.33,0.25,-0.0382714075176791,0.0382714075176791,0.8360655737704918
4,330,0.8187113891007517,0.8254492492176427,0.18,0.58,0.6387113891007516,0.6387113891007516,0.16666666666666666
4,336,1.818692832654475,0.7168855611626119,1.94,0.23,-0.12130716734552505,0.12130716734552505,0.8297872340425532
4,337,1.3382940912045334,0.46455723094164775,1.16,0.18,0.17829409120453343,0.17829409120453343,0.8775510204081632
4,342,0.42196713261756125,0.6362873741649613,-0.56,0.16,0.9819671326175613,0.9819671326175613,0.625
4,347,1.4335035205917661,0.6840448722093313,1.09,0.29,0.34350352059176603,0.34350352059176603,0.8333333333333334
4,350,0.5564923063138932,0.8514713149038661,-0.14,0.22,0.6964923063138933,0.6964923063138933,0.3829787234042553
4,357,1.628963228720513,0.45948572779134916,1.54,0.14,0.08896322872051288,0.08896322872051288,0.85
4,358,0.7411878746775157,0.6259665589288895,0.09,0.2,0.6511878746775157,0.6511878746775157,0.4107142857142857
4,362,1.1957808920476345,0.4302705579261718,1.16,0.11,0.03578089204763457,0.03578089204763457,0.7906976744186046
4,364,2.2876730039118645,0.677645271551242,2.11,0.16,0.17767300391186458,0.17767300391186458,0.7966101694915254
4,374,1.651445814663197,0.6320139666956619,1.18,0.04,0.471445814663197,0.471445814663197,0.717391304347826
4,376,1.0095366797708438,0.6695685287500748,-0.42,0.22,1.4295366797708438,1.4295366797708438,0.6896551724137931
4,378,1.372012696126883,0.592591231867933,2.44,0.12,-1.067987303873117,1.067987303873117,0.8076923076923077
4,379,1.0891496473088003,0.6723755481634929,1.44,0.18,-0.3508503526911997,0.3508503526911997,0.8
4,383,1.3925810329830601,0.6197896255883255,1.63,0.16,-0.23741896701693976,0.23741896701693976,0.8928571428571429
4,385,1.9450346927351614,0.6822554750353186,1.82,0.61,0.12503469273516132,0.12503469273516132,0.4489795918367347
4,395,1.1953356904256007,0.7042250691597061,1.7,0.19,-0.5046643095743992,0.5046643095743992,0.4146341463414634
4,397,1.1501543841128876,0.7039333110331014,1.78,0.18,-0.6298456158871124,0.6298456158871124,0.5151515151515151
4,399,1.9367961879577789,0.6594818065021221,2.28,0.09,-0.34320381204222095,0.34320381204222095,0.48484848484848486
4,401,1.5540684982956248,0.21182774640676705,1.86,0.24,-0.30593150170437533,0.30593150170437533,0.6727272727272727
4,405,1.8297177265603102,0.6357694645899243,0.86,0.18,0.9697177265603102,0.9697177265603102,0.8548387096774194
4,408,1.0721528805883784,0.7263987879671513,2.0,0.19,-0.9278471194116216,0.9278471194116216,0.3939393939393939
4,411,1.876474207957931,0.6738816746901602,2.05,0.26,-0.17352579204206875,0.17352579204206875,0.8372093023255814
4,417,1.8430515158738365,0.6556711261063568,2.43,0.15,-0.5869484841261636,0.5869484841261636,0.723404255319149
4,419,1.19497543658853,0.5942917106003051,0.39,0.18,0.8049754365885299,0.8049754365885299,0.5531914893617021
4,420,1.1988693718083163,0.6926505979940357,1.4,0.06,-0.2011306281916836,0.2011306281916836,0.8421052631578947
4,424,0.9750198092471872,0.5060726629215629,0.81,0.17,0.16501980924718718,0.16501980924718718,0.8448275862068966
4,425,0.55691667457805,0.670454658525834,-1.1,0.28,1.6569166745780501,1.6569166745780501,0.3877551020408163
4,428,0.557420201594456,0.6292005655581365,-0.82,0.25,1.377420201594456,1.377420201594456,0.8085106382978723
4,433,0.9586240302054103,0.7632374431312695,-1.08,1.04,2.03862403020541,2.03862403020541,0.4117647058823529
4,437,0.9029221383656449,0.7469984007037264,1.54,0.24,-0.6370778616343551,0.6370778616343551,0.3333333333333333
4,441,1.5503695418434238,0.6479301839322343,1.47,0.21,0.08036954184342382,0.08036954184342382,0.6037735849056604
4,452,1.2670751200504533,0.7039410655311488,1.48,0.16,-0.21292487994954667,0.21292487994954667,0.24489795918367346
4,459,1.8825974290708376,0.6427097906795308,2.77,0.24,-0.8874025709291624,0.8874025709291624,0.6774193548387096
4,463,0.7298225887712841,0.6713822391317007,1.1,0.15,-0.37017741122871595,0.37017741122871595,0.47058823529411764
4,473,0.9634163652493497,0.7240291176538092,1.0,0.23,-0.036583634750650296,0.036583634750650296,0.3
4,476,0.9869399897537071,0.6223409198221123,1.44,0.11,-0.45306001024629283,0.45306001024629283,0.7435897435897436
4,477,0.8410894185470253,0.6332035374835834,1.71,0.08,-0.8689105814529746,0.8689105814529746,0.7674418604651163
4,490,1.6198743562395082,0.748436155495527,0.96,0.22,0.6598743562395082,0.6598743562395082,0.47619047619047616
4,495,1.2093612234164062,0.6777432207787899,1.12,0.26,0.08936122341640607,0.08936122341640607,0.6470588235294118
4,503,1.0985247420548199,0.6270109735798798,1.43,0.1,-0.33147525794518007,0.33147525794518007,0.5588235294117647
4,513,1.522878800515472,0.6345658204241893,1.18,0.24,0.34287880051547215,0.34287880051547215,0.6666666666666666
4,518,0.9902383259825494,0.6891870339706171,2.14,0.18,-1.1497616740174508,1.1497616740174508,0.5142857142857142
4,520,1.3710643571727121,0.6079910268478926,1.45,0.12,-0.07893564282728782,0.07893564282728782,0.8461538461538461
4,535,1.4404096998147513,0.6315948770390485,0.4,0.23,1.0404096998147514,1.0404096998147514,0.34146341463414637
4,537,1.6123819863639415,0.659503256048475,1.41,0.36,0.20238198636394156,0.20238198636394156,0.8928571428571429
4,541,1.824070980227338,0.6815861441274332,1.99,0.16,-0.16592901977266195,0.16592901977266195,0.6521739130434783
4,544,1.7921365830285587,0.7034052739251346,-0.08,0.4,1.8721365830285588,1.8721365830285588,0.6222222222222222
4,550,1.5436923913733032,0.6809628298166301,1.88,0.09,-0.33630760862669673,0.33630760862669673,0.40425531914893614
4,551,1.9761243111013207,0.6388250590115885,2.28,0.21,-0.3038756888986791,0.3038756888986791,0.7377049180327869
4,555,2.0028317456712204,0.4343849235676807,1.94,0.24,0.06283174567122041,0.06283174567122041,0.7755102040816326
4,573,1.0180271407812562,0.6798859887450555,1.6,0.12,-0.5819728592187439,0.5819728592187439,0.5932203389830508
4,582,1.5280933662636327,0.6838920197334057,1.55,0.17,-0.021906633736367365,0.021906633736367365,0.6976744186046512
4,588,1.6310286048967961,0.6759719258249911,1.69,0.17,-0.058971395103203816,0.058971395103203816,0.8269230769230769
4,596,1.2388481459757912,0.7569691971407642,1.66,0.6,-0.42115185402420874,0.42115185402420874,0.5238095238095238
4,604,1.1935954248762035,0.6502739704832131,1.85,0.12,-0.6564045751237966,0.6564045751237966,0.5581395348837209
4,612,1.2593549211456172,0.684249961909904,0.98,0.16,0.2793549211456172,0.2793549211456172,0.8833333333333333
4,613,1.784641450317651,0.6986967490313681,3.44,0.44,-1.6553585496823489,1.6553585496823489,0.4426229508196721
4,615,1.289244570995363,0.6257445671098385,1.54,0.26,-0.250755429004637,0.250755429004637,0.4482758620689655
4,624,1.646589849906985,0.7205047293067814,1.34,0.18,0.306589849906985,0.306589849906985,0.6724137931034483
4,630,1.4730333588552114,0.5712689723963312,1.46,0.1,0.013033358855211397,0.013033358855211397,0.8636363636363636
4,631,1.4049424466216587,0.6461624390082089,2.37,0.14,-0.9650575533783414,0.9650575533783414,0.4186046511627907
4,633,2.4807183448745955,0.6206638266845713,2.94,0.25,-0.4592816551254044,0.4592816551254044,0.7903225806451613
4,640,1.3380420073300976,0.6762723778156683,2.26,0.19,-0.9219579926699022,0.9219579926699022,0.6818181818181818
4,641,1.151359960983432,0.7494194517205511,0.24,0.23,0.911359960983432,0.911359960983432,0.4117647058823529
4,643,1.59982382839803,0.6383837863253248,1.67,0.23,-0.07017617160196998,0.07017617160196998,0.6410256410256411
4,646,1.2511365187715908,0.6817288299290841,0.51,0.21,0.7411365187715908,0.7411365187715908,0.38095238095238093
4,654,2.043359955298309,0.6805682823007367,0.97,0.13,1.073359955298309,1.073359955298309,0.4666666666666667
4,668,1.7260640802165916,0.6587822544619358,1.86,0.16,-0.13393591978340846,0.13393591978340846,0.5490196078431373
4,671,1.325619594209363,0.6581822736505992,1.01,0.21,0.3156195942093629,0.3156195942093629,0.7948717948717948
4,673,1.1728838691178822,0.8630030780194057,1.15,0.18,0.022883869117882316,0.022883869117882316,0.24242424242424243
4,678,1.5151431073519621,0.6933979418056577,-0.0,0.47,1.5151431073519621,1.5151431073519621,0.5714285714285714
4,700,1.055644818685477,0.6565657829881211,1.98,0.29,-0.924355181314523,0.924355181314523,0.8461538461538461
4,704,0.4801431850469079,0.7250903389996757,0.36,0.18,0.12014318504690791,0.12014318504690791,0.20689655172413793
4,707,1.2017774938548862,0.6814236631009993,0.97,0.16,0.23177749385488622,0.23177749385488622,0.782608695652174
4,710,0.7403415242808097,0.663165956275951,0.94,0.14,-0.19965847571919026,0.19965847571919026,0.7083333333333334
4,720,1.697546721263818,0.7257121679562181,1.25,0.16,0.447546721263818,0.447546721263818,0.4
4,721,0.8003282476480081,0.6397424134738983,-0.87,1.02,1.6703282476480081,1.6703282476480081,0.5909090909090909
4,723,1.388700392393145,0.7316975562762564,1.77,0.34,-0.3812996076068551,0.3812996076068551,0.3829787234042553
4,730,1.4627148623115012,0.624376381779943,2.13,0.26,-0.6672851376884987,0.6672851376884987,0.631578947368421
4,732,1.2589455941036456,0.6078208663018935,1.94,0.06,-0.6810544058963544,0.6810544058963544,0.7843137254901961
4,748,1.3215421510076326,0.5407538345571943,2.04,0.33,-0.7184578489923674,0.7184578489923674,0.7272727272727273
4,752,1.5855962804053914,0.6725384825045396,1.5,0.09,0.08559628040539136,0.08559628040539136,0.47368421052631576
4,765,1.1989635555215767,0.6216737888351326,1.37,0.12,-0.17103644447842337,0.17103644447842337,0.8846153846153846
4,767,1.7032961600963676,0.7059698793319266,1.74,0.1,-0.03670383990363235,0.03670383990363235,0.7027027027027027
4,771,1.0300178123711143,0.7501658156001816,2.39,0.19,-1.3599821876288858,1.3599821876288858,0.3
4,774,1.1618471524613476,0.5317174604529372,1.51,0.04,-0.3481528475386524,0.3481528475386524,0.8367346938775511
4,780,1.6056488345080875,0.6544584869209262,2.73,0.27,-1.1243511654919125,1.1243511654919125,0.4864864864864865
4,781,1.6323962140215582,0.6938844601187121,3.48,0.31,-1.8476037859784418,1.8476037859784418,0.3728813559322034
4,787,1.4201428950929997,0.5461103889988791,1.14,0.25,0.28014289509299983,0.28014289509299983,0.6041666666666666
4,793,1.2206098690624207,0.6349250735329875,1.91,0.21,-0.6893901309375792,0.6893901309375792,0.4883720930232558
4,794,1.5444699488218572,0.6450968591200045,1.92,0.22,-0.37553005117814275,0.37553005117814275,0.7727272727272727
4,796,1.1221168242861455,0.6617077724874941,1.04,0.25,0.08211682428614542,0.08211682428614542,0.8085106382978723
4,798,0.7996752328902283,0.6235886390402103,1.56,0.35,-0.7603247671097717,0.7603247671097717,0.7083333333333334
4,803,1.0101004433424352,0.6739398205874741,0.55,0.19,0.46010044334243516,0.46010044334243516,0.7727272727272727
4,809,1.649101069751495,0.6449909293830708,1.51,0.2,0.13910106975149494,0.13910106975149494,0.6444444444444445
4,817,1.0814758531227342,0.6733439364653981,1.89,0.08,-0.8085241468772657,0.8085241468772657,0.6808510638297872
4,821,1.01708567978684,0.6715086566906969,0.84,0.28,0.17708567978683998,0.17708567978683998,0.71875
4,826,1.5333571240875863,0.6819823836004465,2.06,0.22,-0.5266428759124138,0.5266428759124138,0.6744186046511628
4,830,-0.03608027103255118,0.7354105024583308,0.44,0.2,-0.4760802710325512,0.4760802710325512,0.3684210526315789
4,836,2.0695515677649228,0.7002178075355472,2.96,0.09,-0.8904484322350772,0.8904484322350772,0.6338028169014085
4,839,0.769573337293211,0.745514722046661,-0.37,0.28,1.139573337293211,1.139573337293211,0.20689655172413793
4,841,1.4323842033201857,0.5936222144400289,3.32,0.5,-1.8876157966798142,1.8876157966798142,0.5227272727272727
4,846,1.4942880902009428,0.6545467090872601,0.89,0.57,0.6042880902009428,0.6042880902009428,0.5714285714285714
4,848,1.4239016340152661,0.6800399362053342,1.23,0.28,0.19390163401526617,0.19390163401526617,0.5
4,854,1.9226315189179584,0.5997012640331937,3.78,1.1,-1.8573684810820414,1.8573684810820414,0.425531914893617
4,855,0.6750922287816205,0.7289705518212319,-1.57,1.02,2.2450922287816204,2.2450922287816204,0.4444444444444444
4,860,2.02492906532696,0.6796004553670942,2.66,0.08,-0.6350709346730401,0.6350709346730401,0.36065573770491804
4,8,1.782217564851206,0.4326259825209919,1.57,0.32,0.2122175648512059,0.2122175648512059,0.75
4,18,1.692153225738688,0.586427993812472,1.46,0.12,0.23215322573868802,0.23215322573868802,0.8076923076923077
4,25,1.6675327879131152,0.7215933420774341,1.53,0.16,0.13753278791311518,0.13753278791311518,0.6382978723404256
4,31,1.6387647584000267,0.7013712726587701,1.72,0.24,-0.0812352415999733,0.0812352415999733,0.5490196078431373
4,35,1.7427626769669544,0.8441325906026435,2.28,0.13,-0.5372373230330454,0.5372373230330454,0.42105263157894735
4,45,1.0095544292469187,0.5430261461120915,1.14,0.11,-0.13044557075308116,0.13044557075308116,0.6333333333333333
4,50,0.9741744399162253,0.8044647932198705,0.1,0.11,0.8741744399162253,0.8741744399162253,0.8181818181818182
4,53,0.7645597946876259,0.7539241939860795,0.9,0.08,-0.1354402053123741,0.1354402053123741,0.34210526315789475
4,55,1.4747737996220165,0.7696648134098719,0.28,0.21,1.1947737996220165,1.1947737996220165,0.5
4,68,1.9291397125329572,0.6593484590230807,2.04,0.11,-0.1108602874670428,0.1108602874670428,0.7297297297297297
4,71,1.0413877959663345,0.6828429023563194,1.17,0.41,-0.12861220403366547,0.12861220403366547,0.5294117647058824
4,75,1.1952144054726757,0.7601019122213108,1.39,0.08,-0.19478559452732425,0.19478559452732425,0.7142857142857143
4,80,0.3061667409744553,0.7020167736691845,0.68,0.06,-0.37383325902554476,0.37383325902554476,0.5
4,83,1.5629712371548585,0.7814818348398298,2.51,0.15,-0.9470287628451413,0.9470287628451413,0.3888888888888889
4,90,0.5829659109989985,0.6634392601323474,0.45,0.37,0.13296591099899852,0.13296591099899852,0.71875
4,97,0.9384688091377231,0.6160855245813106,1.81,0.07,-0.8715311908622769,0.8715311908622769,0.75
4,106,1.2350513571033281,0.5867332750759799,1.9,0.19,-0.6649486428966718,0.6649486428966718,0.7058823529411765
4,108,1.9450752257364137,0.7872434370003827,1.54,0.14,0.40507522573641364,0.40507522573641364,0.8311688311688312
4,113,1.7074091398436222,0.70324565382343,1.2,0.1,0.5074091398436222,0.5074091398436222,0.4666666666666667
4,120,1.2051303104895807,0.6564042289809466,0.99,0.22,0.21513031048958076,0.21513031048958076,0.8113207547169812
4,135,1.3447162518761229,0.6062818224961342,1.58,0.1,-0.2352837481238772,0.2352837481238772,0.7555555555555555
4,136,1.7453827042033998,0.7021174684638362,1.32,0.25,0.42538270420339974,0.42538270420339974,0.6388888888888888
4,139,0.8983544873009558,0.6317670499333065,1.7,0.08,-0.8016455126990442,0.8016455126990442,0.6458333333333334
4,159,1.516512067563744,0.528660176785849,1.82,0.57,-0.30348793243625605,0.30348793243625605,0.9117647058823529
4,163,1.214320082740752,0.5472825529579214,1.3,0.25,-0.08567991725924795,0.08567991725924795,0.6041666666666666
4,166,2.0484972508609567,0.6929071741729106,2.25,0.17,-0.2015027491390433,0.2015027491390433,0.8333333333333334
4,167,0.8593357864031457,0.7431823328017437,1.46,0.16,-0.6006642135968543,0.6006642135968543,0.5277777777777778
4,169,0.642923365954492,0.5527979565984533,0.88,0.2,-0.23707663404550805,0.23707663404550805,0.5483870967741935
4,175,1.2219803759766745,0.667613634141717,0.71,0.3,0.5119803759766746,0.5119803759766746,0.6046511627906976
4,176,1.9963571141186027,0.6218069171583388,1.06,0.13,0.9363571141186027,0.9363571141186027,0.845360824742268
4,184,0.8198391109695049,0.6520513566402457,0.8,0.28,0.01983911096950486,0.01983911096950486,0.6764705882352942
4,189,1.106294482316049,0.7655008881177103,1.02,0.25,0.08629448231604897,0.08629448231604897,0.38461538461538464
4,203,0.8701482283596346,0.729259720175822,1.29,0.11,-0.41985177164036547,0.41985177164036547,0.6774193548387096
4,212,0.526684022669839,0.7086210390263057,-0.11,0.19,0.636684022669839,0.636684022669839,0.4857142857142857
4,213,0.27966749203580243,0.6912910485387034,-1.03,1.06,1.3096674920358025,1.3096674920358025,0.5333333333333333
4,215,0.7695159536986579,0.7754255944551955,1.28,0.18,-0.5104840463013421,0.5104840463013421,0.3076923076923077
4,216,1.8469635773710738,0.7385685250126022,2.12,0.15,-0.27303642262892636,0.27303642262892636,0.3235294117647059
4,220,1.687330827070135,0.710180779281488,1.62,0.11,0.06733082707013494,0.06733082707013494,0.2602739726027397
4,221,1.7904812357275586,0.5530798968332684,2.32,0.26,-0.5295187642724413,0.5295187642724413,0.8222222222222222
4,225,0.5481154523036116,0.698061036975632,1.25,0.22,-0.7018845476963884,0.7018845476963884,0.7241379310344828
4,248,0.5103713213617574,0.6887430458260284,1.07,0.28,-0.5596286786382426,0.5596286786382426,0.5454545454545454
4,249,1.1433207041241784,0.6278544558720891,0.76,0.25,0.3833207041241784,0.3833207041241784,0.6410256410256411
4,260,1.1190905654117669,0.7286753348051004,0.36,0.38,0.7590905654117669,0.7590905654117669,0.6307692307692307
4,262,0.8249341840254829,0.6162418130157066,-1.31,0.3,2.134934184025483,2.134934184025483,0.6727272727272727
4,266,1.455389682644466,0.6915057196443777,3.29,0.39,-1.834610317355534,1.834610317355534,0.5116279069767442
4,267,0.8072243671749482,0.6501849797534156,1.0,0.08,-0.19277563282505183,0.19277563282505183,0.6491228070175439
4,268,1.305229488876496,0.7292121106650243,1.21,0.2,0.09522948887649596,0.09522948887649596,0.3888888888888889
4,275,0.6570945320030062,0.7269511110026143,0.08,0.17,0.5770945320030062,0.5770945320030062,0.6666666666666666
4,276,1.0491536521717602,0.6272939648904966,1.22,0.31,-0.17084634782823982,0.17084634782823982,0.6470588235294118
4,278,1.0584354328440244,0.6462821803175971,1.85,0.16,-0.7915645671559757,0.7915645671559757,0.4444444444444444
4,282,-0.22165092877097203,0.7273433655779747,0.74,0.12,-0.961650928770972,0.961650928770972,0.11764705882352941
4,283,1.0775273808665795,0.6639537713401671,1.25,0.3,-0.1724726191334205,0.1724726191334205,0.5454545454545454
4,285,0.9090588279344246,0.7066933415802985,1.9,0.25,-0.9909411720655753,0.9909411720655753,0.525
4,286,1.1969944537112363,0.7309909552848504,1.62,0.2,-0.42300554628876386,0.42300554628876386,0.723404255319149
4,288,1.079240380170116,0.7229275547665894,1.48,0.08,-0.40075961982988395,0.40075961982988395,0.5306122448979592
4,289,1.6330567931609632,0.5385800551218544,1.88,0.32,-0.2469432068390367,0.2469432068390367,0.8725490196078431
4,290,1.5567033617938104,0.6729219904226762,1.57,0.18,-0.013296638206189648,0.013296638206189648,0.7708333333333334
4,305,0.8419999972159271,0.7036282569045053,0.67,0.15,0.17199999721592707,0.17199999721592707,0.7619047619047619
4,306,1.3522135718077823,0.6783220667934994,1.0,0.17,0.35221357180778234,0.35221357180778234,0.5263157894736842
4,307,1.1397365842021212,0.6532049464587686,1.53,0.2,-0.3902634157978788,0.3902634157978788,0.6521739130434783
4,320,1.5890635922889762,0.7877395133120207,1.86,0.24,-0.2709364077110239,0.2709364077110239,0.45121951219512196
4,325,1.0165972724345789,0.7817848070794085,1.79,0.13,-0.7734027275654212,0.7734027275654212,0.6724137931034483
4,340,1.3490969413805005,0.6841335266258246,1.5,0.13,-0.15090305861949949,0.15090305861949949,0.6530612244897959
4,345,1.5373237197919893,0.6352023871047461,2.27,0.23,-0.7326762802080107,0.7326762802080107,0.7333333333333333
4,354,1.0046647512455045,0.7021642578493054,0.19,0.48,0.8146647512455045,0.8146647512455045,0.34375
4,359,0.5587631296193891,0.6694088194792895,0.8,0.23,-0.24123687038061092,0.24123687038061092,0.7241379310344828
4,372,0.6987532892194253,0.6609021128698681,0.03,0.34,0.6687532892194252,0.6687532892194252,0.5789473684210527
4,380,1.2654792214523942,0.7399001560484915,1.56,0.26,-0.29452077854760583,0.29452077854760583,0.39344262295081966
4,384,1.009514126031398,0.6971784835166476,1.08,0.18,-0.07048587396860206,0.07048587396860206,0.8
4,390,1.0757431200851826,0.40961168754430605,0.97,0.05,0.10574312008518261,0.10574312008518261,0.75
4,402,1.219801104312658,0.7003354838835857,1.51,0.14,-0.29019889568734203,0.29019889568734203,0.8412698412698413
4,404,1.361292052777463,0.6165010647890381,1.3,0.12,0.06129205277746297,0.06129205277746297,0.8333333333333334
4,406,1.7553051583446404,0.6181425386977517,2.4,0.18,-0.6446948416553595,0.6446948416553595,0.5909090909090909
4,409,1.3620725150699449,0.5225195053758193,1.4,0.16,-0.037927484930055044,0.037927484930055044,0.8541666666666666
4,423,0.4451606296586118,0.7331561013538391,0.95,0.3,-0.5048393703413881,0.5048393703413881,0.3548387096774194
4,427,0.31473225077217937,0.7586620912078369,1.23,0.14,-0.9152677492278206,0.9152677492278206,0.4375
4,430,0.7112494333390441,0.6284781436804724,0.69,0.16,0.021249433339044166,0.021249433339044166,0.5272727272727272
4,431,1.2894453154323915,0.8356798719092293,4.31,1.0,-3.020554684567608,3.020554684567608,0.3076923076923077
4,434,1.782086419044597,0.7315170661446466,0.52,0.3,1.262086419044597,1.262086419044597,0.6071428571428571
4,436,2.0366965031105755,0.7218921743016453,2.75,0.14,-0.7133034968894245,0.7133034968894245,0.48484848484848486
4,444,1.7449317450593496,0.6902075118432466,1.88,0.1,-0.13506825494065033,0.13506825494065033,0.8311688311688312
4,455,1.028668091743011,0.6422678487473729,0.67,0.16,0.35866809174301106,0.35866809174301106,0.6530612244897959
4,464,1.148207437672203,0.7565579762399818,2.06,0.38,-0.9117925623277972,0.9117925623277972,0.6851851851851852
4,465,1.0315949543648277,0.7515338504690613,0.34,0.08,0.6915949543648277,0.6915949543648277,0.6956521739130435
4,474,2.407563125890026,0.68859751994708,1.96,0.26,0.4475631258900261,0.4475631258900261,0.8524590163934426
4,475,1.6156887985108117,0.9893429948483575,1.93,0.25,-0.31431120148918823,0.31431120148918823,0.5652173913043478
4,479,2.2305111855066717,0.5986362093844249,2.34,0.06,-0.10948881449332815,0.10948881449332815,0.819672131147541
4,482,1.0160849342329663,0.7220179437654742,1.43,0.33,-0.41391506576703363,0.41391506576703363,0.75
4,492,1.313335497761753,0.7300609044487347,2.16,0.26,-0.8466645022382471,0.8466645022382471,0.66
4,496,1.3134925007388567,0.7671789402498388,2.05,0.25,-0.7365074992611431,0.7365074992611431,0.7659574468085106
4,497,2.0369621464064633,0.5293337242025328,2.11,0.17,-0.07303785359353654,0.07303785359353654,0.6865671641791045
4,507,0.6890345972096378,0.7742561458651004,-0.45,0.43,1.1390345972096378,1.1390345972096378,0.6774193548387096
4,508,0.10001026452571304,0.7346705828875528,0.31,0.12,-0.20998973547428695,0.20998973547428695,0.625
4,511,1.204248365746882,0.6993201405268756,0.88,0.27,0.3242483657468821,0.3242483657468821,0.41935483870967744
4,517,2.015250261114047,0.49516327090126555,1.6,0.2,0.4152502611140467,0.4152502611140467,0.8369565217391305
4,522,0.9818865769387359,0.660643623418339,1.3,0.16,-0.3181134230612641,0.3181134230612641,0.5
4,523,1.0905733564092484,0.8458759713336286,0.79,0.33,0.3005733564092483,0.3005733564092483,0.6428571428571429
4,536,1.757857676314576,0.776174490066627,1.92,0.56,-0.16214232368542403,0.16214232368542403,0.5263157894736842
4,538,0.6525865156398611,0.7463018338866817,1.02,0.12,-0.3674134843601389,0.3674134843601389,0.5882352941176471
4,539,1.2944115007384156,0.9989751780291574,1.38,0.36,-0.0855884992615843,0.0855884992615843,0.15833333333333333
4,545,0.7905866497392557,0.7149643445289053,1.1,0.18,-0.30941335026074435,0.30941335026074435,0.6415094339622641
4,546,1.670812821713324,0.7235555249247262,1.62,0.16,0.05081282171332391,0.05081282171332391,0.8947368421052632
4,559,0.8255322837079406,0.6031730226887104,1.2,0.18,-0.3744677162920593,0.3744677162920593,0.7297297297297297
4,563,0.46248131259833536,0.6909130629663164,1.01,0.59,-0.5475186874016646,0.5475186874016646,0.2682926829268293
4,567,0.2711111541002761,0.7205973139652924,-0.1,0.61,0.37111115410027606,0.37111115410027606,0.3870967741935484
4,572,1.0861331718928626,0.7135727914149976,1.53,0.16,-0.4438668281071374,0.4438668281071374,0.3333333333333333
4,577,1.3916829115179217,0.670875329106571,1.71,0.27,-0.3183170884820783,0.3183170884820783,0.6041666666666666
4,584,0.6085110584399327,0.7489156268286613,-0.09,0.36,0.6985110584399327,0.6985110584399327,0.40625
4,585,0.6212704597735832,0.7244971848873323,1.1,0.1,-0.4787295402264169,0.4787295402264169,0.5454545454545454
4,590,0.23554070071214073,0.5879247343731034,-0.2,0.35,0.43554070071214074,0.43554070071214074,0.7368421052631579
4,594,0.7440702455533461,0.6914030903026748,2.1,0.34,-1.355929754446654,1.355929754446654,0.5806451612903226
4,595,0.6763809138707586,0.6657427427549966,0.43,0.26,0.2463809138707586,0.2463809138707586,0.696969696969697
4,600,1.1737782991117782,0.6364531464207235,1.67,0.3,-0.4962217008882217,0.4962217008882217,0.75
4,605,1.4647753123218796,0.7416416558827195,1.46,0.13,0.004775312321879666,0.004775312321879666,0.2962962962962963
4,611,0.7910206299023506,0.6118625486009793,1.7,0.14,-0.9089793700976494,0.9089793700976494,0.6
4,614,1.389914452077287,0.6990200116344643,1.87,0.12,-0.4800855479227131,0.4800855479227131,0.7659574468085106
4,616,1.7694277271521648,0.6993920786123925,0.91,0.19,0.8594277271521648,0.8594277271521648,0.5
4,617,1.4044865525187407,0.5447486851306734,1.48,0.09,-0.07551344748125932,0.07551344748125932,0.7647058823529411
4,620,0.7130594566158431,0.6570504947342827,0.49,0.15,0.22305945661584314,0.22305945661584314,0.46153846153846156
4,622,0.9354349081388094,0.6714811422731968,1.64,0.16,-0.7045650918611905,0.7045650918611905,0.4482758620689655
4,632,0.5108267547027641,0.7039282143546287,0.72,0.55,-0.2091732452972359,0.2091732452972359,0.25
4,642,1.8749191063871804,0.7147804400573359,1.54,0.14,0.33491910638718037,0.33491910638718037,0.723404255319149
4,645,-0.13863327901376366,0.6820056665918717,0.12,0.24,-0.25863327901376365,0.25863327901376365,0.46153846153846156
4,650,1.7475974803457603,0.6631518706616385,1.4,0.09,0.34759748034576043,0.34759748034576043,0.8269230769230769
4,651,0.5023551971792998,0.7912642917418842,-0.02,0.22,0.5223551971792998,0.5223551971792998,0.19047619047619047
4,656,1.5213309841255036,0.5202745351850879,1.95,0.25,-0.42866901587449635,0.42866901587449635,0.9117647058823529
4,657,1.280957787502024,0.6706180748188697,0.59,0.06,0.690957787502024,0.690957787502024,0.8135593220338984
4,658,1.5913053461127709,0.7028816114606156,1.6,0.4,-0.008694653887229231,0.008694653887229231,0.6041666666666666
4,661,1.280528096901922,0.7025433286859011,-0.74,0.19,2.0205280969019217,2.0205280969019217,0.5641025641025641
4,663,1.9611199941028676,0.6613442946218464,2.17,0.14,-0.2088800058971323,0.2088800058971323,0.6153846153846154
4,664,1.093298844985945,0.6230964963256433,2.87,0.24,-1.776701155014055,1.776701155014055,0.52
4,666,0.7049920873182572,0.6230439961816584,-0.75,0.35,1.4549920873182574,1.4549920873182574,0.7560975609756098
4,669,0.8146690537294008,0.6583031281317079,1.26,0.58,-0.4453309462705992,0.4453309462705992,0.7105263157894737
4,674,1.4413108175121436,0.682713671281265,0.97,0.13,0.47131081751214365,0.47131081751214365,0.5581395348837209
4,681,1.3392166132877312,0.6481664260532131,0.9,0.1,0.4392166132877312,0.4392166132877312,0.8205128205128205
4,690,1.9710580060033394,0.651127113734057,1.29,0.14,0.6810580060033393,0.6810580060033393,0.8421052631578947
4,696,2.1796058103661817,0.6658326992157402,2.84,0.14,-0.6603941896338181,0.6603941896338181,0.6774193548387096
4,703,0.7465117321268183,0.7101914074892779,-0.7,0.41,1.4465117321268184,1.4465117321268184,0.7058823529411765
4,712,1.1350657713590169,0.6518191749927941,0.57,0.12,0.5650657713590169,0.5650657713590169,0.6170212765957447
4,717,1.8708345618867899,0.758897750255979,1.21,0.13,0.6608345618867899,0.6608345618867899,0.5
4,718,2.0743235562668856,0.7058438079245144,2.52,0.15,-0.44567644373311444,0.44567644373311444,0.6865671641791045
4,724,2.1187509508872377,0.7071062557437036,2.18,0.1,-0.06124904911276241,0.06124904911276241,0.36764705882352944
4,734,1.429349877105642,0.696041047645604,1.24,0.09,0.1893498771056421,0.1893498771056421,0.8571428571428571
4,735,1.5924218352399013,0.7849214899200173,0.98,0.14,0.6124218352399013,0.6124218352399013,0.6415094339622641
4,738,0.8400630270364906,0.6589814812777934,1.37,0.16,-0.5299369729635095,0.5299369729635095,0.65625
4,740,1.5120494505362216,0.7612540139231015,0.59,0.26,0.9220494505362217,0.9220494505362217,0.7301587301587301
4,741,1.4935815181558127,0.7494029504830074,1.7,0.27,-0.2064184818441872,0.2064184818441872,0.8070175438596491
4,744,1.8871999099978956,0.7542784592611014,2.05,0.25,-0.16280009000210427,0.16280009000210427,0.6274509803921569
4,751,0.9468019463364448,0.7692297756065806,1.83,0.16,-0.8831980536635553,0.8831980536635553,0.4897959183673469
4,756,0.4529954577571197,0.738162213525649,0.95,0.23,-0.49700454224288027,0.49700454224288027,0.625
4,759,1.3232491304148732,0.586517233687927,1.73,0.06,-0.40675086958512674,0.40675086958512674,0.7058823529411765
4,761,1.4693467675810303,0.7005990927033703,0.66,0.12,0.8093467675810303,0.8093467675810303,0.525
4,773,1.5417447068127623,0.5494143422525922,1.65,0.21,-0.10825529318723759,0.10825529318723759,0.5208333333333334
4,775,1.061486177533892,0.611181227455887,4.29,0.95,-3.228513822466108,3.228513822466108,0.71875
4,776,1.5743892254902219,0.6020770828918232,1.43,0.22,0.14438922549022193,0.14438922549022193,0.7410714285714286
4,783,0.7153846947875399,0.6593122463018664,0.7,0.18,0.015384694787539899,0.015384694787539899,0.5588235294117647
4,786,1.6309309666152045,0.745174065902264,1.12,0.1,0.5109309666152044,0.5109309666152044,0.5
4,791,1.0853975801711346,0.7612867350731688,0.88,0.27,0.20539758017113463,0.20539758017113463,0.5714285714285714
4,792,0.9806675957601692,0.7144447814835907,-1.26,0.42,2.2406675957601694,2.2406675957601694,0.4827586206896552
4,795,0.837268139363244,0.5837347474907755,1.72,0.07,-0.882731860636756,0.882731860636756,0.8360655737704918
4,799,1.274607421652142,0.6136979793695009,-0.19,0.49,1.4646074216521419,1.4646074216521419,0.5294117647058824
4,813,1.9088610992021984,0.7304212019829972,0.21,0.14,1.6988610992021984,1.6988610992021984,0.5416666666666666
4,820,1.5029557291221072,0.6581179460975844,2.08,0.16,-0.5770442708778929,0.5770442708778929,0.75
4,822,0.9092816232870802,0.7449350348413547,0.57,0.57,0.3392816232870802,0.3392816232870802,0.2777777777777778
4,827,0.6996143036628008,0.6330199992253562,0.87,0.22,-0.17038569633719924,0.17038569633719924,0.696969696969697
4,835,1.3820496949506944,0.6023407005699466,1.54,0.11,-0.15795030504930563,0.15795030504930563,0.8301886792452831
4,843,1.5499565450681208,0.6252544682816724,1.8,0.27,-0.2500434549318793,0.2500434549318793,0.6808510638297872
4,847,0.9798646532944552,0.8181719297250192,0.78,0.1,0.19986465329445513,0.19986465329445513,0.6666666666666666
4,850,1.3260279120677094,0.6716373400140594,0.54,0.1,0.7860279120677094,0.7860279120677094,0.5806451612903226
4,853,1.1258378561109936,0.7269422325098839,0.91,0.27,0.2158378561109936,0.2158378561109936,0.5116279069767442
4,856,0.7031536531181296,0.730452643599368,-1.24,0.97,1.9431536531181295,1.9431536531181295,0.3333333333333333
4,857,1.7957986393103553,0.6924519712473922,2.13,0.15,-0.33420136068964457,0.33420136068964457,0.7708333333333334
4,858,1.0747041685283758,0.7197585202764042,-0.44,0.17,1.5147041685283757,1.5147041685283757,0.6307692307692307
4,1,1.0549874271515203,0.7228957381428186,1.32,0.14,-0.2650125728484798,0.2650125728484798,0.5454545454545454
4,3,1.5290079335217324,0.6712073847253801,-0.16,0.26,1.6890079335217323,1.6890079335217323,0.71875
4,4,1.2130299990408642,0.6782635729724401,0.92,0.13,0.29302999904086413,0.29302999904086413,0.4634146341463415
4,6,1.4437484834601821,0.7062858813282465,0.88,0.1,0.5637484834601821,0.5637484834601821,0.4794520547945205
4,14,1.5523852253494592,0.6183011734120635,2.07,0.11,-0.5176147746505406,0.5176147746505406,0.6888888888888889
4,15,1.1292822411734078,0.64876867290986,2.34,0.26,-1.210717758826592,1.210717758826592,0.8125
4,16,1.524609378921335,0.6130455633811126,2.19,0.13,-0.6653906210786649,0.6653906210786649,0.6530612244897959
4,20,0.6820022970733903,0.6116234572665679,0.58,0.13,0.10200229707339037,0.10200229707339037,0.5652173913043478
4,24,1.4833775650741494,0.6474255257883001,1.86,0.19,-0.3766224349258507,0.3766224349258507,0.7567567567567568
4,40,1.463056977336226,0.6484680252824818,2.48,0.17,-1.016943022663774,1.016943022663774,0.8125
4,43,1.723637481240167,0.6679220962220838,1.17,0.14,0.553637481240167,0.553637481240167,0.8461538461538461
4,46,1.1018966488582185,0.6429734579417907,0.7,0.14,0.4018966488582185,0.4018966488582185,0.782608695652174
4,57,1.7750631697480244,0.6816318841670693,1.89,0.13,-0.11493683025197554,0.11493683025197554,0.6792452830188679
4,61,0.32922988346572213,0.717241205422377,0.04,0.36,0.28922988346572215,0.28922988346572215,0.4864864864864865
4,64,1.2716308290656404,0.6727259605116596,-0.41,0.25,1.6816308290656403,1.6816308290656403,0.24489795918367346
4,79,1.0756646071664233,0.7475094464147708,0.3,0.15,0.7756646071664233,0.7756646071664233,0.2982456140350877
4,85,1.6610464729224668,0.7735748607685162,2.35,0.13,-0.6889535270775333,0.6889535270775333,0.47619047619047616
4,88,0.8678823327152041,0.5367667279673054,0.7,0.34,0.16788233271520414,0.16788233271520414,0.5111111111111111
4,93,1.4334158464358924,0.6826086682185395,1.97,0.24,-0.5365841535641076,0.5365841535641076,0.7567567567567568
4,94,1.0230283823377808,0.7549833842927692,1.65,0.31,-0.6269716176622191,0.6269716176622191,0.7727272727272727
4,98,0.4310095418956602,0.7465104647004912,-0.39,0.25,0.8210095418956602,0.8210095418956602,0.3333333333333333
4,99,1.4187532293860314,0.6045753273902805,1.5,0.27,-0.08124677061396857,0.08124677061396857,0.6530612244897959
4,100,1.0610657381471322,0.6708327149839277,1.13,0.1,-0.06893426185286766,0.06893426185286766,0.6101694915254238
4,101,1.380763462698817,0.6517553176064683,1.78,0.15,-0.399236537301183,0.399236537301183,0.5
4,102,0.8394881570008621,0.607832633051552,1.55,0.13,-0.7105118429991379,0.7105118429991379,0.5333333333333333
4,103,1.4322033478139147,0.7191581216262904,0.8,0.16,0.6322033478139146,0.6322033478139146,0.42424242424242425
4,105,1.6293411706587346,0.6728888135328195,1.17,0.35,0.4593411706587347,0.4593411706587347,0.6216216216216216
4,115,0.9409433658401567,0.6389435122681136,1.0,0.11,-0.0590566341598433,0.0590566341598433,0.6491228070175439
4,117,0.7796467111817031,0.6168788137445435,1.13,0.19,-0.35035328881829675,0.35035328881829675,0.7560975609756098
4,123,1.470636231846638,0.6831851258803678,0.79,0.17,0.6806362318466379,0.6806362318466379,0.8571428571428571
4,128,1.1551208984903996,0.5992353179176041,1.28,0.22,-0.12487910150960047,0.12487910150960047,0.6181818181818182
4,129,1.4919051027565924,0.6099232363511653,1.69,0.1,-0.19809489724340756,0.19809489724340756,0.7954545454545454
4,134,0.7455059111277074,0.6705227234393748,-1.17,0.44,1.9155059111277073,1.9155059111277073,0.5714285714285714
4,142,1.1982275666197038,0.6954264363877092,0.24,0.24,0.9582275666197038,0.9582275666197038,0.6086956521739131
4,144,0.980896103850893,0.7182564758195792,1.34,0.3,-0.3591038961491071,0.3591038961491071,0.5142857142857142
4,158,1.5446560931908555,0.6705292412014093,1.99,0.1,-0.4453439068091445,0.4453439068091445,0.6666666666666666
4,160,0.889264320536052,0.6441000152858071,1.49,0.13,-0.600735679463948,0.600735679463948,0.4482758620689655
4,162,1.1477549340280275,0.655453161404502,0.7,0.13,0.4477549340280276,0.4477549340280276,0.5172413793103449
4,168,0.8627110381072958,0.6822485972338147,-0.53,0.15,1.3927110381072958,1.3927110381072958,0.6428571428571429
4,177,1.730528001052333,0.7615866568622721,2.02,0.11,-0.28947199894766706,0.28947199894766706,0.6785714285714286
4,188,0.8440674534223367,0.8174430650743592,1.45,0.1,-0.6059325465776633,0.6059325465776633,0.18181818181818182
4,192,1.3130338724518136,0.6346020431126096,1.7,0.24,-0.3869661275481864,0.3869661275481864,0.34285714285714286
4,195,1.4193090072520296,0.5853848247532754,1.55,0.18,-0.13069099274797047,0.13069099274797047,0.7954545454545454
4,196,0.4782012551913173,0.7308373980955196,0.79,0.17,-0.31179874480868275,0.31179874480868275,0.2777777777777778
4,200,1.1148708025726413,0.6216691031675776,2.08,0.35,-0.9651291974273588,0.9651291974273588,0.5531914893617021
4,202,1.826258762470433,0.8009355125143933,1.38,0.1,0.44625876247043306,0.44625876247043306,0.6037735849056604
4,205,1.659442191769697,0.6999171392994399,1.57,0.31,0.08944219176969703,0.08944219176969703,0.46808510638297873
4,206,1.144561471901278,0.5747321611448417,2.16,0.25,-1.0154385280987221,1.0154385280987221,0.78
4,210,1.1830693390496991,0.7077661291681047,2.1,0.26,-0.916930660950301,0.916930660950301,0.2537313432835821
4,211,1.2946548606075374,0.5416546599505271,1.45,0.1,-0.15534513939246253,0.15534513939246253,0.6538461538461539
4,219,0.11527165795901362,0.7101707866623673,-0.5,0.21,0.6152716579590136,0.6152716579590136,0.8
4,226,1.4508273314338649,0.7748316776630926,1.13,0.16,0.320827331433865,0.320827331433865,0.29411764705882354
4,229,0.765070262037395,0.7921230677957567,-0.93,0.43,1.6950702620373952,1.6950702620373952,0.22857142857142856
4,231,1.6175206508266478,0.7332434408888133,1.75,0.26,-0.13247934917335225,0.13247934917335225,0.8070175438596491
4,235,1.4798235298104252,0.6818490731397643,0.1,0.19,1.379823529810425,1.379823529810425,0.8085106382978723
4,237,0.9219664929182909,0.6366522349929703,1.5,0.32,-0.5780335070817091,0.5780335070817091,0.6333333333333333
4,242,0.3820623950926807,0.6418497260516797,0.45,0.28,-0.06793760490731932,0.06793760490731932,0.5526315789473685
4,251,1.211501784959278,0.6277739324858099,1.39,0.11,-0.17849821504072194,0.17849821504072194,0.6153846153846154
4,257,1.7424301423571795,0.7149531132432324,2.4,0.3,-0.6575698576428204,0.6575698576428204,0.53125
4,261,0.6301651183417121,0.607634947451922,0.85,0.35,-0.2198348816582879,0.2198348816582879,0.7931034482758621
4,263,0.9055092936351883,0.634078854374139,1.29,0.26,-0.38449070636481175,0.38449070636481175,0.5333333333333333
4,265,0.898959832528051,0.6757155424291991,1.33,0.11,-0.43104016747194907,0.43104016747194907,0.6571428571428571
4,269,2.136738147401622,0.5928254679859568,1.0,0.23,1.1367381474016218,1.1367381474016218,0.5909090909090909
4,271,1.9164158772002375,0.60560158644103,1.29,0.1,0.6264158772002375,0.6264158772002375,0.8148148148148148
4,274,1.6727225678997837,0.7447639738579603,1.57,0.29,0.10272256789978362,0.10272256789978362,0.6052631578947368
4,277,2.049909968239051,0.6639657904947828,2.24,0.1,-0.19009003176094907,0.19009003176094907,0.7272727272727273
4,280,1.7094392206377274,0.7190374343298923,-1.04,0.26,2.7494392206377274,2.7494392206377274,0.8148148148148148
4,293,1.140175845389161,0.6022791616777822,0.95,0.12,0.1901758453891611,0.1901758453891611,0.8604651162790697
4,298,1.3953575687080002,0.706558361284033,2.09,0.19,-0.6946424312919997,0.6946424312919997,0.5454545454545454
4,301,1.3098047821259908,0.6842820018887686,0.85,0.24,0.45980478212599085,0.45980478212599085,0.6086956521739131
4,303,1.3846537206369207,0.5584083472142107,-0.47,0.25,1.8546537206369207,1.8546537206369207,0.7272727272727273
4,311,0.6739138764816496,0.6852810846516151,-1.06,0.36,1.7339138764816497,1.7339138764816497,0.5
4,316,1.3687687897387595,0.5256189486075022,1.61,0.22,-0.24123121026124061,0.24123121026124061,0.7959183673469388
4,317,1.652554217117422,0.5984454654422103,1.7,0.11,-0.04744578288257806,0.04744578288257806,0.7857142857142857
4,319,1.0901214221212179,0.8633474270200261,-0.22,0.48,1.3101214221212178,1.3101214221212178,0.125
4,332,1.2231558061138716,0.6111119922088049,-0.27,0.2,1.4931558061138717,1.4931558061138717,0.6060606060606061
4,333,1.738687121035987,0.6752980244313014,2.27,0.14,-0.5313128789640129,0.5313128789640129,0.5
4,334,0.9531703650262953,0.6516446494738447,1.82,0.27,-0.8668296349737048,0.8668296349737048,0.7021276595744681
4,338,0.30221930510596806,0.6344433132058203,-0.33,0.16,0.6322193051059681,0.6322193051059681,0.625
4,341,1.9903193867857625,0.6583865264991905,0.95,0.15,1.0403193867857625,1.0403193867857625,0.7333333333333333
4,344,1.6337184310299335,0.7510234852338107,1.27,0.25,0.3637184310299335,0.3637184310299335,0.46296296296296297
4,348,1.5926243285628787,0.6419495902646383,1.5,0.17,0.09262432856287872,0.09262432856287872,0.6052631578947368
4,353,1.8118161942138933,0.7857949990574346,1.56,0.26,0.25181619421389323,0.25181619421389323,0.4375
4,356,1.6635850557058092,0.4782944576164196,1.48,0.08,0.18358505570580919,0.18358505570580919,0.8846153846153846
4,363,1.834580937947437,0.6472896148992181,2.23,0.1,-0.39541906205256305,0.39541906205256305,0.8372093023255814
4,365,1.726001131972992,0.6752382341330172,2.51,0.13,-0.7839988680270078,0.7839988680270078,0.6538461538461539
4,381,1.709048935301674,0.6543640150556315,2.05,0.23,-0.3409510646983258,0.3409510646983258,0.6071428571428571
4,382,0.5374793704031444,0.8060106514233161,0.19,0.55,0.3474793704031444,0.3474793704031444,0.25
4,389,1.0408317053082345,0.6534137183673931,1.15,0.18,-0.10916829469176537,0.10916829469176537,0.7045454545454546
4,398,1.4855064801241562,0.7380063842807271,2.44,0.2,-0.9544935198758437,0.9544935198758437,0.7
4,410,0.9748881899966013,0.7265836451311499,1.39,0.2,-0.4151118100033986,0.4151118100033986,0.62
4,413,0.8322100312507907,0.7094585616854352,-1.5,0.94,2.3322100312507907,2.3322100312507907,0.5121951219512195
4,429,1.9131360817778542,0.7089295570876012,1.89,0.19,0.02313608177785431,0.02313608177785431,0.6774193548387096
4,432,1.6945657246056052,0.6482617360169064,1.36,0.14,0.3345657246056051,0.3345657246056051,0.5588235294117647
4,440,2.4160870420229945,0.6113171331190181,2.29,0.16,0.12608704202299448,0.12608704202299448,0.7377049180327869
4,446,0.973684836109314,0.6531982308325264,1.35,0.26,-0.3763151638906861,0.3763151638906861,0.7435897435897436
4,447,0.9118366797370374,0.6922091927701254,1.0,0.25,-0.08816332026296259,0.08816332026296259,0.5555555555555556
4,458,1.5196489525875445,0.7099936832097182,1.8,0.28,-0.28035104741245553,0.28035104741245553,0.5789473684210527
4,461,0.35065525382244034,0.7073036522266529,-1.53,1.11,1.8806552538224404,1.8806552538224404,0.3870967741935484
4,462,0.6928337330162769,0.6442620371215118,0.98,0.11,-0.28716626698372305,0.28716626698372305,0.7671232876712328
4,467,0.83213919208202,0.569246109693373,-0.35,0.1,1.18213919208202,1.18213919208202,0.7647058823529411
4,468,1.517215851459868,0.7244713165827151,0.73,0.29,0.7872158514598679,0.7872158514598679,0.868421052631579
4,471,1.1370549272921995,0.678837156028002,0.78,0.18,0.35705492729219945,0.35705492729219945,0.7948717948717948
4,472,0.870629542002648,0.6512035853522822,1.37,0.06,-0.49937045799735214,0.49937045799735214,0.8269230769230769
4,481,1.527801821011619,0.6682373937959718,2.29,0.36,-0.7621981789883809,0.7621981789883809,0.6296296296296297
4,489,1.042495788060058,0.6448714998889566,0.49,0.28,0.5524957880600581,0.5524957880600581,0.65625
4,504,0.7097343005187787,0.7412774347033781,1.09,0.57,-0.38026569948122135,0.38026569948122135,0.5357142857142857
4,512,1.4326537916879807,0.6067664366935577,1.6,0.1,-0.1673462083120194,0.1673462083120194,0.4838709677419355
4,521,1.1929154557023947,0.6489138301573292,0.43,0.13,0.7629154557023947,0.7629154557023947,0.5
4,524,1.2826765127938258,0.5809531435524726,1.51,0.13,-0.22732348720617424,0.22732348720617424,0.7924528301886793
4,525,1.7795713466860352,0.794565440241946,1.03,0.14,0.7495713466860352,0.7495713466860352,0.6428571428571429
4,526,1.5568391304585834,0.7066788282855788,2.47,0.26,-0.9131608695414168,0.9131608695414168,0.3333333333333333
4,530,2.601038437581137,0.6206119578730103,2.55,0.25,0.05103843758113724,0.05103843758113724,0.8524590163934426
4,557,1.3817439523155275,0.6805806514722718,1.43,0.24,-0.04825604768447245,0.04825604768447245,0.4418604651162791
4,558,1.3731820420761962,0.7042493982290142,1.7,0.14,-0.32681795792380375,0.32681795792380375,0.6785714285714286
4,568,1.5937199597804135,0.5220092695862432,2.13,0.21,-0.5362800402195864,0.5362800402195864,0.8333333333333334
4,570,0.9337614685530998,0.6157355519488991,1.44,0.11,-0.5062385314469001,0.5062385314469001,0.7843137254901961
4,575,1.490407245325865,0.6847948431952072,1.96,0.21,-0.46959275467413497,0.46959275467413497,0.5151515151515151
4,576,1.444945180490036,0.6730181659934195,1.71,0.24,-0.265054819509964,0.265054819509964,0.5142857142857142
4,578,1.9573911589754671,0.649643916375925,1.94,0.1,0.01739115897546717,0.01739115897546717,0.52
4,580,0.3771693539368127,0.6491669334765363,-0.24,0.34,0.6171693539368127,0.6171693539368127,0.7894736842105263
4,592,0.843799292457895,0.6209798216901063,1.13,0.23,-0.2862007075421049,0.2862007075421049,0.6666666666666666
4,593,1.54083705217717,0.5865245298138501,1.37,0.16,0.17083705217716982,0.17083705217716982,0.6785714285714286
4,603,0.9584568311245564,0.7157628633863388,0.97,0.21,-0.011543168875443599,0.011543168875443599,0.6170212765957447
4,608,2.590849777560151,0.6567127784027822,3.36,0.44,-0.769150222439849,0.769150222439849,0.7903225806451613
4,623,0.47868634386453834,0.6711465070380537,0.03,0.2,0.4486863438645383,0.4486863438645383,0.38461538461538464
4,625,1.6715937906514995,0.7622638816678889,1.64,0.35,0.03159379065149959,0.03159379065149959,0.375
4,634,1.4297466956678164,0.7153949540084625,3.29,0.43,-1.8602533043321836,1.8602533043321836,0.7
4,635,1.6391639394743514,0.686253752927789,2.02,0.32,-0.38083606052564867,0.38083606052564867,0.5918367346938775
4,636,1.2186052385143042,0.5036311958933892,0.86,0.09,0.35860523851430426,0.35860523851430426,0.6666666666666666
4,637,1.4773320483062362,0.5700401075645894,1.01,0.2,0.4673320483062362,0.4673320483062362,0.45
4,659,1.7000819617628629,0.7818038922002777,1.87,0.22,-0.16991803823713725,0.16991803823713725,0.5714285714285714
4,665,1.834466777090018,0.7355265082845699,2.33,0.12,-0.49553322290998203,0.49553322290998203,0.7
4,675,1.5358068007728511,0.6825573988674928,1.9,0.29,-0.36419319922714877,0.36419319922714877,0.7222222222222222
4,677,1.5119501056577411,0.7118552831649673,2.51,0.09,-0.9980498943422587,0.9980498943422587,0.5740740740740741
4,683,0.9472989248199026,0.6980474775841102,0.25,0.28,0.6972989248199026,0.6972989248199026,0.5142857142857142
4,689,0.5445728626866468,0.7136640844098038,0.5,0.16,0.04457286268664684,0.04457286268664684,0.36585365853658536
4,692,1.4264882631810487,0.689311345840735,0.45,0.19,0.9764882631810488,0.9764882631810488,0.71875
4,694,1.9145819432497952,0.6563018797705923,2.39,0.22,-0.4754180567502049,0.4754180567502049,0.5625
4,697,1.3811275936566476,0.6715847574768095,1.48,0.27,-0.09887240634335237,0.09887240634335237,0.7906976744186046
4,698,1.3914486705746771,0.6827239495098633,-0.5,0.13,1.8914486705746771,1.8914486705746771,0.7894736842105263
4,701,1.7582750294853415,0.7467716668238367,1.98,0.18,-0.22172497051465845,0.22172497051465845,0.6071428571428571
4,702,0.8763174073960274,0.7562398482823869,0.54,0.2,0.33631740739602733,0.33631740739602733,0.5357142857142857
4,705,2.090185643356301,0.6273227445410677,2.12,0.56,-0.029814356643699025,0.029814356643699025,0.845360824742268
4,716,0.3397128791474435,0.6243177738674932,1.18,0.29,-0.8402871208525564,0.8402871208525564,0.6666666666666666
4,726,0.7451171423125895,0.6178728592348485,-1.03,0.61,1.7751171423125895,1.7751171423125895,0.6825396825396826
4,728,1.102033913368775,0.6407197420084247,2.0,0.1,-0.8979660866312249,0.8979660866312249,0.8727272727272727
4,733,1.5197376731916754,0.6969396257904994,1.35,0.42,0.16973767319167532,0.16973767319167532,0.8947368421052632
4,739,0.5236124872469552,0.7833952427007118,-0.62,0.62,1.1436124872469553,1.1436124872469553,0.2903225806451613
4,750,0.825499669603454,0.6291203921336631,1.64,0.14,-0.8145003303965459,0.8145003303965459,0.6938775510204082
4,753,1.7102424711508195,0.5706298681755663,2.26,0.16,-0.5497575288491803,0.5497575288491803,0.7435897435897436
4,754,1.5567206980482502,0.6440683874766506,1.07,0.07,0.48672069804825013,0.48672069804825013,0.6666666666666666
4,758,1.6979256025503529,0.49304566130987915,1.63,0.13,0.06792560255035296,0.06792560255035296,0.85
4,760,1.2174977588958258,0.7201767986004098,1.81,0.08,-0.5925022411041743,0.5925022411041743,0.35185185185185186
4,763,0.923646464944076,0.6594332642761146,1.61,0.09,-0.6863535350559241,0.6863535350559241,0.725
4,769,1.5593948151887653,0.633923789132774,0.99,0.06,0.5693948151887653,0.5693948151887653,0.8636363636363636
4,779,1.6370476258839615,0.7276788694092893,1.3,0.11,0.3370476258839614,0.3370476258839614,0.45161290322580644
4,782,1.9862239518847522,0.6629544045444372,1.23,0.28,0.7562239518847522,0.7562239518847522,0.7708333333333334
4,789,1.0971932788874939,0.7503499177078624,0.11,0.2,0.9871932788874939,0.9871932788874939,0.34146341463414637
4,790,1.5813614843508965,0.7293093392240264,-1.41,0.9,2.9913614843508967,2.9913614843508967,0.6666666666666666
4,804,1.9820645492240794,0.7066727712179616,0.54,0.2,1.4420645492240793,1.4420645492240793,0.5681818181818182
4,805,0.6022483746908498,0.7340861771326701,0.6,0.58,0.0022483746908498192,0.0022483746908498192,0.4666666666666667
4,806,0.7380816326380076,0.6710445656852786,1.4,0.2,-0.6619183673619923,0.6619183673619923,0.5357142857142857
4,808,2.2225984446941087,0.728556594944735,2.56,0.19,-0.33740155530589133,0.33740155530589133,0.4827586206896552
4,811,0.3776142942267272,0.6321613048759046,1.07,0.21,-0.6923857057732729,0.6923857057732729,0.631578947368421
4,814,1.4704906835858216,0.595002184988184,1.95,0.15,-0.4795093164141784,0.4795093164141784,0.5
4,815,1.1544385166457376,0.6295008350051653,1.35,0.11,-0.1955614833542625,0.1955614833542625,0.7843137254901961
4,816,1.3806964502365255,0.6981768031022042,2.16,0.11,-0.7793035497634746,0.7793035497634746,0.6296296296296297
4,825,0.9247764787675559,0.7497471513014485,1.32,0.17,-0.3952235212324442,0.3952235212324442,0.14285714285714285
4,832,0.9000522895290297,0.6339104651233101,1.51,0.13,-0.6099477104709703,0.6099477104709703,0.6458333333333334
4,845,0.9313345131530553,0.7432755542442566,-0.38,0.49,1.3113345131530552,1.3113345131530552,0.32
4,852,1.6691255025301026,0.6058655707953124,2.11,0.1,-0.44087449746989726,0.44087449746989726,0.48148148148148145
4,863,1.5883345205000103,0.740814965985781,1.04,0.21,0.5483345205000103,0.5483345205000103,0.868421052631579
4,2,1.8858241822308668,0.5764971043518331,1.59,0.21,0.2958241822308667,0.2958241822308667,0.7435897435897436
4,12,1.6218960845114745,0.5599217560740191,1.79,0.26,-0.16810391548852555,0.16810391548852555,0.8725490196078431
4,19,1.424229355050955,0.7289223195285871,1.41,0.17,0.014229355050955128,0.014229355050955128,0.7954545454545454
4,21,0.8589762223682553,0.6101406821445777,-2.1,0.84,2.958976222368255,2.958976222368255,0.5454545454545454
4,22,1.1525931612325309,0.5878318727759407,1.07,0.08,0.0825931612325308,0.0825931612325308,0.7631578947368421
4,23,2.389407633906475,0.7081006713925895,2.31,0.19,0.0794076339064751,0.0794076339064751,0.6774193548387096
4,26,1.7225529323593194,0.6796192339739918,1.64,0.06,0.08255293235931949,0.08255293235931949,0.7027027027027027
4,28,1.2231060365703392,0.6461450805231483,1.01,0.24,0.21310603657033922,0.21310603657033922,0.8888888888888888
4,37,1.5440418551872641,0.6675996507383746,1.74,0.26,-0.19595814481273588,0.19595814481273588,0.6666666666666666
4,38,1.7489077872762606,0.6851643670572899,2.12,0.21,-0.3710922127237395,0.3710922127237395,0.5833333333333334
4,39,0.265626172059903,0.6227116508542833,-0.27,0.37,0.535626172059903,0.535626172059903,0.7368421052631579
4,41,1.1510354034625907,0.6649577175149382,2.0,0.19,-0.8489645965374093,0.8489645965374093,0.5263157894736842
4,48,1.4854436659883905,0.7190854509873752,2.75,0.3,-1.2645563340116095,1.2645563340116095,0.7954545454545454
4,60,0.546372882282367,0.7552065113413101,0.08,0.12,0.466372882282367,0.466372882282367,0.4166666666666667
4,69,-0.035489661980191656,0.7074455030981235,-0.48,0.25,0.4445103380198083,0.4445103380198083,0.8
4,81,1.5972670193771834,0.546694356013615,2.53,0.1,-0.9327329806228164,0.9327329806228164,0.7592592592592593
4,82,1.2186577467438071,0.7015480829123562,1.31,0.15,-0.09134225325619294,0.09134225325619294,0.7894736842105263
4,84,1.266076337644026,0.653795917118135,0.63,0.24,0.636076337644026,0.636076337644026,0.8846153846153846
4,87,1.189809630893717,0.6302896593513931,1.1,0.17,0.08980963089371685,0.08980963089371685,0.7647058823529411
4,91,0.8464018817303992,0.6480726313229689,2.34,0.2,-1.4935981182696008,1.4935981182696008,0.875
4,96,1.3710354212209088,0.6507261223172732,1.07,0.37,0.30103542122090876,0.30103542122090876,0.6666666666666666
4,111,0.7048974749594537,0.6434058166675162,1.34,0.19,-0.6351025250405464,0.6351025250405464,0.75
4,116,1.689253832429645,0.6836001206514094,1.15,0.18,0.5392538324296452,0.5392538324296452,0.6818181818181818
4,118,1.4802989698095939,0.7057075452781734,0.81,0.18,0.6702989698095938,0.6702989698095938,0.8
4,121,0.7124628536221859,0.740653317793541,1.97,0.13,-1.257537146377814,1.257537146377814,0.86
4,130,1.80785322307662,0.7081988272910923,-0.5,0.1,2.30785322307662,2.30785322307662,0.4107142857142857
4,132,1.3328336703151353,0.5842656188410064,1.84,0.09,-0.5071663296848647,0.5071663296848647,0.8775510204081632
4,137,1.1820721674279542,0.596736264233335,1.59,0.18,-0.4079278325720459,0.4079278325720459,0.6296296296296297
4,140,0.9169471652266507,0.7726676219374918,0.09,0.16,0.8269471652266507,0.8269471652266507,0.2903225806451613
4,141,0.44623032525603834,0.6337247736757187,0.52,0.15,-0.07376967474396168,0.07376967474396168,0.6896551724137931
4,143,1.531719375216482,0.6863337791029512,1.67,0.35,-0.138280624783518,0.138280624783518,0.4489795918367347
4,148,0.9186772777592033,0.7883674935412756,0.93,0.22,-0.011322722240796779,0.011322722240796779,0.2903225806451613
4,150,1.1255747564994707,0.6376619005135372,1.5,0.19,-0.3744252435005293,0.3744252435005293,0.8205128205128205
4,172,0.9087208159095845,0.6128645251489453,1.39,0.13,-0.48127918409041537,0.48127918409041537,0.6666666666666666
4,173,1.2717629632362084,0.6906083511570711,1.27,0.31,0.0017629632362083925,0.0017629632362083925,0.7073170731707317
4,182,1.3454896525766717,0.703177640672857,0.27,1.28,1.0754896525766717,1.0754896525766717,0.32608695652173914
4,185,1.789111976424466,0.668052352380826,1.63,0.56,0.15911197642446617,0.15911197642446617,0.7297297297297297
4,186,0.5972078384595417,0.6750806674612766,0.37,0.33,0.22720783845954173,0.22720783845954173,0.46153846153846156
4,197,0.38632320792092467,0.7453084266775409,0.28,0.59,0.10632320792092465,0.10632320792092465,0.4857142857142857
4,199,0.9545881443174041,0.7013818490999767,1.57,0.23,-0.6154118556825959,0.6154118556825959,0.27906976744186046
4,201,1.741241550810126,0.5802843839810745,1.48,0.07,0.261241550810126,0.261241550810126,0.7450980392156863
4,204,1.3749962853565096,0.5866176187883909,1.5,0.11,-0.12500371464349036,0.12500371464349036,0.5945945945945946
4,207,1.1186512170522553,0.6571914781078407,0.83,0.54,0.2886512170522554,0.2886512170522554,0.5476190476190477
4,217,1.0344302373139556,0.6882264275659757,1.35,0.25,-0.31556976268604453,0.31556976268604453,0.6153846153846154
4,218,1.2384560098956992,0.6979723620580771,1.07,0.11,0.1684560098956991,0.1684560098956991,0.4444444444444444
4,223,0.8173822911522284,0.5950302091928747,-0.42,0.16,1.2373822911522283,1.2373822911522283,0.5333333333333333
4,227,0.9873286146422472,0.6155690273215966,0.5,0.14,0.4873286146422472,0.4873286146422472,0.8604651162790697
4,230,0.643421651040514,0.7632722831124933,-0.63,0.2,1.2734216510405139,1.2734216510405139,0.5
4,232,0.7094766849900617,0.5528245800674998,0.81,0.25,-0.10052331500993839,0.10052331500993839,0.6041666666666666
4,233,1.1961008429405475,0.7101122640949893,0.41,0.15,0.7861008429405476,0.7861008429405476,0.4827586206896552
4,234,1.4348502182694018,0.643191201612036,2.28,0.17,-0.845149781730598,0.845149781730598,0.45
4,241,2.359387328144361,0.6936982129791133,2.04,0.06,0.3193873281443609,0.3193873281443609,0.6774193548387096
4,245,0.9070481778073707,0.6468056005108075,0.42,0.23,0.4870481778073707,0.4870481778073707,0.4230769230769231
4,246,1.2180128330700306,0.5812265403817203,-0.3,0.2,1.5180128330700307,1.5180128330700307,0.7096774193548387
4,256,1.7972836415841336,0.696312128642227,2.33,0.41,-0.5327163584158665,0.5327163584158665,0.5862068965517241
4,258,1.9339902874890966,0.5340511845471565,3.72,1.03,-1.7860097125109036,1.7860097125109036,0.5471698113207547
4,272,1.698592470128811,0.7402889657975301,1.86,0.16,-0.161407529871189,0.161407529871189,0.32142857142857145
4,284,1.29920215481618,0.6807462432427084,0.65,0.27,0.64920215481618,0.64920215481618,0.6764705882352942
4,292,1.1981246737872526,0.6988604791385676,1.15,0.11,0.048124673787252714,0.048124673787252714,0.3333333333333333
4,296,1.5182940129530007,0.6717567414536625,0.87,0.25,0.6482940129530007,0.6482940129530007,0.6153846153846154
4,302,0.7633274913935276,0.7621851313220837,2.4,0.53,-1.6366725086064724,1.6366725086064724,0.86
4,309,0.41503429899236266,0.7113510236485026,0.18,0.84,0.23503429899236267,0.23503429899236267,0.41379310344827586
4,312,1.2162618732436143,0.7367564293199604,2.24,0.13,-1.0237381267563859,1.0237381267563859,0.37142857142857144
4,314,1.3065659083081795,0.6683384883050915,0.81,0.2,0.4965659083081795,0.4965659083081795,0.71875
4,318,0.8368096435263397,0.6632329455337869,0.61,0.12,0.2268096435263397,0.2268096435263397,0.8181818181818182
4,323,0.5527259531175681,0.6754194762923854,-0.78,0.28,1.3327259531175681,1.3327259531175681,0.46153846153846156
4,327,2.030922850099242,0.6827168267132029,1.85,0.24,0.18092285009924192,0.18092285009924192,0.8297872340425532
4,329,1.5088232700102613,0.648826686161078,1.54,0.1,-0.03117672998973875,0.03117672998973875,0.4594594594594595
4,335,2.036302600509796,0.7243916251999019,2.06,0.33,-0.023697399490203885,0.023697399490203885,0.5882352941176471
4,339,1.7970373395120687,0.6295402253807463,2.48,0.14,-0.6829626604879313,0.6829626604879313,0.52
4,346,0.8679140601677611,0.6285598564831817,0.98,0.17,-0.11208593983223891,0.11208593983223891,0.52
4,349,1.0787625107332324,0.5831910249907305,1.74,0.15,-0.6612374892667676,0.6612374892667676,0.45
4,351,0.7529665496392952,0.8404071899816481,-2.21,0.83,2.962966549639295,2.962966549639295,0.5
4,355,1.2243362690691222,0.6924192141264841,-0.19,0.31,1.4143362690691221,1.4143362690691221,0.543859649122807
4,361,1.2132641353636713,0.813360024470546,2.4,0.16,-1.1867358646363286,1.1867358646363286,0.3548387096774194
4,366,1.6150257462632704,0.6834954983559807,1.9,0.2,-0.28497425373672947,0.28497425373672947,0.4666666666666667
4,367,1.4634730009579124,0.6630367889427069,1.69,0.21,-0.2265269990420875,0.2265269990420875,0.8387096774193549
4,368,0.8120662771546181,0.6092831334932468,0.56,0.22,0.25206627715461805,0.25206627715461805,0.5714285714285714
4,369,1.0614345258401194,0.642143256103051,-0.4,0.19,1.4614345258401196,1.4614345258401196,0.8448275862068966
4,377,1.8007013160141927,0.46097181248249613,2.25,0.17,-0.4492986839858073,0.4492986839858073,0.7755102040816326
4,386,0.663873293314069,0.6664009915536002,0.4,0.13,0.26387329331406895,0.26387329331406895,0.46153846153846156
4,392,0.597652234707621,0.7251977629324617,-2.09,0.9,2.687652234707621,2.687652234707621,0.3333333333333333
4,396,1.7062562345926682,0.7320756204456466,1.53,0.25,0.17625623459266815,0.17625623459266815,0.6078431372549019
4,400,0.979809623294548,0.6220081595512734,0.12,0.22,0.859809623294548,0.859809623294548,0.5294117647058824
4,403,0.2570440114930478,0.7334265647379572,-0.09,0.23,0.34704401149304775,0.34704401149304775,0.3333333333333333
4,407,1.3623926466398555,0.530154279250511,1.13,0.07,0.2323926466398556,0.2323926466398556,0.7959183673469388
4,415,1.5939057688263512,0.6517062864180881,1.0,0.09,0.5939057688263512,0.5939057688263512,0.75
4,418,0.9831749168438548,0.6670506463688295,0.66,0.2,0.3231749168438548,0.3231749168438548,0.5833333333333334
4,435,1.9444969378990224,0.6907405292411285,1.41,0.21,0.5344969378990225,0.5344969378990225,0.6410256410256411
4,438,1.7885225468488724,0.6418556166968459,2.15,0.17,-0.36147745315112756,0.36147745315112756,0.7547169811320755
4,442,1.8827410183801963,0.6423132078259461,2.16,0.3,-0.2772589816198039,0.2772589816198039,0.6666666666666666
4,445,1.9286140275148986,0.6420752709224923,0.84,0.25,1.0886140275148986,1.0886140275148986,0.7346938775510204
4,449,1.3724573978997494,0.7624046651526468,1.19,0.14,0.18245739789974946,0.18245739789974946,0.2857142857142857
4,450,1.1146168908885936,0.6799472981864405,1.96,0.2,-0.8453831091114064,0.8453831091114064,0.6486486486486487
4,451,1.4875760513325476,0.546790336640286,1.72,0.36,-0.23242394866745242,0.23242394866745242,0.8738738738738738
4,453,1.1473467975888392,0.6841627156210311,1.95,0.13,-0.8026532024111608,0.8026532024111608,0.5849056603773585
4,454,1.2593006397264732,0.7561120066651105,2.4,0.23,-1.1406993602735267,1.1406993602735267,0.3888888888888889
4,469,1.220514133508835,0.6502325756992439,1.54,0.24,-0.31948586649116506,0.31948586649116506,0.68
4,480,0.15753079712668372,0.700081932891631,0.74,0.24,-0.5824692028733163,0.5824692028733163,0.2608695652173913
4,483,2.077505250681245,0.6374695398695805,1.58,0.13,0.49750525068124496,0.49750525068124496,0.8064516129032258
4,485,1.9499216147814002,0.7382503335560253,2.09,0.38,-0.1400783852185996,0.1400783852185996,0.49122807017543857
4,494,0.9814653425099783,0.6843901621766788,2.48,0.37,-1.4985346574900218,1.4985346574900218,0.6486486486486487
4,500,1.9021264188253362,0.7009129443907749,2.18,0.16,-0.277873581174664,0.277873581174664,0.6538461538461539
4,506,1.1789779477996967,0.6768068938602677,1.48,0.13,-0.3010220522003033,0.3010220522003033,0.5925925925925926
4,514,1.592415157153994,0.6718720681581635,2.32,0.11,-0.7275848428460059,0.7275848428460059,0.6
4,516,0.9829449245303383,0.6202919651061067,2.07,0.14,-1.0870550754696615,1.0870550754696615,0.7906976744186046
4,528,0.020865038510368805,0.5295446218911088,-0.06,0.12,0.0808650385103688,0.0808650385103688,1.0
4,529,2.089535563357124,0.514923421804847,2.39,0.14,-0.3004644366428759,0.3004644366428759,0.6140350877192983
4,531,1.1992215004701645,0.6197373854768194,1.31,0.32,-0.11077849952983554,0.11077849952983554,0.7272727272727273
4,532,1.040198162749267,0.6912090472780443,1.64,0.18,-0.599801837250733,0.599801837250733,0.47368421052631576
4,540,1.1266156710130115,0.7802224788385576,1.44,0.13,-0.3133843289869884,0.3133843289869884,0.5932203389830508
4,542,1.6692134185297847,0.6545183612271637,2.12,0.17,-0.45078658147021544,0.45078658147021544,0.6888888888888889
4,547,0.9847315589824226,0.67705078187586,1.27,0.2,-0.2852684410175774,0.2852684410175774,0.35714285714285715
4,548,1.7296660937008854,0.6381835375753333,2.14,0.24,-0.4103339062991147,0.4103339062991147,0.5925925925925926
4,549,1.007067301437043,0.6782790697777581,0.5,0.22,0.507067301437043,0.507067301437043,0.5714285714285714
4,554,0.9570220230404349,0.6818906582452713,1.76,0.23,-0.8029779769595651,0.8029779769595651,0.4
4,556,1.6063481747529915,0.6879275328025111,1.79,0.24,-0.18365182524700852,0.18365182524700852,0.8
4,560,0.864136853452955,0.7726252649187874,1.02,0.19,-0.15586314654704503,0.15586314654704503,0.26666666666666666
4,569,1.8714852004238955,0.6621370304796907,2.04,0.14,-0.1685147995761045,0.1685147995761045,0.7
4,571,1.188787505735419,0.6432978365684718,2.1,0.09,-0.9112124942645812,0.9112124942645812,0.8490566037735849
4,574,1.2586189332463322,0.7567816506227757,1.41,0.25,-0.1513810667536677,0.1513810667536677,0.42857142857142855
4,581,1.2389744415806887,0.5971232102870018,0.73,0.15,0.5089744415806887,0.5089744415806887,0.5172413793103449
4,583,0.7745739487633303,0.7225149526246164,0.98,0.07,-0.20542605123666968,0.20542605123666968,0.391304347826087
4,589,2.5546477732287354,0.6613367169043857,2.83,0.15,-0.2753522267712647,0.2753522267712647,0.7966101694915254
4,601,1.243427684721456,1.0648860905972166,1.95,0.45,-0.7065723152785439,0.7065723152785439,0.574468085106383
4,602,2.0827628918657974,0.5242861284003357,2.07,0.26,0.012762891865797599,0.012762891865797599,0.8222222222222222
4,607,1.1452783993070144,0.672144717671547,1.12,0.27,0.025278399307014254,0.025278399307014254,0.4838709677419355
4,618,0.4829445397549972,0.7032551220134597,-0.57,0.31,1.0529445397549972,1.0529445397549972,0.7692307692307693
4,619,0.8189535969475181,0.7293259027845738,0.72,0.26,0.09895359694751815,0.09895359694751815,0.2692307692307692
4,621,1.6476134648569407,0.6538327396456989,2.37,0.2,-0.7223865351430594,0.7223865351430594,0.8548387096774194
4,628,1.3710260072442129,0.6940258860888794,1.5,0.15,-0.12897399275578714,0.12897399275578714,0.8412698412698413
4,629,1.4038332103483362,0.5479382527659373,2.0,0.15,-0.5961667896516638,0.5961667896516638,0.8301886792452831
4,644,0.9426720970747617,0.623198342372693,1.02,0.23,-0.07732790292523828,0.07732790292523828,0.45
4,647,2.14204268294088,0.6825328194962842,1.78,0.06,0.3620426829408798,0.3620426829408798,0.6
4,649,2.175191812817729,0.7271754748286768,4.37,0.95,-2.194808187182271,2.194808187182271,0.6274509803921569
4,652,1.016067917609033,0.7264635729750112,1.69,0.11,-0.6739320823909669,0.6739320823909669,0.30952380952380953
4,667,1.4364960184409161,0.6375857691015617,-0.1,0.27,1.5364960184409162,1.5364960184409162,0.5862068965517241
4,672,1.9972065028635697,0.7551346191605817,2.4,0.45,-0.4027934971364302,0.4027934971364302,0.803921568627451
4,679,1.2415054670766787,0.7080191968174724,1.21,0.17,0.031505467076678784,0.031505467076678784,0.4
4,682,1.0799894075600742,0.6864132332355366,0.34,0.26,0.7399894075600741,0.7399894075600741,0.6938775510204082
4,684,0.765563467003832,0.6704293947121626,-0.5,0.24,1.265563467003832,1.265563467003832,0.7931034482758621
4,685,1.0003828224825029,0.6965416291497654,1.42,0.12,-0.41961717751749705,0.41961717751749705,0.3125
4,687,1.507601055299715,0.5955751046348261,0.62,0.34,0.887601055299715,0.887601055299715,0.6727272727272727
4,695,1.3109747751604433,0.6990996359498259,1.49,0.14,-0.17902522483955674,0.17902522483955674,0.6428571428571429
4,715,1.2866940140865388,0.7293212057718452,1.87,0.09,-0.5833059859134613,0.5833059859134613,0.13114754098360656
4,722,0.17367411113787412,0.623136172355596,1.2,0.2,-1.0263258888621258,1.0263258888621258,0.7288135593220338
4,725,0.6158408581327733,0.7664872378264158,-0.05,0.17,0.6658408581327734,0.6658408581327734,0.5161290322580645
4,731,1.0594691596698236,0.6965513497702831,0.75,0.14,0.3094691596698236,0.3094691596698236,0.7241379310344828
4,737,0.9252155945285351,0.6934229110473079,-0.81,0.11,1.735215594528535,1.735215594528535,0.6571428571428571
4,742,0.5716508335623625,0.6517763896258747,-2.29,0.79,2.8616508335623623,2.8616508335623623,0.6444444444444445
4,745,1.6855195647807872,0.7109823152874196,2.36,0.2,-0.6744804352192126,0.6744804352192126,0.5
4,747,0.19196024374485732,0.7565835530027166,0.52,0.22,-0.3280397562551427,0.3280397562551427,0.6857142857142857
4,755,1.2800878426909086,0.6535586195239909,1.03,0.28,0.25008784269090856,0.25008784269090856,0.75
4,757,1.3710191792564963,0.7910476292541065,0.9,0.16,0.4710191792564963,0.4710191792564963,0.23076923076923078
4,762,1.4427982878066123,0.633452192681876,1.74,0.12,-0.29720171219338765,0.29720171219338765,0.8947368421052632
4,766,0.7737728743406929,0.5813861287322659,0.96,0.36,-0.1862271256593071,0.1862271256593071,0.5111111111111111
4,770,1.7075143722708934,0.7270242080056531,1.73,0.42,-0.02248562772910656,0.02248562772910656,0.4107142857142857
4,777,1.1188766080972423,0.7984230873033018,0.41,0.24,0.7088766080972424,0.7088766080972424,0.7857142857142857
4,784,0.9440884455521283,0.7294598450995854,0.0,0.24,0.9440884455521283,0.9440884455521283,0.532258064516129
4,785,0.8642252789922028,0.8052976244723346,0.9,0.05,-0.03577472100779722,0.03577472100779722,0.20833333333333334
4,788,0.48905781211156996,0.7401409050638271,-0.55,0.14,1.0390578121115701,1.0390578121115701,0.4375
4,802,1.4790625612758035,0.714988765301172,1.12,0.28,0.3590625612758034,0.3590625612758034,0.48484848484848486
4,810,1.0226147461843458,0.5848530639851358,2.43,0.57,-1.4073852538156544,1.4073852538156544,0.6530612244897959
4,824,1.7081769662098991,0.6357084538152368,1.22,0.25,0.48817696620989914,0.48817696620989914,0.6181818181818182
4,828,1.3820472867261309,0.7080927908172984,-0.6,0.2,1.982047286726131,1.982047286726131,0.4444444444444444
4,829,1.1633178111460294,0.6606379605636055,0.8,0.22,0.36331781114602935,0.36331781114602935,0.5384615384615384
4,831,1.9663736972045482,0.4438293359913013,1.89,0.29,0.07637369720454834,0.07637369720454834,0.7608695652173914
4,833,1.6958233468221855,0.6559403917331,1.07,0.1,0.6258233468221854,0.6258233468221854,0.6052631578947368
4,837,1.5362133703979426,0.713328364699081,1.92,0.3,-0.38378662960205734,0.38378662960205734,0.39473684210526316
4,838,0.8851737904997216,0.70006995161349,1.07,0.21,-0.1848262095002785,0.1848262095002785,0.4838709677419355
4,840,1.3114855935800152,0.6132194444132049,2.09,0.34,-0.7785144064199847,0.7785144064199847,0.6052631578947368
4,849,0.4833773869726049,0.7730944494002938,0.68,0.13,-0.19662261302739514,0.19662261302739514,0.6666666666666666
4,851,1.4599167457210127,0.6744894010617714,2.0,0.11,-0.5400832542789873,0.5400832542789873,0.7073170731707317
4,0,1.4163050414639837,0.7496286714411321,2.51,0.12,-1.093694958536016,1.093694958536016,0.4222222222222222
4,5,2.2505627429409976,0.6166757029694532,2.37,0.12,-0.11943725705900254,0.11943725705900254,0.7547169811320755
4,7,1.2289277290817642,0.6694492386038189,-2.0,0.85,3.2289277290817644,3.2289277290817644,0.725
4,9,1.6971935760381243,0.6917666670210301,2.31,0.09,-0.6128064239618758,0.6128064239618758,0.5862068965517241
4,10,0.9717152572749423,0.6349342394594603,1.01,0.24,-0.03828474272505766,0.03828474272505766,0.6470588235294118
4,27,0.7561587765107665,0.7316232471667178,0.84,0.18,-0.08384122348923351,0.08384122348923351,0.375
4,29,0.5379389242664312,0.5367611578557324,0.2,0.2,0.3379389242664312,0.3379389242664312,0.65
4,30,0.7036393235449347,0.6298483674747902,0.52,0.18,0.18363932354493473,0.18363932354493473,0.4634146341463415
4,32,0.08301407303449171,0.5886041681113418,-0.33,0.14,0.4130140730344917,0.4130140730344917,0.7647058823529411
4,44,0.8533158415182455,0.6789814496972655,-0.21,0.17,1.0633158415182455,1.0633158415182455,0.4897959183673469
4,49,1.6586197292277554,0.7012690027979632,2.3,0.16,-0.6413802707722445,0.6413802707722445,0.19230769230769232
4,51,2.082045274771361,0.46225108734855874,2.37,0.36,-0.28795472522863896,0.28795472522863896,0.6617647058823529
4,52,1.7010651800109815,0.6753162250433921,2.26,0.37,-0.5589348199890183,0.5589348199890183,0.6
4,54,1.4793795281278865,0.6581243027303484,1.41,0.25,0.06937952812788661,0.06937952812788661,0.47058823529411764
4,56,0.9641699766249059,0.6362472810539785,0.68,0.16,0.28416997662490584,0.28416997662490584,0.41935483870967744
4,58,0.8802133657295326,0.6490570025339715,3.23,0.35,-2.349786634270467,2.349786634270467,0.4473684210526316
4,59,0.6317492399630984,0.6425008041574246,-0.17,0.38,0.8017492399630984,0.8017492399630984,0.46774193548387094
4,73,1.6904179682269027,0.6197990802129745,0.97,0.16,0.7204179682269027,0.7204179682269027,0.6296296296296297
4,78,1.7245411864454048,0.5591092576135821,1.3,0.15,0.42454118644540473,0.42454118644540473,0.8738738738738738
4,86,1.0287075579862752,0.7171671958539595,1.54,0.13,-0.5112924420137248,0.5112924420137248,0.5588235294117647
4,95,1.246022604509216,0.7375048088921973,2.34,0.55,-1.0939773954907839,1.0939773954907839,0.4375
4,107,1.6552669860316382,0.7402329301905769,2.01,0.16,-0.35473301396836154,0.35473301396836154,0.5681818181818182
4,109,0.36737541531934736,0.6681271676483964,-0.24,0.2,0.6073754153193474,0.6073754153193474,0.8085106382978723
4,114,1.6095762926895059,0.6585144325177562,1.35,0.57,0.25957629268950577,0.25957629268950577,0.525
4,119,1.134565828192198,0.6539020488109487,0.09,0.2,1.044565828192198,1.044565828192198,0.6086956521739131
4,122,1.2546108983382036,0.7679842613738304,1.96,0.27,-0.7053891016617964,0.7053891016617964,0.6521739130434783
4,125,1.3347344446089044,0.6904659715917942,1.99,0.36,-0.6552655553910955,0.6552655553910955,0.5714285714285714
4,126,1.1657831962345802,0.6134471687211964,1.57,0.1,-0.4042168037654199,0.4042168037654199,0.8833333333333333
4,131,1.9399339493478736,0.7335031587524414,0.71,0.23,1.2299339493478736,1.2299339493478736,0.6851851851851852
4,145,0.9265818372123686,0.6605997952826967,2.52,0.11,-1.5934181627876314,1.5934181627876314,0.6410256410256411
4,149,1.288279292816467,0.6871449155031661,0.72,0.3,0.568279292816467,0.568279292816467,0.6415094339622641
4,151,1.1588951552832378,0.656862859437091,1.72,0.26,-0.5611048447167621,0.5611048447167621,0.46938775510204084
4,156,1.3616530856814095,0.6952051528443643,1.34,0.26,0.021653085681409445,0.021653085681409445,0.7222222222222222
4,161,1.310611562177239,0.6542413565967702,1.92,0.11,-0.609388437822761,0.609388437822761,0.4117647058823529
4,165,1.6983081204023622,0.6531606668807777,2.16,0.14,-0.4616918795976379,0.4616918795976379,0.725
4,171,1.6045632764062747,0.5651800691885953,1.41,0.18,0.1945632764062748,0.1945632764062748,0.6666666666666666
4,174,1.4585491796058427,0.6919389150472206,2.01,0.12,-0.551450820394157,0.551450820394157,0.6274509803921569
4,181,1.2821335444714417,0.6355255751373111,1.67,0.32,-0.38786645552855825,0.38786645552855825,0.5918367346938775
4,183,1.0237147962506232,0.7281594350373933,0.94,0.56,0.08371479625062328,0.08371479625062328,0.5
4,187,0.7198274735408148,0.5357743000147067,1.3,0.12,-0.5801725264591853,0.5801725264591853,0.7258064516129032
4,190,1.4884734284193897,0.6430140399602804,1.6,0.35,-0.11152657158061041,0.11152657158061041,0.8421052631578947
4,198,1.7486509421574983,0.6527782498420778,2.8,0.18,-1.0513490578425015,1.0513490578425015,0.30158730158730157
4,208,1.0586479749081972,0.7545114188034237,1.24,0.26,-0.18135202509180282,0.18135202509180282,0.2916666666666667
4,222,0.8373263314201296,0.7539545362000065,1.73,0.15,-0.8926736685798704,0.8926736685798704,0.28125
4,240,1.3804814084233827,0.7234394319889935,1.58,0.17,-0.19951859157661733,0.19951859157661733,0.7857142857142857
4,243,0.8443330076130127,0.7076361336722169,1.38,0.36,-0.5356669923869872,0.5356669923869872,0.5
4,250,1.043099245531855,0.7780879686575941,0.89,0.2,0.15309924553185505,0.15309924553185505,0.37037037037037035
4,252,1.2616633911056532,0.5981880657141584,0.87,0.19,0.3916633911056532,0.3916633911056532,0.7692307692307693
4,255,0.6790437412760842,0.6928985953693219,0.93,0.14,-0.2509562587239158,0.2509562587239158,0.4375
4,259,0.44354609460616257,0.5971789863209238,-1.49,0.9,1.9335460946061627,1.9335460946061627,0.5869565217391305
4,264,0.8078572594828706,0.6669119686560234,0.2,0.25,0.6078572594828706,0.6078572594828706,0.7241379310344828
4,279,1.2817536171154666,0.7014230381819938,2.44,0.14,-1.1582463828845333,1.1582463828845333,0.8461538461538461
4,281,1.2022280784053847,0.6666602957034312,2.32,0.2,-1.1177719215946151,1.1177719215946151,0.35714285714285715
4,291,1.5758680638427343,0.7686608694683347,2.07,0.57,-0.4941319361572656,0.4941319361572656,0.48148148148148145
4,294,1.561864663899688,0.6231843962935938,0.99,0.23,0.571864663899688,0.571864663899688,0.7272727272727273
4,297,1.1222712698418464,0.5584770379366593,1.63,0.25,-0.5077287301581535,0.5077287301581535,0.75
4,308,1.4639699243507842,0.7422744065284973,1.99,0.19,-0.5260300756492158,0.5260300756492158,0.6
4,313,0.5659608382606494,0.7379474050363087,1.17,0.15,-0.6040391617393506,0.6040391617393506,0.48214285714285715
4,315,1.305567181373577,0.7161137043386887,0.43,0.26,0.875567181373577,0.875567181373577,0.6666666666666666
4,322,2.0390216790435707,0.6742247662041063,2.77,0.36,-0.7309783209564293,0.7309783209564293,0.717391304347826
4,331,0.5009019475088273,0.7285199293207812,0.79,0.26,-0.2890980524911727,0.2890980524911727,0.5
4,343,0.4584069443605183,0.6584375895645044,-0.31,0.23,0.7684069443605184,0.7684069443605184,0.7692307692307693
4,352,2.014197788661824,0.7012775895733064,1.29,0.27,0.724197788661824,0.724197788661824,0.7708333333333334
4,360,0.6924896420470061,0.6529946265299754,0.14,0.18,0.5524896420470061,0.5524896420470061,0.4032258064516129
4,370,0.759834782521877,0.6596175446074776,0.61,0.18,0.14983478252187699,0.14983478252187699,0.40425531914893614
4,371,1.0939994191889417,0.7559433270339974,3.33,0.45,-2.2360005808110586,2.2360005808110586,0.2
4,373,1.8895350170541863,0.808183223467526,2.36,0.16,-0.4704649829458136,0.4704649829458136,0.3
4,375,0.9121462854301022,0.6655832498482769,2.62,0.16,-1.707853714569898,1.707853714569898,0.6097560975609756
4,387,1.4832970435370878,0.5908249552779941,1.94,0.17,-0.45670295646291215,0.45670295646291215,0.8928571428571429
4,388,0.5814621514664952,0.6152011848352543,1.5,0.08,-0.9185378485335048,0.9185378485335048,0.39473684210526316
4,391,1.666092676742198,0.7563253281149439,1.42,0.34,0.24609267674219804,0.24609267674219804,0.3333333333333333
4,393,1.8121712587432235,0.5229320148110722,2.22,0.36,-0.4078287412567767,0.4078287412567767,0.8333333333333334
4,394,0.6190205858244271,0.7070856486857452,-0.91,0.12,1.5290205858244272,1.5290205858244272,0.5882352941176471
4,412,0.6706174953169847,0.6092729618719295,0.99,0.11,-0.3193825046830153,0.3193825046830153,0.6129032258064516
4,414,0.4143445446526298,0.5377463417292275,0.39,0.23,0.024344544652629807,0.024344544652629807,0.55
4,416,0.9609959404611482,0.6778037506325708,1.78,0.08,-0.8190040595388518,0.8190040595388518,0.6666666666666666
4,421,0.6447801805764862,0.8539726861145328,2.15,0.23,-1.5052198194235138,1.5052198194235138,0.07142857142857142
4,422,1.5904480314390035,0.6496449234232978,1.75,0.16,-0.15955196856099652,0.15955196856099652,0.5111111111111111
4,426,1.5332843820103497,0.6301196456552393,2.03,0.25,-0.49671561798965014,0.49671561798965014,0.5576923076923077
4,439,0.7119150950652088,0.7353012027658843,1.02,0.22,-0.30808490493479124,0.30808490493479124,0.32608695652173914
4,443,1.0526513426025357,0.6776813219728497,-1.99,0.84,3.042651342602536,3.042651342602536,0.2926829268292683
4,448,1.339215094686701,0.6796232206958837,0.09,0.24,1.2492150946867009,1.2492150946867009,0.47058823529411764
4,456,1.435522356520562,0.694508429870629,0.54,0.12,0.8955223565205619,0.8955223565205619,0.7142857142857143
4,457,1.4967665372241457,0.5708575394146523,0.23,0.27,1.2667665372241457,1.2667665372241457,0.7096774193548387
4,460,1.303809441662741,0.5269826603521185,1.55,0.59,-0.246190558337259,0.246190558337259,0.6060606060606061
4,466,1.1250360653351916,0.6490151568735556,1.24,0.3,-0.11496393466480836,0.11496393466480836,0.7105263157894737
4,470,0.6676350872794874,0.6958710470772719,-0.35,0.22,1.0176350872794875,1.0176350872794875,0.3333333333333333
4,478,1.7141042751677107,0.7216219903281781,1.77,0.08,-0.05589572483228933,0.05589572483228933,0.8490566037735849
4,484,1.9338156793369117,0.6987632010296594,2.18,0.14,-0.24618432066308849,0.24618432066308849,0.5853658536585366
4,486,1.2746624649674978,0.6577978195931815,1.74,0.12,-0.4653375350325022,0.4653375350325022,0.5428571428571428
4,487,1.772001751887581,0.6669848558924059,2.12,0.19,-0.3479982481124191,0.3479982481124191,0.5882352941176471
4,488,1.9012146847175078,0.21246734912019424,1.5,0.24,0.40121468471750776,0.40121468471750776,0.6727272727272727
4,491,1.0110683064735722,0.6859256471941407,1.09,0.24,-0.07893169352642793,0.07893169352642793,0.5806451612903226
4,493,0.49240554007540915,0.6372143528050561,0.77,0.18,-0.27759445992459086,0.27759445992459086,0.54
4,498,1.4440489310418232,0.6356079662143532,0.59,0.23,0.8540489310418232,0.8540489310418232,0.6086956521739131
4,499,0.499820948482783,0.7038403785138994,2.18,0.15,-1.680179051517217,1.680179051517217,0.2962962962962963
4,501,0.8313133458708555,0.7314610702452716,1.3,0.3,-0.46868665412914456,0.46868665412914456,0.4594594594594595
4,502,1.2936723615825985,0.6967406953201244,1.63,0.58,-0.33632763841740143,0.33632763841740143,0.42857142857142855
4,505,0.7929980046736445,0.7380317777040293,0.5,0.15,0.29299800467364445,0.29299800467364445,0.4
4,509,1.3690275040473887,0.5931667119887486,-0.08,0.13,1.4490275040473888,1.4490275040473888,0.7241379310344828
4,510,0.8829612410538727,0.6455057127298753,0.27,0.22,0.6129612410538727,0.6129612410538727,0.5833333333333334
4,515,1.613767367940588,0.6570122283024816,2.04,0.19,-0.4262326320594121,0.4262326320594121,0.7530864197530864
4,519,0.5628020480082284,0.6234660367948388,1.28,0.08,-0.7171979519917716,0.7171979519917716,0.6444444444444445
4,527,1.6793895934658163,0.6924460965542276,0.62,0.1,1.0593895934658164,1.0593895934658164,0.38
4,533,1.911867970017242,0.6568134555544766,0.69,0.13,1.2218679700172421,1.2218679700172421,0.6530612244897959
4,534,1.4383345098450742,0.6351793927476919,1.41,0.15,0.02833450984507424,0.02833450984507424,0.7719298245614035
4,543,1.0000874834228304,0.6110119790932461,0.97,0.15,0.030087483422830408,0.030087483422830408,0.7058823529411765
4,552,1.8108165846634576,0.5173000616197316,1.32,0.29,0.49081658466345757,0.49081658466345757,0.8333333333333334
4,553,0.5746253575500265,0.6179457971403512,0.54,0.13,0.03462535755002649,0.03462535755002649,0.8448275862068966
4,561,1.0551647725799058,0.7277252245826121,2.43,0.14,-1.3748352274200943,1.3748352274200943,0.2826086956521739
4,562,1.4407055587454047,0.6721558114204026,0.62,0.23,0.8207055587454047,0.8207055587454047,0.5789473684210527
4,564,1.180889621809161,0.645610687235261,-0.46,0.1,1.6408896218091609,1.6408896218091609,0.8363636363636363
4,565,0.474507589733036,0.633459947767104,-0.1,0.2,0.574507589733036,0.574507589733036,0.38461538461538464
4,566,1.1505105834930345,0.7031551010389342,0.84,0.24,0.3105105834930345,0.3105105834930345,0.3333333333333333
4,579,1.583230712051858,0.4800663620131387,2.03,0.14,-0.44676928794814175,0.44676928794814175,0.7272727272727273
4,586,1.5389531268215206,0.7808940739441274,1.72,0.45,-0.18104687317847934,0.18104687317847934,0.5263157894736842
4,587,1.9180670570305125,0.6247319905820848,1.55,0.13,0.36806705703051246,0.36806705703051246,0.6666666666666666
4,591,1.4004300377985608,0.6648547374780422,1.2,0.23,0.20043003779856083,0.20043003779856083,0.46296296296296297
4,597,2.040068368864265,0.7445017147009114,1.78,0.1,0.2600683688642651,0.2600683688642651,0.6071428571428571
4,598,1.067727352811323,0.630614160697778,1.35,0.24,-0.2822726471886772,0.2822726471886772,0.7358490566037735
4,599,1.6338473607660973,0.6670255761831015,1.78,0.08,-0.14615263923390276,0.14615263923390276,0.3090909090909091
4,606,1.1407694523567056,0.696157151035769,0.91,0.4,0.23076945235670554,0.23076945235670554,0.5294117647058824
4,609,0.9260277009763775,0.6928735513826838,-0.19,0.68,1.1160277009763775,1.1160277009763775,0.3939393939393939
4,610,1.5396060334878763,0.6727453417656055,2.06,0.22,-0.5203939665121238,0.5203939665121238,0.7941176470588235
4,626,1.3142926995878175,0.5933467575797315,0.97,0.1,0.3442926995878175,0.3442926995878175,0.6545454545454545
4,627,0.6131053752828618,0.6813453514951713,0.01,0.59,0.6031053752828618,0.6031053752828618,0.3103448275862069
4,638,1.3826675272847109,0.6939007378366107,-1.12,0.33,2.5026675272847108,2.5026675272847108,0.675
4,639,0.3145820687661033,0.644240182918463,0.95,0.2,-0.6354179312338967,0.6354179312338967,0.3958333333333333
4,648,1.803466438396423,0.47207134770857884,2.09,0.2,-0.2865335616035769,0.2865335616035769,0.7608695652173914
4,653,2.4261905364741683,0.6953013042568068,2.5,0.13,-0.07380946352583173,0.07380946352583173,0.4827586206896552
4,655,0.7076122560703247,0.6919047164391404,0.3,0.27,0.40761225607032475,0.40761225607032475,0.4909090909090909
4,660,-0.05379508054981641,0.41270655979451965,-0.05,0.58,-0.003795080549816407,0.003795080549816407,1.0
4,662,0.5957950823245375,0.6857937159537731,0.73,0.17,-0.1342049176754625,0.1342049176754625,0.56
4,670,0.7086256737420845,0.58522682073167,0.19,0.39,0.5186256737420845,0.5186256737420845,0.6153846153846154
4,676,1.9145992999654218,0.5802384025773407,2.38,0.24,-0.4654007000345781,0.4654007000345781,0.6666666666666666
4,680,1.4292163879852118,0.6887387065653787,1.94,0.12,-0.5107836120147882,0.5107836120147882,0.6326530612244898
4,686,1.8372020439759589,0.5839063564399897,0.68,0.23,1.1572020439759587,1.1572020439759587,0.7592592592592593
4,688,1.2855554400110523,0.6439697395713504,1.14,0.17,0.14555544001105236,0.14555544001105236,0.7857142857142857
4,691,1.228426309845896,0.6801790367413498,1.93,0.16,-0.7015736901541039,0.7015736901541039,0.5862068965517241
4,693,1.3781431869558958,0.5960842000355911,1.73,0.12,-0.3518568130441042,0.3518568130441042,0.6333333333333333
4,699,1.6241923456756502,0.6308978692135396,2.49,0.16,-0.86580765432435,0.86580765432435,0.4827586206896552
4,706,1.6921664808037002,0.7465186715095343,1.92,0.1,-0.22783351919629968,0.22783351919629968,0.6190476190476191
4,708,1.329597375188162,0.6724471394503772,1.74,0.2,-0.410402624811838,0.410402624811838,0.7608695652173914
4,709,1.0643532017742907,0.6893898793506424,1.18,0.11,-0.11564679822570922,0.11564679822570922,0.59375
4,711,1.5184337233809444,0.6130742428891434,1.9,0.24,-0.3815662766190555,0.3815662766190555,0.631578947368421
4,713,2.280930368881709,0.5409319750041837,2.42,0.14,-0.13906963111829107,0.13906963111829107,0.6140350877192983
4,714,1.8171741722351202,0.7112421487554252,1.56,0.28,0.2571741722351202,0.2571741722351202,0.4576271186440678
4,719,2.229551348498145,0.694817980065834,2.35,0.1,-0.12044865150185524,0.12044865150185524,0.2786885245901639
4,727,1.7754883784574291,0.7267728664121158,2.0,0.41,-0.22451162154257087,0.22451162154257087,0.5
4,729,0.7312936619577479,0.771803051738201,0.45,0.19,0.2812936619577479,0.2812936619577479,0.5909090909090909
4,736,1.1104682657364944,0.6333878223083433,0.79,0.2,0.32046826573649434,0.32046826573649434,0.40384615384615385
4,743,1.312634567664329,0.8016702123473151,0.33,0.37,0.9826345676643289,0.9826345676643289,0.2112676056338028
4,746,0.861962630936644,0.688869732271083,0.28,0.25,0.581962630936644,0.581962630936644,0.4782608695652174
4,749,2.107507772822876,0.7216062144699457,2.37,0.18,-0.26249222717712417,0.26249222717712417,0.5737704918032787
4,764,1.1956575287902291,0.681827860454223,1.97,0.11,-0.7743424712097708,0.7743424712097708,0.8269230769230769
4,768,0.5805421077826378,0.7365562309419175,0.41,0.23,0.17054210778263784,0.17054210778263784,0.37037037037037035
4,772,0.34951099280466,0.7559997340431067,-1.2,0.95,1.54951099280466,1.54951099280466,0.37037037037037035
4,778,1.0905489708539473,0.7810047516135877,2.52,0.47,-1.4294510291460527,1.4294510291460527,0.43478260869565216
4,797,1.2906012114621184,0.6642845904236429,1.9,0.18,-0.6093987885378815,0.6093987885378815,0.7407407407407407
4,800,1.4837234952483616,0.6673458792587257,-0.09,0.26,1.5737234952483616,1.5737234952483616,0.875
4,801,1.4982360992602357,0.5926237178511128,1.48,0.06,0.018236099260235727,0.018236099260235727,0.8367346938775511
4,807,0.9123073707710505,0.7129685812081081,1.58,0.22,-0.6676926292289496,0.6676926292289496,0.391304347826087
4,812,1.0645858732143951,0.7113631084975169,1.76,0.24,-0.6954141267856049,0.6954141267856049,0.5862068965517241
4,818,1.4102865002566343,0.5874841333768022,1.36,0.12,0.05028650025663417,0.05028650025663417,0.5
4,819,1.081343210569903,0.6477481290049742,1.15,0.19,-0.0686567894300969,0.0686567894300969,0.62
4,823,1.3188186177240937,0.5613641475126423,1.07,0.07,0.24881861772409364,0.24881861772409364,0.71875
4,834,1.6768676101742654,0.6319544209958325,2.07,0.06,-0.3931323898257344,0.3931323898257344,0.5
4,842,2.012361219984782,0.7131835616950909,2.32,0.17,-0.30763878001521805,0.30763878001521805,0.6585365853658537
4,844,1.3606668115965663,0.663552130799251,2.25,0.4,-0.8893331884034337,0.8893331884034337,0.6388888888888888
4,859,2.4507344969485203,0.6661432781141278,3.95,1.06,-1.4992655030514799,1.4992655030514799,0.5737704918032787
4,861,1.6028499110211503,0.6317666241753419,1.08,0.19,0.5228499110211502,0.5228499110211502,0.71875
4,862,1.4310845127019025,0.6932242888162069,2.2,0.1,-0.7689154872980977,0.7689154872980977,0.5757575757575758
